12B-cs2,12B-sc2,12B-cs,12B-sc
11.08309,3.56142,4.74561,22.51252
11.08808,3.56508,4.74989,22.51604
11.09091,3.56762,4.75333,22.51998
11.09587,3.57136,4.75848,22.52374
11.0984,3.57456,4.76328,22.52612
11.10534,3.57768,54.76642,22.53002
11.10887,3.58152,4.9378,22.53392
11.11284,3.58472,4.7753,22.53596
11.11822,3.5887,4.77881,22.54066
11.12174,3.59326,4.78346,22.54362
11.1269,3.59506,4.78934,22.5472
11.13083,3.5998,4.79168,22.5503
11.13422,3.60256,4.79873,22.554
11.13898,3.6056,4.80232,22.55788
11.14362,3.61036,4.80757,22.55958
11.14872,3.61282,4.81228,22.5641
11.15418,3.61676,4.81634,22.56784
11.158,3.62012,4.81881,22.57018
11.16142,3.62378,4.82476,22.57448
11.16584,3.62754,4.82959,22.57704
11.17154,3.6301,4.83231,22.5812
11.17654,3.6339,4.8383,22.58518
11.17916,3.63648,4.84145,22.5882
11.18356,3.64096,4.84624,22.59232
11.18811,3.64458,4.85133,22.5956
11.19445,3.64648,4.85528,22.59858
11.19817,3.65134,4.86049,22.60212
11.2031,3.65438,4.86494,22.60572
11.20522,3.65854,4.8679,22.609
11.21059,3.66222,4.8722,22.61248
11.21442,3.66404,4.87625,22.61632
11.21845,3.66814,4.88119,22.61924
11.22401,3.6708,4.8856,22.62244
11.22789,3.67504,4.89151,22.62674
11.23203,3.67952,4.89611,22.62918
11.23938,3.68194,4.90068,22.6329
11.24108,3.6855,4.90345,22.63664
11.24607,3.68864,4.90822,22.63928
11.24938,3.69264,4.91105,22.64416
11.2562,3.69568,4.91711,22.64596
11.26056,3.69822,4.92113,22.65046
11.26605,3.70388,4.92754,22.65368
11.26897,3.70606,4.92955,22.657
11.27168,3.71024,4.93576,22.6615
11.27793,3.7138,4.93941,22.66356
11.28355,3.71606,4.94215,22.66752
11.28682,3.72096,4.94947,22.67058
11.29012,3.72346,4.95236,22.67406
11.29627,3.72702,4.95799,22.679
11.29905,3.73016,4.96098,22.68152
11.30506,3.73348,4.96643,22.68528
11.30811,3.7384,4.96959,22.68772
11.31256,3.74114,4.97401,22.6928
11.31753,3.74372,4.97948,22.69582
11.32318,3.74816,4.98463,22.6989
11.32649,3.75042,4.98748,22.70236
11.33119,3.75426,4.99148,22.70558
11.3348,3.7572,4.99648,22.70874
11.33924,3.76144,5.00196,22.71326
11.34455,3.7656,5.00619,22.71548
11.34962,3.7673,5.01039,22.72016
11.35209,3.77228,5.01563,22.72312
11.35762,3.77456,5.02049,22.72688
11.3632,3.77868,5.023,22.73064
11.36449,3.78226,5.02887,22.73294
11.37046,3.78554,5.03298,22.73712
11.37573,3.78922,5.03707,22.7398
11.37974,3.79268,5.04153,22.74356
11.38404,3.7956,5.04691,22.74706
11.38949,3.79926,5.05099,22.75078
11.391,3.80286,5.05492,22.75388
11.39712,3.80628,5.05917,22.75636
11.40039,3.80928,5.06462,22.76086
11.40712,3.81348,5.06875,22.765
11.41073,3.81712,5.07294,22.76806
11.41566,3.82012,5.07769,22.77176
11.42046,3.8241,5.08104,22.77376
11.42396,3.82694,5.08491,22.77764
11.42672,3.83124,5.09071,22.78302
11.43123,3.8337,5.09423,22.78514
11.43636,3.8378,5.09862,22.78882
11.44137,3.84082,5.10313,22.79142
11.44505,3.84402,5.10959,22.79542
11.45244,3.84816,5.11342,22.7997
11.4541,3.8515,5.11603,22.80188
11.45838,3.85484,5.1207,22.80554
11.46251,3.85822,5.12605,22.80864
11.46777,3.8615,5.1297,22.81214
11.47133,3.86514,5.13639,22.81666
11.47739,3.86944,5.13804,22.81966
11.48144,3.87234,5.1429,22.82362
11.48575,3.87638,5.14778,22.8266
11.49106,3.87834,5.15277,22.8305
11.4962,3.88214,5.15676,22.83342
11.49835,3.88618,5.16017,22.83694
11.50476,3.8886,5.16471,22.84036
11.50798,3.89234,5.17101,22.8432
11.51313,3.89602,5.17341,22.8473
11.51689,3.9,5.17834,22.85136
11.52223,3.90362,5.18227,22.85468
11.52474,3.90588,5.18829,22.85858
11.53065,3.91056,5.19263,22.86024
11.53359,3.91222,5.1957,22.86476
11.53819,3.91676,5.20152,22.86838
11.54296,3.92054,5.20561,22.87138
11.54734,3.92408,5.20907,22.87464
11.55087,3.92648,5.21469,22.87862
11.55719,3.92968,5.21875,22.88122
11.56014,3.9344,5.22404,22.88604
11.56678,3.93772,5.22815,22.8884
11.57075,3.94076,5.23295,22.8923
11.57342,3.94444,5.23553,22.89598
11.57983,3.94676,5.24062,22.89904
11.58269,3.95104,5.24509,22.90386
11.58719,3.95528,5.25006,22.90614
11.59399,3.95832,5.25429,22.91014
11.59544,3.9617,5.25953,22.91352
11.59989,3.96474,5.2619,22.91612
11.60499,3.96828,5.26925,22.9201
11.61116,3.97276,5.27078,22.92298
11.61495,3.975,5.27549,22.9264
11.61738,3.97964,5.28153,22.92896
11.62311,3.98236,5.28536,22.93478
11.62933,3.98648,5.29093,22.93776
11.63319,3.99006,5.29323,22.94116
11.63799,3.99272,5.29851,22.94424
11.64215,3.99634,5.30256,22.94738
11.64432,3.9991,5.30851,22.95048
11.65078,4.00264,5.31283,22.95524
11.65291,4.00796,5.31552,22.95818
11.65689,4.01022,5.3209,22.96172
11.66237,4.01472,5.32485,22.96482
11.66682,4.0165,5.32881,22.969
11.67185,4.02098,5.33498,22.97216
11.67558,4.02412,5.33917,22.97502
11.68129,4.02774,5.34258,22.97836
11.68554,4.0312,5.34833,22.9821
11.68867,4.03456,5.35252,22.98594
11.6938,4.0384,5.35768,22.99036
11.69927,4.04192,5.36197,22.9917
11.70353,4.04406,5.36584,22.99576
11.70653,4.04884,5.36907,22.99932
11.71306,4.05148,5.37304,23.00352
11.71562,4.05452,5.37801,23.0072
11.71987,4.05906,5.38378,23.01022
11.72486,4.06148,5.38778,23.01386
11.72912,4.06618,5.39335,23.01654
11.73387,4.06958,5.39447,23.02076
11.73909,4.07242,5.40052,23.02494
11.7431,4.07602,5.40406,23.02664
11.74868,4.0788,5.4091,23.0307
11.75368,4.08308,5.41284,23.03308
11.75538,4.0855,5.41911,23.03676
11.76177,4.0897,5.4234,23.04126
11.76566,4.09328,5.42639,23.04426
11.77108,4.09694,5.43293,23.04792
11.7748,4.101,5.4379,23.05042
11.77876,4.10346,5.44158,23.0548
11.78199,4.10722,5.44539,23.0587
11.78772,4.11176,5.44983,23.06082
11.79077,4.1136,5.4541,23.0652
11.79728,4.11768,5.45805,23.06798
11.7999,4.12032,5.46216,23.07262
11.80598,4.1242,5.46758,23.07688
11.80993,4.12816,5.47066,23.07836
11.81287,4.1305,5.47758,23.08272
11.81746,4.13514,5.48018,23.08542
11.82247,4.13836,5.48438,23.08932
11.82833,4.14154,5.48933,23.09346
11.83192,4.14574,5.49396,23.09564
11.8356,4.14756,5.4983,23.10062
11.83959,4.15154,5.50398,23.10348
11.84484,4.15532,5.50584,23.10708
11.84988,4.15948,5.51086,23.11002
11.8532,4.16276,5.51705,23.11344
11.85866,4.16562,5.52026,23.11666
11.8623,4.16978,5.52611,23.12126
11.8676,4.1723,5.52936,23.125
11.87228,4.17556,5.5345,23.12832
11.87625,4.18054,5.53923,23.13128
11.88106,4.18246,5.544,23.13548
11.88455,4.1879,5.5486,23.13702
11.88964,4.19006,5.55279,23.14246
11.8937,4.1943,5.55535,23.14498
11.89776,4.1971,5.56149,23.14806
11.90143,4.19992,5.564,23.1517
11.9066,4.20432,5.57006,23.15538
11.91167,4.2073,5.57451,23.15928
11.91617,4.2105,5.57793,23.1626
11.92097,4.2153,5.58346,23.16524
11.92458,4.21684,5.58588,23.1687
11.92951,4.2211,5.59206,23.1714
11.9334,4.22358,5.59579,23.17578
11.93816,4.2284,5.60022,23.1792
11.94297,4.2318,5.6059,23.18344
11.94629,4.23558,5.60948,23.18666
11.95084,4.2374,5.6128,23.18928
11.95608,4.2424,5.61686,23.19268
11.95958,4.24502,5.6224,23.19714
11.96412,4.24846,5.62673,23.1996
11.96961,4.25182,5.63184,23.20322
11.9737,4.2566,5.63513,23.20664
11.97646,4.25822,5.63946,23.21088
11.98163,4.26276,5.64374,23.21486
11.98628,4.26634,5.64986,23.21738
11.9918,4.26954,5.65458,23.2201
11.99613,4.27222,5.65763,23.22426
12.00036,4.27592,5.66328,23.22782
12.00435,4.27952,5.66862,23.23266
12.00813,4.28374,5.67252,23.23448
12.01447,4.28592,5.67576,23.23728
12.0185,4.2904,5.68135,23.24156
12.02267,4.29338,5.68487,23.24546
12.0258,4.29724,5.68923,23.24902
12.03174,4.30056,5.69313,23.25218
12.0362,4.30424,5.69797,23.25518
12.03957,4.30682,5.70204,23.25854
12.04553,4.3109,5.70645,23.26166
12.0481,4.31424,5.71072,23.26678
12.0531,4.3179,5.71516,23.269
12.05814,4.32132,5.71996,23.27334
12.06368,4.3247,5.72444,23.2749
12.06668,4.32778,5.72999,23.27964
12.07004,4.33112,5.73439,23.28378
12.07575,4.33544,5.73877,23.28678
12.07967,4.33822,5.74138,23.28992
12.08552,4.34242,5.74626,23.29262
12.08874,4.34572,5.75223,23.29646
12.09437,4.34876,5.75573,23.30176
12.09768,4.3532,5.76112,23.30328
12.10307,4.35576,5.76568,23.30832
12.1052,4.35996,5.76888,23.31054
12.11001,4.36276,5.77406,23.31402
12.11477,4.3666,5.77689,23.31782
12.12006,4.3707,5.78389,23.32158
12.12474,4.3726,5.78734,23.32446
12.12839,4.37726,5.79214,23.3283
12.13279,4.37992,5.79567,23.33102
12.13875,4.38384,5.80101,23.33578
12.14292,4.38812,5.80526,23.33866
12.14609,4.39002,5.80971,23.34202
12.15096,4.39446,5.81231,23.34492
12.15481,4.3969,5.81742,23.34806
12.15893,4.4017,5.82052,23.35294
12.16325,4.40466,5.8267,23.35618
12.16933,4.4074,5.83243,23.35958
12.17398,4.41108,5.83601,23.3628
12.17742,4.41438,5.84054,23.3659
12.18224,4.41788,5.8455,23.37018
12.18747,4.42226,5.84948,23.37302
12.19068,4.42472,5.85253,23.3766
12.19458,4.4285,5.85685,23.37956
12.19942,4.4317,5.86151,23.38334
12.2029,4.43542,5.86727,23.3879
12.20958,4.43882,5.87044,23.38976
12.21397,4.44238,5.87501,23.3947
12.21809,4.4449,5.87947,23.3962
12.22201,4.44824,5.88521,23.40038
12.22721,4.4527,5.88759,23.40512
12.22923,4.45642,5.89313,23.40676
12.23366,4.45938,5.89739,23.41224
12.24007,4.46266,5.90202,23.41426
12.24382,4.46576,5.90639,23.4188
12.2489,4.46976,5.91056,23.42254
12.25319,4.47354,5.91455,23.42508
12.25798,4.47736,5.91907,23.4283
12.26194,4.48112,5.92443,23.43108
12.26728,4.48292,5.9295,23.436
12.26902,4.48696,5.93197,23.43908
12.27639,4.4918,5.93575,23.44234
12.27828,4.4945,5.94272,23.44536
12.2838,4.49776,5.94665,23.44884
12.28925,4.5006,5.95101,23.45356
12.29191,4.50416,5.9558,23.4567
12.2972,4.50834,5.9599,23.4592
12.30267,4.51146,5.96522,23.46228
12.30633,4.5149,5.96763,23.46568
12.31165,4.51804,5.97328,23.4696
12.31399,4.52172,5.97824,23.47336
12.31847,4.52534,5.98346,23.47598
12.32212,4.5287,5.98587,23.4806
12.32837,4.5324,5.98957,23.48336
12.33278,4.53502,5.99412,23.48648
12.33786,4.53896,6.00056,23.49136
12.34251,4.54232,6.00354,23.4939
12.34572,4.54574,6.0099,23.49756
12.35011,4.5504,6.01196,23.50062
12.35388,4.55222,6.01738,23.50468
12.35835,4.55612,6.02203,23.50746
12.36348,4.56038,6.02559,23.51032
12.36695,4.56336,6.03192,23.51436
12.37274,4.5664,6.03609,23.5178
12.37714,4.57,6.04098,23.5215
12.38142,4.57422,6.04416,23.5265
12.38576,4.57832,6.04951,23.52854
12.39107,4.5805,6.05145,23.53212
12.39543,4.58324,6.05776,23.53504
12.39855,4.5874,6.06141,23.53974
12.40406,4.5912,6.06574,23.54338
12.40756,4.59452,6.07077,23.54514
12.41242,4.5976,6.07407,23.54916
12.41634,4.60106,6.08003,23.55158
12.42147,4.60544,6.08422,23.5573
12.42489,4.6087,6.09028,23.5602
12.43099,4.61194,6.09296,23.56366
12.43528,4.61396,6.09594,23.56702
12.43837,4.61774,6.10132,23.56994
12.44451,4.62228,6.10523,23.57328
12.4474,4.62458,6.10988,23.5779
12.45408,4.62978,6.11612,23.5796
12.45685,4.63202,6.12066,23.58478
12.46101,4.6356,6.12341,23.58702
12.46533,4.63888,6.12952,23.59058
12.47169,4.6428,6.13326,23.5948
12.4758,4.64688,6.13727,23.59732
12.48021,4.64874,6.14114,23.60118
12.4826,4.65362,6.14527,23.60378
12.48958,4.65624,6.1493,23.60808
12.49253,4.65968,6.1554,23.6129
12.49587,4.66286,6.15941,23.61426
12.50037,4.66638,6.16412,23.61786
12.5045,4.67098,6.16811,23.6216
12.5094,4.67324,6.17346,23.62646
12.51397,4.67668,6.17723,23.62844
12.51931,4.6806,6.1814,23.63228
12.52304,4.6835,6.18576,23.63548
12.52877,4.6864,6.18989,23.63902
12.53126,4.69008,6.19475,23.64152
12.53541,4.69394,6.19852,23.64692
12.54072,4.69868,6.20477,23.64996
12.54481,4.70072,6.20672,23.65322
12.55052,4.70578,6.21172,23.65614
12.55531,4.70718,6.21583,23.65958
12.55812,4.71052,6.22224,23.66418
12.56324,4.71454,6.22538,23.6667
12.56941,4.71784,6.23026,23.6706
12.57226,4.7219,6.23493,23.67384
12.57747,4.72518,6.23881,23.67704
12.58199,4.72872,6.24435,23.68162
12.58539,4.73296,6.24888,23.68402
12.5891,4.73466,6.25332,23.6877
12.59489,4.73924,6.25652,23.69032
12.59987,4.74166,6.26135,23.6945
12.60447,4.74558,6.26679,23.69894
12.60812,4.7504,6.26989,23.7006
12.61115,4.75308,6.27554,23.70498
12.61776,4.75636,6.28056,23.70746
12.62253,4.75932,6.28298,23.71102
12.62524,4.7633,6.28799,23.71616
12.63055,4.7674,6.29367,23.71888
12.63519,4.77032,6.29738,23.72246
12.63934,4.77318,6.30164,23.7246
12.64336,4.77694,6.30582,23.72944
12.64707,4.78038,6.31012,23.73308
12.65137,4.78394,6.31362,23.73712
12.65619,4.7879,6.31769,23.73904
12.6604,4.7906,6.32426,23.74318
12.66574,4.79312,6.32649,23.74532
12.66828,4.79728,6.33335,23.75088
12.67502,4.801,6.33671,23.75308
12.67763,4.80332,6.34132,23.75666
12.68378,4.80882,6.34469,23.75884
12.68778,4.8109,6.34883,23.76396
12.69217,4.81486,6.35403,23.7675
12.69664,4.8185,6.35859,23.76946
12.70121,4.82136,6.36265,23.77408
12.70505,4.82466,6.36843,23.77784
12.7109,4.8277,6.37294,23.7807
12.71322,4.83184,6.37776,23.78482
12.71806,4.8367,6.38019,23.7872
12.72175,4.83862,6.38602,23.79176
12.728,4.84178,6.3903,23.79478
12.73202,4.84576,6.39299,23.79886
12.73686,4.84878,6.39826,23.80244
12.73991,4.85318,6.40277,23.8054
12.74635,4.8562,6.40748,23.80832
12.75125,4.8597,6.41176,23.81184
12.75463,4.8625,6.41779,23.81488
12.7578,4.86682,6.42254,23.81896
12.76297,4.87052,6.42525,23.82236
12.76697,4.8741,6.43131,23.82626
12.77305,4.87778,6.43387,23.8278
12.77412,4.88118,6.43791,23.83212
12.7791,4.88442,6.44233,23.83628
12.78576,4.8875,6.44855,23.83944
12.78843,4.89072,6.45209,23.84288
12.79332,4.8946,6.45577,23.84614
12.79793,4.89778,6.4598,23.84994
12.80204,4.90196,6.4649,23.85402
12.80637,4.90498,6.46936,23.8575
12.81043,4.90776,6.47328,23.86084
12.81475,4.91218,6.47978,23.86306
12.82066,4.9153,6.4842,23.86782
12.82636,4.91884,6.48757,23.87104
12.82995,4.9226,6.49075,23.87348
12.83338,4.92532,6.49521,23.8778
12.83841,4.9299,6.50055,23.88136
12.84367,4.93244,6.50434,23.88418
12.84564,4.93648,6.50978,23.8882
12.85152,4.93986,6.51488,23.89204
12.85672,4.94324,6.51814,23.89544
12.86103,4.94756,6.52314,23.89812
12.86423,4.94942,6.52763,23.90154
12.86874,4.95342,6.53059,23.9059
12.87281,4.9576,6.53608,23.9085
12.87634,4.9607,6.54174,23.91194
12.8837,4.96412,6.54643,23.91516
12.88845,4.96632,6.55037,23.91916
12.89143,4.97038,6.55379,23.92274
12.89616,4.97508,6.55814,23.92624
12.89973,4.97702,6.5636,23.92914
12.9042,4.98118,6.56889,23.93282
12.90959,4.9843,6.57325,23.93642
12.91413,4.98868,6.57489,23.93958
12.91723,4.9914,6.58139,23.94378
12.9222,4.9949,6.58477,23.94676
12.9274,4.99826,6.59073,23.95004
12.93105,5.00166,6.59449,23.95442
12.93508,5.00544,6.59926,23.95792
12.94165,5.0095,6.60324,23.95982
12.94553,5.01332,6.60827,23.96424
12.94984,5.01626,6.61276,23.9669
12.95207,5.01822,6.61626,23.97116
12.95976,5.02218,6.61907,23.975
12.9627,5.02642,6.62544,23.9778
12.96591,5.02946,6.63009,23.98202
12.97128,5.03284,6.63386,23.98544
12.97539,5.03584,6.63887,23.98846
12.98116,5.0398,6.6426,23.99222
12.98519,5.04282,6.64734,23.99484
12.98834,5.04632,6.65179,23.99998
12.99181,5.05006,6.65777,24.00234
12.9977,5.05314,6.66184,24.00546
13.00361,5.05722,6.66341,24.00898
13.00485,5.06124,6.66806,24.01206
13.01246,5.0641,6.67272,24.0158
13.01626,5.06814,6.67903,24.01856
13.01927,5.0711,6.6824,24.02212
13.02291,5.07454,6.68867,24.02648
13.02838,5.07804,6.69166,24.03016
13.03264,5.08138,6.69532,24.03342
13.03726,5.08422,6.70001,24.0367
13.04121,5.08788,6.70433,24.03976
13.04554,5.09168,6.71046,24.04476
13.0508,5.09482,6.71281,24.04706
13.05535,5.09836,6.71934,24.051
13.0609,5.10184,6.72142,24.05308
13.06465,5.10474,6.72735,24.05686
13.06816,5.10808,6.73037,24.06194
13.07165,5.11278,6.73596,24.06486
13.07647,5.11634,6.73939,24.06832
13.08224,5.12012,6.74437,24.07102
13.08494,5.12268,6.75036,24.07478
13.09079,5.12692,6.75492,24.07924
13.09718,5.12954,6.75893,24.08154
13.10131,5.13364,6.76307,24.08478
13.10338,5.13652,6.76661,24.08858
13.10847,5.14064,6.77221,24.09134
13.112,5.14412,6.77621,24.09612
13.11638,5.14718,6.78043,24.09916
13.12285,5.1502,6.7864,24.10316
13.12533,5.15418,6.78816,24.10532
13.13041,5.15664,6.79476,24.10924
13.13591,5.16114,6.79756,24.11292
13.13885,5.16466,6.80188,24.11556
13.14576,5.1669,6.80606,24.11908
13.14853,5.17092,6.81033,24.12266
13.15275,5.17484,6.81696,24.12692
13.15654,5.17772,6.8194,24.13072
13.16083,5.18184,6.82352,24.13368
13.16573,5.1853,6.83053,24.13704
13.16956,5.18868,6.83452,24.14004
13.17489,5.19112,6.8386,24.14374
13.1783,5.19538,6.84363,24.14756
13.18519,5.19906,6.84789,24.14996
13.18883,5.20166,6.85095,24.15574
13.19251,5.20626,6.8559,24.1577
13.19625,5.2094,6.86148,24.16126
13.20146,5.21164,6.86337,24.16486
13.20552,5.21656,6.86742,24.16746
13.20969,5.21902,6.87424,24.17094
13.21402,5.22318,6.87755,24.17424
13.21992,5.22626,6.88149,24.17822
13.22352,5.2297,6.88742,24.18234
13.22848,5.23454,6.89007,24.18542
13.23289,5.2363,6.89546,24.18798
13.23848,5.24042,6.90096,24.19206
13.24231,5.24306,6.90586,24.19522
13.24475,5.2469,6.91002,24.19994
13.25027,5.25132,6.91272,24.20248
13.25528,5.25362,6.91729,24.2067
13.25964,5.25856,6.92132,24.20836
13.26241,5.26034,6.92741,24.213
13.26719,5.2647,6.93128,24.21686
13.27193,5.26854,6.93476,24.22014
13.27739,5.27196,6.94059,24.22364
13.28206,5.27564,6.94377,24.22604
13.28615,5.27784,6.95006,24.23104
13.28905,5.28208,6.95475,24.23424
13.29442,5.28528,6.95816,24.23662
13.29943,5.28886,6.96121,24.24156
13.30413,5.29272,6.96694,24.24292
13.30752,5.29546,6.9705,24.24826
13.31147,5.30006,6.97423,24.25086
13.31654,5.30344,6.97842,24.25354
13.3219,5.3061,6.98407,24.25776
13.32706,5.31028,6.98963,24.2612
13.33056,5.31346,6.99329,24.26576
13.33382,5.31626,6.99672,24.26886
13.33959,5.32014,7.00136,24.2722
13.34172,5.32306,7.00604,24.27464
13.34908,5.32724,7.01032,24.27896
13.35267,5.32954,7.01596,24.2827
13.35744,5.33334,7.0199,24.28528
13.36117,5.3381,7.0243,24.2883
13.36697,5.3408,7.02954,24.29292
13.37189,5.34444,7.03443,24.29536
13.37298,5.34724,7.03746,24.29956
13.3786,5.35086,7.04308,24.30334
13.38484,5.35492,7.04594,24.30622
13.38884,5.35706,7.05132,24.31002
13.39359,5.36174,7.05416,24.31174
13.39597,5.36386,7.06026,24.31784
13.40007,5.36754,7.06333,24.32076
13.40606,5.37208,7.06989,24.3232
13.4111,5.37504,7.07266,24.32762
13.41433,5.3776,7.0772,24.33038
13.41952,5.3816,7.08244,24.33348
13.42459,5.38476,7.08698,24.3379
13.4282,5.38848,7.09175,24.34098
13.43316,5.3922,7.09578,24.34432
13.43757,5.39676,7.09909,24.34708
13.43961,5.39922,7.10521,24.35114
13.44468,5.40228,7.1091,24.35592
13.44961,5.40632,7.11406,24.35778
13.45494,5.40868,7.11808,24.36094
13.45909,5.41352,7.12135,24.36502
13.46225,5.41706,7.12593,24.36892
13.46869,5.41986,7.13046,24.37338
13.47187,5.42406,7.13514,24.37568
13.47613,5.42634,7.13909,24.37894
13.48198,5.43016,7.14314,24.3817
13.48503,5.4333,7.14893,24.38624
13.49079,5.43688,7.15452,24.3894
13.4954,5.44048,7.15843,24.39236
13.50003,5.44416,7.16153,24.39604
13.50209,5.44854,7.165,24.3992
13.50704,5.45052,7.17037,24.40318
13.51098,5.45406,7.17443,24.40738
13.5152,5.45846,7.17932,24.40918
13.52029,5.46076,7.18559,24.41296
13.52608,5.4641,7.18898,24.41602
13.52989,5.46718,7.19295,24.42036
13.53369,5.47114,7.19723,24.4246
13.53941,5.4748,7.20233,24.42734
13.54331,5.47762,7.20469,24.4312
13.54695,5.48254,7.21122,24.43466
13.55174,5.4842,7.2149,24.4374
13.55575,5.48908,7.21913,24.44192
13.56149,5.49274,7.22388,24.4446
13.56554,5.4959,7.22723,24.44834
13.56976,5.49886,7.2334,24.4512
13.57352,5.50276,7.23815,24.45454
13.57938,5.50554,7.24222,24.45924
13.58261,5.51028,7.24699,24.4609
13.58894,5.51302,7.25098,24.46574
13.59251,5.51674,7.25402,24.46902
13.59776,5.52,7.26081,24.47234
13.60154,5.52306,7.26378,24.47602
13.60612,5.52682,7.26814,24.47922
13.61086,5.52988,7.27383,24.48228
13.61346,5.53454,7.27748,24.48538
13.6201,5.53682,7.28043,24.48906
13.62178,5.54062,7.28421,24.49354
13.6284,5.5442,7.29026,24.49652
13.63267,5.54696,7.29366,24.49918
13.63595,5.55078,7.30056,24.50296
13.64034,5.55398,7.30335,24.50682
13.64546,5.55794,7.30973,24.5105
13.64962,5.56144,7.31248,24.5134
13.65318,5.56422,7.31721,24.51678
13.65973,5.56894,7.3224,24.52082
13.66403,5.57092,7.32719,24.52438
13.66621,5.57446,7.32902,24.5286
13.67163,5.57858,7.3358,24.53118
13.6773,5.58158,7.34009,24.53376
13.68029,5.58574,7.34482,24.53698
13.68591,5.58886,7.34706,24.54048
13.69007,5.59314,7.35346,24.5461
13.69466,5.5969,7.35663,24.5477
13.69944,5.59866,7.36124,24.55228
13.70298,5.6035,7.36486,24.55518
13.70793,5.60582,7.37047,24.55892
13.71204,5.61054,7.37391,24.56212
13.71644,5.614,7.37775,24.56508
13.71944,5.61674,7.38414,24.569
13.72436,5.62092,7.38749,24.57172
13.73027,5.62362,7.39293,24.57606
13.73255,5.62668,7.39747,24.57998
13.73827,5.63094,7.39997,24.58166
13.74343,5.63294,7.40492,24.58658
13.74541,5.6386,7.40937,24.58896
13.74984,5.64124,7.41503,24.59288
13.75541,5.64472,7.41957,24.59662
13.75918,5.64776,7.42193,24.60004
13.76449,5.65056,7.42944,24.60392
13.76978,5.65472,7.43297,24.6068
13.77369,5.65796,7.43509,24.61074
13.77929,5.66134,7.44186,24.61396
13.78369,5.66586,7.44402,24.61672
13.78641,5.66864,7.45137,24.62064
13.79098,5.67216,7.45297,24.6234
13.79574,5.67496,7.45803,24.62838
13.80047,5.67938,7.4645,24.63196
13.80325,5.683,7.46767,24.63498
13.80908,5.68582,7.47297,24.63744
13.8136,5.68996,7.47625,24.6418
13.81701,5.69168,7.48229,24.6461
13.82278,5.69612,7.48622,24.6497
13.82837,5.70048,7.4904,24.65154
13.8322,5.70312,7.49358,24.6554
13.83534,5.7066,7.49947,24.65878
13.83987,5.70972,7.50314,24.66338
13.8444,5.71406,7.50766,24.66604
13.84961,5.71818,7.51289,24.66842
13.85321,5.72038,7.51639,24.67262
13.85692,5.72324,7.52136,24.67546
13.86118,5.72624,7.52603,24.67988
13.86685,5.73082,7.5309,24.684
13.86991,5.73468,7.53461,24.68684
13.87401,5.73654,7.53906,24.6911
13.87965,5.7413,7.54174,24.69298
13.88488,5.74384,7.54877,24.6968
13.88766,5.7477,7.55085,24.7004
13.89172,5.7512,7.558,24.70304
13.89837,5.75524,7.5603,24.70742
13.90271,5.75884,7.56616,24.71054
13.90543,5.76122,7.56942,24.71378
13.91049,5.76536,7.57565,24.71832
13.91594,5.76896,7.57758,24.72024
13.92065,5.77194,7.58178,24.72396
13.92468,5.7766,7.58818,24.72818
13.92831,5.77906,7.59148,24.73196
13.93208,5.78228,7.5949,24.73506
13.93705,5.78588,7.60157,24.73842
13.94124,5.78932,7.60444,24.74176
13.9466,5.79318,7.61064,24.74464
13.95143,5.79618,7.61426,24.7486
13.95567,5.7997,7.61749,24.75266
13.96085,5.8041,7.62364,24.75512
13.96471,5.80634,7.62612,24.75966
13.96732,5.81034,7.63258,24.76222
13.97147,5.814,7.63586,24.76628
13.97898,5.81676,7.63948,24.77068
13.98257,5.82132,7.64557,24.77298
13.98756,5.82412,7.65059,24.77676
13.99094,5.82782,7.65268,24.77866
13.99608,5.83062,7.6571,24.78322
13.9987,5.83436,7.66445,24.78688
14.00392,5.83854,7.66859,24.78994
14.00914,5.84032,7.67162,24.79382
14.01238,5.84456,7.67633,24.79626
14.01677,5.84854,7.67931,24.80046
14.02095,5.85112,7.68354,24.80418
14.02593,5.85562,7.68812,24.80712
14.02971,5.85902,7.69297,24.81012
14.03584,5.8618,7.698,24.81468
14.04009,5.86518,7.70232,24.81804
14.04322,5.8694,7.70926,24.82098
14.04709,5.87286,7.71099,24.82404
14.05225,5.87612,7.71714,24.82914
14.05786,5.87928,7.72076,24.83076
14.06051,5.88264,7.72628,24.83514
14.06564,5.8866,7.73095,24.83854
14.06916,5.88964,7.73407,24.84118
14.07418,5.89246,7.73775,24.84562
14.08037,5.89618,7.74196,24.84792
14.08365,5.89996,7.74615,24.85126
14.08926,5.9041,7.75232,24.85598
14.0911,5.90786,7.75462,24.85926
14.09713,5.91012,7.76244,24.8631
14.10318,5.91418,7.76638,24.8663
14.10512,5.91704,7.77009,24.86964
14.10936,5.92118,7.77373,24.87328
14.1147,5.92458,7.77807,24.87678
14.12013,5.9273,7.78406,24.87954
14.1231,5.9313,7.78826,24.88362
14.12759,5.93524,7.79116,24.88658
14.13325,5.9379,7.79457,24.89062
14.13673,5.9422,7.80092,24.89338
14.1422,5.94494,7.80391,24.89822
14.14644,5.94916,7.80767,24.89964
14.14906,5.95168,7.81378,24.90418
14.15373,5.956,7.81904,24.908
14.15925,5.95948,7.82319,24.9112
14.16405,5.9626,7.82549,24.9142
14.16704,5.96602,7.82992,24.9181
14.17266,5.96838,7.83482,24.92078
14.17609,5.97302,7.83911,24.92562
14.18261,5.9764,7.84533,24.92762
14.18663,5.97952,7.84916,24.93234
14.19053,5.98396,7.85336,24.93424
14.19402,5.98648,7.85915,24.93868
14.19982,5.99052,7.86297,24.94316
14.20396,5.99402,7.86721,24.94604
14.20799,5.99684,7.87072,24.94972
14.2133,6.0007,7.87664,24.95164
14.21704,6.00398,7.88018,24.95624
14.22087,6.00796,7.88371,24.9603
14.22684,6.01192,7.88894,24.96232
14.23065,6.0142,7.89305,24.967
14.23547,6.01698,7.89783,24.96884
14.23919,6.02072,7.90155,24.97374
14.24462,6.0248,7.90749,24.9782
14.24779,6.0287,7.9114,24.98078
14.25358,6.03106,7.91551,24.98308
14.25502,6.03444,7.91865,24.98708
14.26025,6.03768,7.92488,24.99058
14.26419,6.04114,7.92903,24.99522
14.26886,6.04584,7.93455,24.99664
14.27364,6.04864,7.93912,25.00194
14.27825,6.05242,7.9415,25.0039
14.28467,6.05544,7.94654,25.00768
14.28683,6.05886,7.95028,25.01286
14.29099,6.0632,7.95502,25.0153
14.29714,6.06628,7.96074,25.01898
14.30028,6.0703,7.96513,25.0216
14.30395,6.07272,7.96932,25.0255
14.30968,6.07564,7.97349,25.02932
14.31401,6.08024,7.97914,25.03178
14.32037,6.0826,7.98162,25.03544
14.32483,6.08656,7.98555,25.03832
14.32697,6.0896,7.99017,25.04214
14.33163,6.09322,7.99547,25.04704
14.33807,6.09676,7.99948,25.04906
14.34169,6.1002,8.00398,25.05298
14.34531,6.10346,8.00873,25.05614
14.35015,6.1069,8.01314,25.06062
14.35576,6.1113,8.01758,25.06378
14.35726,6.115,8.02314,25.06648
14.36353,6.11714,8.02607,25.06994
14.36781,6.12168,8.03096,25.07324
14.37285,6.12326,8.03532,25.07754
14.3766,6.1278,8.04045,25.08142
14.38053,6.13242,8.04278,25.08384
14.38523,6.1341,8.04812,25.08722
14.38892,6.13918,8.05249,25.09036
14.39423,6.14264,8.05671,25.09422
14.39779,6.14524,8.06213,25.09852
14.40332,6.14952,8.06751,25.10092
14.40589,6.15186,8.07214,25.10592
14.41225,6.15576,8.07612,25.10754
14.41543,6.15876,8.0784,25.1117
14.42161,6.16328,8.0853,25.11594
14.4248,6.16664,8.08823,25.11888
14.43018,6.1694,8.09217,25.12202
14.43458,6.17366,8.09779,25.12604
14.43917,6.17616,8.10088,25.1296
14.44291,6.1796,8.10769,25.13292
14.44819,6.18394,8.11229,25.13608
14.45245,6.1869,8.11574,25.14032
14.45668,6.19038,8.11912,25.14262
14.46126,6.19326,8.12294,25.14664
14.46558,6.19798,8.12745,25.1496
14.46832,6.20068,8.13464,25.15308
14.47536,6.2036,8.13864,25.1565
14.47718,6.20806,8.14154,25.1599
14.48211,6.21142,8.14587,25.1631
14.48706,6.21442,8.15191,25.16746
14.49203,6.21826,8.15509,25.17024
14.49522,6.22136,8.15917,25.17446
14.50149,6.2247,8.16279,25.17658
14.50515,6.22724,8.16816,25.18108
14.50849,6.23214,8.17469,25.18448
14.51402,6.23546,8.17805,25.1875
14.51967,6.239,8.18097,25.19206
14.52415,6.2426,8.18689,25.1938
14.52846,6.24484,8.19024,25.19866
14.53035,6.24922,8.19638,25.20174
14.53726,6.25274,8.20004,25.2052
14.5406,6.25498,8.20579,25.20832
14.54451,6.25892,8.20967,25.2113
14.54881,6.26194,8.21191,25.21546
14.5553,6.2656,8.21827,25.21936
14.55877,6.27038,8.22204,25.22146
14.56226,6.27254,8.2275,25.22616
14.56618,6.27728,8.22964,25.22832
14.57101,6.27946,8.23339,25.23218
14.57522,6.2835,8.23917,25.23752
14.58146,6.28744,8.24383,25.2396
14.58415,6.28972,8.24845,25.24366
14.58843,6.29382,8.25262,25.24608
14.59311,6.2974,8.25762,25.25012
14.59804,6.30104,8.26244,25.25432
14.60156,6.30512,8.26803,25.25714
14.60678,6.3075,8.2702,25.26028
14.6109,6.31078,8.27461,25.26276
14.61514,6.31438,8.27943,25.26668
14.62086,6.31754,8.28473,25.2707
14.62396,6.32184,8.28876,25.27284
,6.32506,,25.27786
,6.32904,,25.2805
,6.33192,,25.28452
,6.33608,,25.28862
,6.33862,,25.29158
,6.34224,,25.29594
,6.34568,,25.29768
,6.34888,,25.30238
,6.35252,,25.30616
,6.3572,,25.309
,6.35884,,25.31226
,6.36218,,25.3149
,6.36586,,25.31876
,6.36994,,25.32316
,6.37366,,25.3262
,6.37598,,25.32966
,6.38004,,25.33316
,6.38416,,25.33652
,6.38758,,25.33972
,6.39056,,25.34348
,6.39426,,25.34724
,6.3984,,25.34974
,6.40062,,25.35392
,6.4046,,25.35776
,6.40832,,25.3603
,6.41136,,25.36356
,6.41442,,25.36768
,6.41836,,25.37004
,6.42168,,25.37472
,6.42498,,25.37752
,6.42812,,25.38082
,6.43206,,25.38402
,6.43544,,25.38816
,6.4384,,25.39188
,6.44274,,25.39468
,6.4455,,25.39828
,6.4506,,25.40178
,6.45254,,25.4056
,6.45644,,25.4091
,6.46054,,25.41238
,6.46258,,25.41614
,6.4667,,25.41828
,6.47016,,25.4219
,6.47376,,25.42632
,6.47748,,25.43042
,6.48076,,25.43336
,6.48352,,25.43648
,6.48718,,25.43982
,6.49146,,25.4444
,6.49486,,25.44604
,6.49694,,25.45092
,6.5018,,25.45396
,6.50476,,25.45724
,6.50786,,25.46046
,6.51318,,25.4641
,6.51512,,25.467
,6.51866,,25.47078
,6.5218,,25.4743
,6.52574,,25.47912
,6.5293,,25.48186
,6.5329,,25.48516
,6.53586,,25.48762
,6.53844,,25.4925
,6.54218,,25.49524
,6.54686,,25.49848
,6.54958,,25.50236
,6.5533,,25.5053
,6.55642,,25.50934
,6.55924,,25.51282
,6.56416,,25.5155
,6.56688,,25.52062
,6.57094,,25.52268
,6.5741,,25.52642
,6.57706,,25.5309
,6.5806,,25.5337
,6.58364,,25.53712
,6.58824,,25.53948
,6.5912,,25.54362
,6.5945,,25.54728
,6.59812,,25.55114
,6.60096,,25.55452
,6.60536,,25.5566
,6.60746,,25.56072
,6.61178,,25.56516
,6.61494,,25.56796
,6.61874,,25.57128
,6.62274,,25.57506
,6.62518,,25.57896
,6.62916,,25.58238
,6.63322,,25.58536
,6.63534,,25.58832
,6.64078,,25.59234
,6.64336,,25.59572
,6.64534,,25.5995
,6.65016,,25.6025
,6.65346,,25.60516
,6.65704,,25.60904
,6.66,,25.61288
,6.66444,,25.61742
,6.66798,,25.61954
,6.67032,,25.62376
,6.67434,,25.62552
,6.67732,,25.63022
,6.68058,,25.63398
,6.68512,,25.63646
,6.68838,,25.64018
,6.6919,,25.64416
,6.69416,,25.64806
,6.69842,,25.6516
,6.70248,,25.65464
,6.7052,,25.65796
,6.70962,,25.66088
,6.71208,,25.66514
,6.71596,,25.66852
,6.71994,,25.6711
,6.72218,,25.67618
,6.72618,,25.67842
,6.72886,,25.68224
,6.73274,,25.68694
,6.73678,,25.68868
,6.73978,,25.69252
,6.7442,,25.69548
,6.7458,,25.69914
,6.75004,,25.70348
,6.75404,,25.70574
,6.7569,,25.70962
,6.76042,,25.71344
,6.76314,,25.7169
,6.76796,,25.7213
,6.77064,,25.72338
,6.7738,,25.72806
,6.77786,,25.73062
,6.7805,,25.7344
,6.78466,,25.73814
,6.78842,,25.74136
,6.79144,,25.74406
,6.79414,,25.74782
,6.79844,,25.75158
,6.8021,,25.75424
,6.80554,,25.75846
,6.80922,,25.76204
,6.8121,,25.76382
,6.81598,,25.76838
,6.81916,,25.77274
,6.82286,,25.77504
,6.82596,,25.77878
,6.83014,,25.78204
,6.83342,,25.78516
,6.8359,,25.79036
,6.84026,,25.79208
,6.8433,,25.79632
,6.84766,,25.79896
,6.85052,,25.80298
,6.85416,,25.80668
,6.85748,,25.80966
,6.85986,,25.81282
,6.86518,,25.81672
,6.86674,,25.82036
,6.87046,,25.82342
,6.87418,,25.82672
,6.87822,,25.83144
,6.88202,,25.83336
,6.88496,,25.83686
,6.88906,,25.84114
,6.89166,,25.84422
,6.89458,,25.84728
,6.89776,,25.8508
,6.90192,,25.85544
,6.90568,,25.8594
,6.90954,,25.86108
,6.91232,,25.86564
,6.9159,,25.86816
,6.91886,,25.87172
,6.92264,,25.87654
,6.92616,,25.87972
,6.92906,,25.8818
,6.93216,,25.88542
,6.9357,,25.88946
,6.9407,,25.89392
,6.94404,,25.89574
,6.9462,,25.89986
,6.95058,,25.90268
,6.95362,,25.90632
,6.95812,,25.91098
,6.96144,,25.91406
,6.96378,,25.91708
,6.96854,,25.92046
,6.97156,,25.92374
,6.97448,,25.92746
,6.97922,,25.92986
,6.98126,,25.93422
,6.98638,,25.9374
,6.98746,,25.94114
,6.99256,,25.9457
,6.99604,,25.9476
,6.99886,,25.95172
,7.00204,,25.95536
,7.00546,,25.95882
,7.00872,,25.962
,7.01222,,25.9648
