Time [s],Channel 0,Channel 1
2024-02-03T01:26:42.955590000+00:00,0,0
2024-02-03T01:26:43.128519980+00:00,1,0
2024-02-03T01:26:43.128569990+00:00,0,0
2024-02-03T01:26:43.197836560+00:00,0,1
2024-02-03T01:26:43.197837020+00:00,0,0
2024-02-03T01:26:43.628518430+00:00,1,0
2024-02-03T01:26:43.628568440+00:00,0,0
2024-02-03T01:26:43.691398660+00:00,0,1
2024-02-03T01:26:43.691399120+00:00,0,0
2024-02-03T01:26:44.128516870+00:00,1,0
2024-02-03T01:26:44.128566880+00:00,0,0
2024-02-03T01:26:44.191110150+00:00,0,1
2024-02-03T01:26:44.191110600+00:00,0,0
2024-02-03T01:26:44.628515310+00:00,1,0
2024-02-03T01:26:44.628565320+00:00,0,0
2024-02-03T01:26:44.695386810+00:00,0,1
2024-02-03T01:26:44.695387260+00:00,0,0
2024-02-03T01:26:45.128513760+00:00,1,0
2024-02-03T01:26:45.128563770+00:00,0,0
2024-02-03T01:26:45.194035430+00:00,0,1
2024-02-03T01:26:45.194035900+00:00,0,0
2024-02-03T01:26:45.628512200+00:00,1,0
2024-02-03T01:26:45.628562210+00:00,0,0
2024-02-03T01:26:45.693357900+00:00,0,1
2024-02-03T01:26:45.693358360+00:00,0,0
2024-02-03T01:26:46.128510650+00:00,1,0
2024-02-03T01:26:46.128560660+00:00,0,0
2024-02-03T01:26:46.191623180+00:00,0,1
2024-02-03T01:26:46.191623630+00:00,0,0
2024-02-03T01:26:46.628509090+00:00,1,0
2024-02-03T01:26:46.628559100+00:00,0,0
2024-02-03T01:26:46.690994930+00:00,0,1
2024-02-03T01:26:46.690995400+00:00,0,0
2024-02-03T01:26:47.128507530+00:00,1,0
2024-02-03T01:26:47.128557540+00:00,0,0
2024-02-03T01:26:47.194365100+00:00,0,1
2024-02-03T01:26:47.194365560+00:00,0,0
2024-02-03T01:26:47.628505980+00:00,1,0
2024-02-03T01:26:47.628555990+00:00,0,0
2024-02-03T01:26:47.694572220+00:00,0,1
2024-02-03T01:26:47.694572670+00:00,0,0
2024-02-03T01:26:48.128504420+00:00,1,0
2024-02-03T01:26:48.128554430+00:00,0,0
2024-02-03T01:26:48.197199650+00:00,0,1
2024-02-03T01:26:48.197200120+00:00,0,0
2024-02-03T01:26:48.628502860+00:00,1,0
2024-02-03T01:26:48.628552870+00:00,0,0
2024-02-03T01:26:48.693943850+00:00,0,1
2024-02-03T01:26:48.693944310+00:00,0,0
2024-02-03T01:26:49.128501300+00:00,1,0
2024-02-03T01:26:49.128551310+00:00,0,0
2024-02-03T01:26:49.197209180+00:00,0,1
2024-02-03T01:26:49.197209630+00:00,0,0
2024-02-03T01:26:49.628499750+00:00,1,0
2024-02-03T01:26:49.628549750+00:00,0,0
2024-02-03T01:26:49.690447040+00:00,0,1
2024-02-03T01:26:49.690447500+00:00,0,0
2024-02-03T01:26:50.128498190+00:00,1,0
2024-02-03T01:26:50.128548190+00:00,0,0
2024-02-03T01:26:50.190872870+00:00,0,1
2024-02-03T01:26:50.190881300+00:00,0,0
2024-02-03T01:26:50.628496630+00:00,1,0
2024-02-03T01:26:50.628546630+00:00,0,0
2024-02-03T01:26:50.693743920+00:00,0,1
2024-02-03T01:26:50.693744400+00:00,0,0
2024-02-03T01:26:51.128495070+00:00,1,0
2024-02-03T01:26:51.128545070+00:00,0,0
2024-02-03T01:26:51.197228500+00:00,0,1
2024-02-03T01:26:51.197228970+00:00,0,0
2024-02-03T01:26:51.628493510+00:00,1,0
2024-02-03T01:26:51.628543510+00:00,0,0
2024-02-03T01:26:51.691776080+00:00,0,1
2024-02-03T01:26:51.691776550+00:00,0,0
2024-02-03T01:26:52.128491940+00:00,1,0
2024-02-03T01:26:52.128541950+00:00,0,0
2024-02-03T01:26:52.192777010+00:00,0,1
2024-02-03T01:26:52.192777470+00:00,0,0
2024-02-03T01:26:52.628490380+00:00,1,0
2024-02-03T01:26:52.628540390+00:00,0,0
2024-02-03T01:26:52.698245720+00:00,0,1
2024-02-03T01:26:52.698246190+00:00,0,0
2024-02-03T01:26:53.128488820+00:00,1,0
2024-02-03T01:26:53.128538830+00:00,0,0
2024-02-03T01:26:53.194180570+00:00,0,1
2024-02-03T01:26:53.194181020+00:00,0,0
2024-02-03T01:26:53.628487260+00:00,1,0
2024-02-03T01:26:53.628537270+00:00,0,0
2024-02-03T01:26:53.694701230+00:00,0,1
2024-02-03T01:26:53.694701680+00:00,0,0
2024-02-03T01:26:54.128485690+00:00,1,0
2024-02-03T01:26:54.128535700+00:00,0,0
2024-02-03T01:26:54.190796680+00:00,0,1
2024-02-03T01:26:54.190797150+00:00,0,0
2024-02-03T01:26:54.628484130+00:00,1,0
2024-02-03T01:26:54.628534140+00:00,0,0
2024-02-03T01:26:54.691194600+00:00,0,1
2024-02-03T01:26:54.691195080+00:00,0,0
2024-02-03T01:26:55.128482570+00:00,1,0
2024-02-03T01:26:55.128532570+00:00,0,0
2024-02-03T01:26:55.192403670+00:00,0,1
2024-02-03T01:26:55.192412100+00:00,0,0
2024-02-03T01:26:55.628481000+00:00,1,0
2024-02-03T01:26:55.628531010+00:00,0,0
2024-02-03T01:26:55.691537880+00:00,0,1
2024-02-03T01:26:55.691538350+00:00,0,0
2024-02-03T01:26:56.128479440+00:00,1,0
2024-02-03T01:26:56.128529450+00:00,0,0
2024-02-03T01:26:56.191462460+00:00,0,1
2024-02-03T01:26:56.191462930+00:00,0,0
2024-02-03T01:26:56.628477870+00:00,1,0
2024-02-03T01:26:56.628527880+00:00,0,0
2024-02-03T01:26:56.691765250+00:00,0,1
2024-02-03T01:26:56.691765700+00:00,0,0
2024-02-03T01:26:57.128476300+00:00,1,0
2024-02-03T01:26:57.128526310+00:00,0,0
2024-02-03T01:26:57.192726100+00:00,0,1
2024-02-03T01:26:57.192726570+00:00,0,0
2024-02-03T01:26:57.628474740+00:00,1,0
2024-02-03T01:26:57.628524750+00:00,0,0
2024-02-03T01:26:57.697288130+00:00,0,1
2024-02-03T01:26:57.697288600+00:00,0,0
2024-02-03T01:26:58.128473170+00:00,1,0
2024-02-03T01:26:58.128523180+00:00,0,0
2024-02-03T01:26:58.192188210+00:00,0,1
2024-02-03T01:26:58.192188670+00:00,0,0
2024-02-03T01:26:58.628471600+00:00,1,0
2024-02-03T01:26:58.628521610+00:00,0,0
2024-02-03T01:26:58.693631320+00:00,0,1
2024-02-03T01:26:58.693631770+00:00,0,0
2024-02-03T01:26:59.128470040+00:00,1,0
2024-02-03T01:26:59.128520050+00:00,0,0
2024-02-03T01:26:59.191197380+00:00,0,1
2024-02-03T01:26:59.191197840+00:00,0,0
2024-02-03T01:26:59.628468470+00:00,1,0
2024-02-03T01:26:59.628518480+00:00,0,0
2024-02-03T01:26:59.690850540+00:00,0,1
2024-02-03T01:26:59.690851000+00:00,0,0
2024-02-03T01:27:00.128466900+00:00,1,0
2024-02-03T01:27:00.128516910+00:00,0,0
2024-02-03T01:27:00.192717020+00:00,0,1
2024-02-03T01:27:00.192717480+00:00,0,0
2024-02-03T01:27:00.628465340+00:00,1,0
2024-02-03T01:27:00.628515340+00:00,0,0
2024-02-03T01:27:00.691980770+00:00,0,1
2024-02-03T01:27:00.691981240+00:00,0,0
2024-02-03T01:27:01.128463770+00:00,1,0
2024-02-03T01:27:01.128513780+00:00,0,0
2024-02-03T01:27:01.192877580+00:00,0,1
2024-02-03T01:27:01.192878040+00:00,0,0
2024-02-03T01:27:01.628462200+00:00,1,0
2024-02-03T01:27:01.628512210+00:00,0,0
2024-02-03T01:27:01.692625130+00:00,0,1
2024-02-03T01:27:01.692633550+00:00,0,0
2024-02-03T01:27:02.128460630+00:00,1,0
2024-02-03T01:27:02.128510640+00:00,0,0
2024-02-03T01:27:02.194565480+00:00,0,1
2024-02-03T01:27:02.194573910+00:00,0,0
2024-02-03T01:27:02.628459060+00:00,1,0
2024-02-03T01:27:02.628509070+00:00,0,0
2024-02-03T01:27:02.694197340+00:00,0,1
2024-02-03T01:27:02.694197820+00:00,0,0
2024-02-03T01:27:03.128457490+00:00,1,0
2024-02-03T01:27:03.128507500+00:00,0,0
2024-02-03T01:27:03.192694040+00:00,0,1
2024-02-03T01:27:03.192694510+00:00,0,0
2024-02-03T01:27:03.628455920+00:00,1,0
2024-02-03T01:27:03.628505930+00:00,0,0
2024-02-03T01:27:03.692366980+00:00,0,1
2024-02-03T01:27:03.692367460+00:00,0,0
2024-02-03T01:27:04.128454350+00:00,1,0
2024-02-03T01:27:04.128504360+00:00,0,0
2024-02-03T01:27:04.198522370+00:00,0,1
2024-02-03T01:27:04.198522830+00:00,0,0
2024-02-03T01:27:04.628452780+00:00,1,0
2024-02-03T01:27:04.628502790+00:00,0,0
2024-02-03T01:27:04.695449320+00:00,0,1
2024-02-03T01:27:04.695449780+00:00,0,0
2024-02-03T01:27:05.128451210+00:00,1,0
2024-02-03T01:27:05.128501220+00:00,0,0
2024-02-03T01:27:05.192050960+00:00,0,1
2024-02-03T01:27:05.192051430+00:00,0,0
2024-02-03T01:27:05.628449640+00:00,1,0
2024-02-03T01:27:05.628499650+00:00,0,0
2024-02-03T01:27:05.696320650+00:00,0,1
2024-02-03T01:27:05.696321120+00:00,0,0
2024-02-03T01:27:06.128448060+00:00,1,0
2024-02-03T01:27:06.128498070+00:00,0,0
2024-02-03T01:27:06.196399310+00:00,0,1
2024-02-03T01:27:06.196399770+00:00,0,0
2024-02-03T01:27:06.628446490+00:00,1,0
2024-02-03T01:27:06.628496500+00:00,0,0
2024-02-03T01:27:06.695518760+00:00,0,1
2024-02-03T01:27:06.695519230+00:00,0,0
2024-02-03T01:27:07.128444920+00:00,1,0
2024-02-03T01:27:07.128494930+00:00,0,0
2024-02-03T01:27:07.197581550+00:00,0,1
2024-02-03T01:27:07.197582010+00:00,0,0
2024-02-03T01:27:07.628443350+00:00,1,0
2024-02-03T01:27:07.628493360+00:00,0,0
2024-02-03T01:27:07.694648190+00:00,0,1
2024-02-03T01:27:07.694648660+00:00,0,0
2024-02-03T01:27:08.128441770+00:00,1,0
2024-02-03T01:27:08.128491780+00:00,0,0
2024-02-03T01:27:08.191720080+00:00,0,1
2024-02-03T01:27:08.191720550+00:00,0,0
2024-02-03T01:27:08.628440200+00:00,1,0
2024-02-03T01:27:08.628490210+00:00,0,0
2024-02-03T01:27:08.695996530+00:00,0,1
2024-02-03T01:27:08.695996990+00:00,0,0
2024-02-03T01:27:09.128438630+00:00,1,0
2024-02-03T01:27:09.128488640+00:00,0,0
2024-02-03T01:27:09.195593500+00:00,0,1
2024-02-03T01:27:09.195593970+00:00,0,0
2024-02-03T01:27:09.628437050+00:00,1,0
2024-02-03T01:27:09.628487060+00:00,0,0
2024-02-03T01:27:09.693843280+00:00,0,1
2024-02-03T01:27:09.693843750+00:00,0,0
2024-02-03T01:27:10.128435480+00:00,1,0
2024-02-03T01:27:10.128485490+00:00,0,0
2024-02-03T01:27:10.196168020+00:00,0,1
2024-02-03T01:27:10.196168480+00:00,0,0
2024-02-03T01:27:10.628433910+00:00,1,0
2024-02-03T01:27:10.628483920+00:00,0,0
2024-02-03T01:27:10.695305230+00:00,0,1
2024-02-03T01:27:10.695305690+00:00,0,0
2024-02-03T01:27:11.128432330+00:00,1,0
2024-02-03T01:27:11.128482340+00:00,0,0
2024-02-03T01:27:11.191453000+00:00,0,1
2024-02-03T01:27:11.191453460+00:00,0,0
2024-02-03T01:27:11.628430760+00:00,1,0
2024-02-03T01:27:11.628480770+00:00,0,0
2024-02-03T01:27:11.692029630+00:00,0,1
2024-02-03T01:27:11.692030090+00:00,0,0
2024-02-03T01:27:12.128429190+00:00,1,0
2024-02-03T01:27:12.128479190+00:00,0,0
2024-02-03T01:27:12.191077560+00:00,0,1
2024-02-03T01:27:12.191078020+00:00,0,0
2024-02-03T01:27:12.628427610+00:00,1,0
2024-02-03T01:27:12.628477620+00:00,0,0
2024-02-03T01:27:12.693218460+00:00,0,1
2024-02-03T01:27:12.693218920+00:00,0,0
2024-02-03T01:27:13.128426040+00:00,1,0
2024-02-03T01:27:13.128476050+00:00,0,0
2024-02-03T01:27:13.193512760+00:00,0,1
2024-02-03T01:27:13.193513230+00:00,0,0
2024-02-03T01:27:13.628424460+00:00,1,0
2024-02-03T01:27:13.628474470+00:00,0,0
2024-02-03T01:27:13.694623570+00:00,0,1
2024-02-03T01:27:13.694624020+00:00,0,0
2024-02-03T01:27:14.128422890+00:00,1,0
2024-02-03T01:27:14.128472900+00:00,0,0
2024-02-03T01:27:14.197452020+00:00,0,1
2024-02-03T01:27:14.197452480+00:00,0,0
2024-02-03T01:27:14.628421310+00:00,1,0
2024-02-03T01:27:14.628471320+00:00,0,0
2024-02-03T01:27:14.696191830+00:00,0,1
2024-02-03T01:27:14.696192290+00:00,0,0
2024-02-03T01:27:15.128419740+00:00,1,0
2024-02-03T01:27:15.128469740+00:00,0,0
2024-02-03T01:27:15.192597520+00:00,0,1
2024-02-03T01:27:15.192597990+00:00,0,0
2024-02-03T01:27:15.628418160+00:00,1,0
2024-02-03T01:27:15.628468170+00:00,0,0
2024-02-03T01:27:15.695486810+00:00,0,1
2024-02-03T01:27:15.695487270+00:00,0,0
2024-02-03T01:27:16.128416580+00:00,1,0
2024-02-03T01:27:16.128466590+00:00,0,0
2024-02-03T01:27:16.192919880+00:00,0,1
2024-02-03T01:27:16.192920340+00:00,0,0
2024-02-03T01:27:16.628415010+00:00,1,0
2024-02-03T01:27:16.628465020+00:00,0,0
2024-02-03T01:27:16.696107430+00:00,0,1
2024-02-03T01:27:16.696107880+00:00,0,0
2024-02-03T01:27:17.128413430+00:00,1,0
2024-02-03T01:27:17.128463440+00:00,0,0
2024-02-03T01:27:17.196293550+00:00,0,1
2024-02-03T01:27:17.196301980+00:00,0,0
2024-02-03T01:27:17.628411850+00:00,1,0
2024-02-03T01:27:17.628461860+00:00,0,0
2024-02-03T01:27:17.692081190+00:00,0,1
2024-02-03T01:27:17.692089620+00:00,0,0
2024-02-03T01:27:18.128410280+00:00,1,0
2024-02-03T01:27:18.128460280+00:00,0,0
2024-02-03T01:27:18.196062930+00:00,0,1
2024-02-03T01:27:18.196063400+00:00,0,0
2024-02-03T01:27:18.628408700+00:00,1,0
2024-02-03T01:27:18.628458710+00:00,0,0
2024-02-03T01:27:18.699547850+00:00,0,1
2024-02-03T01:27:18.699556280+00:00,0,0
2024-02-03T01:27:19.128407120+00:00,1,0
2024-02-03T01:27:19.128457130+00:00,0,0
2024-02-03T01:27:19.190407580+00:00,0,1
2024-02-03T01:27:19.190408050+00:00,0,0
2024-02-03T01:27:19.628405540+00:00,1,0
2024-02-03T01:27:19.628455550+00:00,0,0
2024-02-03T01:27:19.695129250+00:00,0,1
2024-02-03T01:27:19.695137680+00:00,0,0
2024-02-03T01:27:20.128403970+00:00,1,0
2024-02-03T01:27:20.128453970+00:00,0,0
2024-02-03T01:27:20.192221240+00:00,0,1
2024-02-03T01:27:20.192221710+00:00,0,0
2024-02-03T01:27:20.628402390+00:00,1,0
2024-02-03T01:27:20.628452400+00:00,0,0
2024-02-03T01:27:20.692716640+00:00,0,1
2024-02-03T01:27:20.692717110+00:00,0,0
2024-02-03T01:27:21.128400810+00:00,1,0
2024-02-03T01:27:21.128450820+00:00,0,0
2024-02-03T01:27:21.195883880+00:00,0,1
2024-02-03T01:27:21.195884340+00:00,0,0
2024-02-03T01:27:21.628399230+00:00,1,0
2024-02-03T01:27:21.628449240+00:00,0,0
2024-02-03T01:27:21.695165380+00:00,0,1
2024-02-03T01:27:21.695165850+00:00,0,0
2024-02-03T01:27:22.128397650+00:00,1,0
2024-02-03T01:27:22.128447660+00:00,0,0
2024-02-03T01:27:22.192293150+00:00,0,1
2024-02-03T01:27:22.192293610+00:00,0,0
2024-02-03T01:27:22.628396070+00:00,1,0
2024-02-03T01:27:22.628446080+00:00,0,0
2024-02-03T01:27:22.693771810+00:00,0,1
2024-02-03T01:27:22.693772270+00:00,0,0
2024-02-03T01:27:23.128394490+00:00,1,0
2024-02-03T01:27:23.128444500+00:00,0,0
2024-02-03T01:27:23.195135720+00:00,0,1
2024-02-03T01:27:23.195136170+00:00,0,0
2024-02-03T01:27:23.628392910+00:00,1,0
2024-02-03T01:27:23.628442920+00:00,0,0
2024-02-03T01:27:23.698556720+00:00,0,1
2024-02-03T01:27:23.698565140+00:00,0,0
2024-02-03T01:27:24.128391330+00:00,1,0
2024-02-03T01:27:24.128441340+00:00,0,0
2024-02-03T01:27:24.195378320+00:00,0,1
2024-02-03T01:27:24.195386740+00:00,0,0
2024-02-03T01:27:24.628389750+00:00,1,0
2024-02-03T01:27:24.628439760+00:00,0,0
2024-02-03T01:27:24.696274990+00:00,0,1
2024-02-03T01:27:24.696275460+00:00,0,0
2024-02-03T01:27:25.128388170+00:00,1,0
2024-02-03T01:27:25.128438180+00:00,0,0
2024-02-03T01:27:25.191286000+00:00,0,1
2024-02-03T01:27:25.191294430+00:00,0,0
2024-02-03T01:27:25.628386590+00:00,1,0
2024-02-03T01:27:25.628436600+00:00,0,0
2024-02-03T01:27:25.699006830+00:00,0,1
2024-02-03T01:27:25.699007290+00:00,0,0
2024-02-03T01:27:26.128385010+00:00,1,0
2024-02-03T01:27:26.128435020+00:00,0,0
2024-02-03T01:27:26.195558440+00:00,0,1
2024-02-03T01:27:26.195558910+00:00,0,0
2024-02-03T01:27:26.628383430+00:00,1,0
2024-02-03T01:27:26.628433440+00:00,0,0
2024-02-03T01:27:26.692554340+00:00,0,1
2024-02-03T01:27:26.692554800+00:00,0,0
2024-02-03T01:27:27.128381850+00:00,1,0
2024-02-03T01:27:27.128431860+00:00,0,0
2024-02-03T01:27:27.196302980+00:00,0,1
2024-02-03T01:27:27.196303430+00:00,0,0
2024-02-03T01:27:27.628380270+00:00,1,0
2024-02-03T01:27:27.628430280+00:00,0,0
2024-02-03T01:27:27.693193730+00:00,0,1
2024-02-03T01:27:27.693194200+00:00,0,0
2024-02-03T01:27:28.128378690+00:00,1,0
2024-02-03T01:27:28.128428700+00:00,0,0
2024-02-03T01:27:28.193777010+00:00,0,1
2024-02-03T01:27:28.193777470+00:00,0,0
2024-02-03T01:27:28.628377110+00:00,1,0
2024-02-03T01:27:28.628427120+00:00,0,0
2024-02-03T01:27:28.701156340+00:00,0,1
2024-02-03T01:27:28.701156800+00:00,0,0
2024-02-03T01:27:29.128375530+00:00,1,0
2024-02-03T01:27:29.128425530+00:00,0,0
2024-02-03T01:27:29.194150480+00:00,0,1
2024-02-03T01:27:29.194150940+00:00,0,0
2024-02-03T01:27:29.628373940+00:00,1,0
2024-02-03T01:27:29.628423950+00:00,0,0
2024-02-03T01:27:29.693601430+00:00,0,1
2024-02-03T01:27:29.693601900+00:00,0,0
2024-02-03T01:27:30.128372360+00:00,1,0
2024-02-03T01:27:30.128422370+00:00,0,0
2024-02-03T01:27:30.192962840+00:00,0,1
2024-02-03T01:27:30.192963300+00:00,0,0
2024-02-03T01:27:30.628370780+00:00,1,0
2024-02-03T01:27:30.628420790+00:00,0,0
2024-02-03T01:27:30.700487410+00:00,0,1
2024-02-03T01:27:30.700487860+00:00,0,0
2024-02-03T01:27:31.128369200+00:00,1,0
2024-02-03T01:27:31.128419210+00:00,0,0
2024-02-03T01:27:31.192217340+00:00,0,1
2024-02-03T01:27:31.192217800+00:00,0,0
2024-02-03T01:27:31.628367620+00:00,1,0
2024-02-03T01:27:31.628417620+00:00,0,0
2024-02-03T01:27:31.700308500+00:00,0,1
2024-02-03T01:27:31.700308950+00:00,0,0
2024-02-03T01:27:32.128366030+00:00,1,0
2024-02-03T01:27:32.128416040+00:00,0,0
2024-02-03T01:27:32.192593400+00:00,0,1
2024-02-03T01:27:32.192593860+00:00,0,0
2024-02-03T01:27:32.628364450+00:00,1,0
2024-02-03T01:27:32.628414460+00:00,0,0
2024-02-03T01:27:32.693070660+00:00,0,1
2024-02-03T01:27:32.693071130+00:00,0,0
2024-02-03T01:27:33.128362870+00:00,1,0
2024-02-03T01:27:33.128412880+00:00,0,0
2024-02-03T01:27:33.192496710+00:00,0,1
2024-02-03T01:27:33.192505140+00:00,0,0
2024-02-03T01:27:33.628361280+00:00,1,0
2024-02-03T01:27:33.628411290+00:00,0,0
2024-02-03T01:27:33.690712980+00:00,0,1
2024-02-03T01:27:33.690713460+00:00,0,0
2024-02-03T01:27:34.128359700+00:00,1,0
2024-02-03T01:27:34.128409710+00:00,0,0
2024-02-03T01:27:34.194220120+00:00,0,1
2024-02-03T01:27:34.194220580+00:00,0,0
2024-02-03T01:27:34.628358120+00:00,1,0
2024-02-03T01:27:34.628408130+00:00,0,0
2024-02-03T01:27:34.699842800+00:00,0,1
2024-02-03T01:27:34.699843250+00:00,0,0
2024-02-03T01:27:35.128356530+00:00,1,0
2024-02-03T01:27:35.128406540+00:00,0,0
2024-02-03T01:27:35.194305600+00:00,0,1
2024-02-03T01:27:35.194306050+00:00,0,0
2024-02-03T01:27:35.628354950+00:00,1,0
2024-02-03T01:27:35.628404960+00:00,0,0
2024-02-03T01:27:35.691303410+00:00,0,1
2024-02-03T01:27:35.691303880+00:00,0,0
2024-02-03T01:27:36.128353360+00:00,1,0
2024-02-03T01:27:36.128403370+00:00,0,0
2024-02-03T01:27:36.202443900+00:00,0,1
2024-02-03T01:27:36.202444350+00:00,0,0
2024-02-03T01:27:36.628351780+00:00,1,0
2024-02-03T01:27:36.628401790+00:00,0,0
2024-02-03T01:27:36.694216970+00:00,0,1
2024-02-03T01:27:36.694217440+00:00,0,0
2024-02-03T01:27:37.128350200+00:00,1,0
2024-02-03T01:27:37.128400200+00:00,0,0
2024-02-03T01:27:37.191111110+00:00,0,1
2024-02-03T01:27:37.191111580+00:00,0,0
2024-02-03T01:27:37.628348610+00:00,1,0
2024-02-03T01:27:37.628398620+00:00,0,0
2024-02-03T01:27:37.696292820+00:00,0,1
2024-02-03T01:27:37.696293280+00:00,0,0
2024-02-03T01:27:38.128347030+00:00,1,0
2024-02-03T01:27:38.128397030+00:00,0,0
2024-02-03T01:27:38.197686550+00:00,0,1
2024-02-03T01:27:38.197687000+00:00,0,0
2024-02-03T01:27:38.628345440+00:00,1,0
2024-02-03T01:27:38.628395450+00:00,0,0
2024-02-03T01:27:38.695001750+00:00,0,1
2024-02-03T01:27:38.695002210+00:00,0,0
2024-02-03T01:27:39.128343850+00:00,1,0
2024-02-03T01:27:39.128393860+00:00,0,0
2024-02-03T01:27:39.193901980+00:00,0,1
2024-02-03T01:27:39.193902430+00:00,0,0
2024-02-03T01:27:39.628342270+00:00,1,0
2024-02-03T01:27:39.628392280+00:00,0,0
2024-02-03T01:27:39.695469750+00:00,0,1
2024-02-03T01:27:39.695470210+00:00,0,0
2024-02-03T01:27:40.128340680+00:00,1,0
2024-02-03T01:27:40.128390690+00:00,0,0
2024-02-03T01:27:40.193272430+00:00,0,1
2024-02-03T01:27:40.193272890+00:00,0,0
2024-02-03T01:27:40.628339100+00:00,1,0
2024-02-03T01:27:40.628389110+00:00,0,0
2024-02-03T01:27:40.692898290+00:00,0,1
2024-02-03T01:27:40.692898750+00:00,0,0
2024-02-03T01:27:41.128337510+00:00,1,0
2024-02-03T01:27:41.128387520+00:00,0,0
2024-02-03T01:27:41.192253430+00:00,0,1
2024-02-03T01:27:41.192253890+00:00,0,0
2024-02-03T01:27:41.628335920+00:00,1,0
2024-02-03T01:27:41.628385930+00:00,0,0
2024-02-03T01:27:41.695960960+00:00,0,1
2024-02-03T01:27:41.695961430+00:00,0,0
2024-02-03T01:27:42.128334340+00:00,1,0
2024-02-03T01:27:42.128384350+00:00,0,0
2024-02-03T01:27:42.192514500+00:00,0,1
2024-02-03T01:27:42.192522930+00:00,0,0
2024-02-03T01:27:42.628332750+00:00,1,0
2024-02-03T01:27:42.628382760+00:00,0,0
2024-02-03T01:27:42.696191490+00:00,0,1
2024-02-03T01:27:42.696191950+00:00,0,0
2024-02-03T01:27:43.128331170+00:00,1,0
2024-02-03T01:27:43.128381170+00:00,0,0
2024-02-03T01:27:43.191063090+00:00,0,1
2024-02-03T01:27:43.191063550+00:00,0,0
2024-02-03T01:27:43.628329580+00:00,1,0
2024-02-03T01:27:43.628379590+00:00,0,0
2024-02-03T01:27:43.694447090+00:00,0,1
2024-02-03T01:27:43.694447540+00:00,0,0
2024-02-03T01:27:44.128327990+00:00,1,0
2024-02-03T01:27:44.128378000+00:00,0,0
2024-02-03T01:27:44.195560730+00:00,0,1
2024-02-03T01:27:44.195569160+00:00,0,0
2024-02-03T01:27:44.628326400+00:00,1,0
2024-02-03T01:27:44.628376410+00:00,0,0
2024-02-03T01:27:44.697924760+00:00,0,1
2024-02-03T01:27:44.697933180+00:00,0,0
2024-02-03T01:27:45.128324820+00:00,1,0
2024-02-03T01:27:45.128374820+00:00,0,0
2024-02-03T01:27:45.191531700+00:00,0,1
2024-02-03T01:27:45.191540130+00:00,0,0
2024-02-03T01:27:45.628323230+00:00,1,0
2024-02-03T01:27:45.628373240+00:00,0,0
2024-02-03T01:27:45.691482240+00:00,0,1
2024-02-03T01:27:45.691482710+00:00,0,0
2024-02-03T01:27:46.128321640+00:00,1,0
2024-02-03T01:27:46.128371650+00:00,0,0
2024-02-03T01:27:46.190914140+00:00,0,1
2024-02-03T01:27:46.190914600+00:00,0,0
2024-02-03T01:27:46.628320050+00:00,1,0
2024-02-03T01:27:46.628370060+00:00,0,0
2024-02-03T01:27:46.691136100+00:00,0,1
2024-02-03T01:27:46.691136580+00:00,0,0
2024-02-03T01:27:47.128318460+00:00,1,0
2024-02-03T01:27:47.128368470+00:00,0,0
2024-02-03T01:27:47.194771390+00:00,0,1
2024-02-03T01:27:47.194771840+00:00,0,0
2024-02-03T01:27:47.628316870+00:00,1,0
2024-02-03T01:27:47.628366880+00:00,0,0
2024-02-03T01:27:47.692871230+00:00,0,1
2024-02-03T01:27:47.692871700+00:00,0,0
2024-02-03T01:27:48.128315280+00:00,1,0
2024-02-03T01:27:48.128365290+00:00,0,0
2024-02-03T01:27:48.191497820+00:00,0,1
2024-02-03T01:27:48.191498270+00:00,0,0
2024-02-03T01:27:48.628313700+00:00,1,0
2024-02-03T01:27:48.628363700+00:00,0,0
2024-02-03T01:27:48.692744400+00:00,0,1
2024-02-03T01:27:48.692744860+00:00,0,0
2024-02-03T01:27:49.128312110+00:00,1,0
2024-02-03T01:27:49.128362120+00:00,0,0
2024-02-03T01:27:49.193118880+00:00,0,1
2024-02-03T01:27:49.193119340+00:00,0,0
2024-02-03T01:27:49.628310520+00:00,1,0
2024-02-03T01:27:49.628360530+00:00,0,0
2024-02-03T01:27:49.697799430+00:00,0,1
2024-02-03T01:27:49.697799880+00:00,0,0
2024-02-03T01:27:50.128308930+00:00,1,0
2024-02-03T01:27:50.128358940+00:00,0,0
2024-02-03T01:27:50.196361400+00:00,0,1
2024-02-03T01:27:50.196361870+00:00,0,0
2024-02-03T01:27:50.628307340+00:00,1,0
2024-02-03T01:27:50.628357350+00:00,0,0
2024-02-03T01:27:50.693302100+00:00,0,1
2024-02-03T01:27:50.693302580+00:00,0,0
2024-02-03T01:27:51.128305750+00:00,1,0
2024-02-03T01:27:51.128355760+00:00,0,0
2024-02-03T01:27:51.193091730+00:00,0,1
2024-02-03T01:27:51.193092180+00:00,0,0
2024-02-03T01:27:51.628304160+00:00,1,0
2024-02-03T01:27:51.628354170+00:00,0,0
2024-02-03T01:27:51.695976570+00:00,0,1
2024-02-03T01:27:51.695977040+00:00,0,0
2024-02-03T01:27:52.128302570+00:00,1,0
2024-02-03T01:27:52.128352580+00:00,0,0
2024-02-03T01:27:52.193118190+00:00,0,1
2024-02-03T01:27:52.193118650+00:00,0,0
2024-02-03T01:27:52.628300980+00:00,1,0
2024-02-03T01:27:52.628350990+00:00,0,0
2024-02-03T01:27:52.700233200+00:00,0,1
2024-02-03T01:27:52.700233670+00:00,0,0
2024-02-03T01:27:53.128299390+00:00,1,0
2024-02-03T01:27:53.128349400+00:00,0,0
2024-02-03T01:27:53.199346390+00:00,0,1
2024-02-03T01:27:53.199354820+00:00,0,0
2024-02-03T01:27:53.628297800+00:00,1,0
2024-02-03T01:27:53.628347800+00:00,0,0
2024-02-03T01:27:53.691251240+00:00,0,1
2024-02-03T01:27:53.691251720+00:00,0,0
2024-02-03T01:27:54.128296210+00:00,1,0
2024-02-03T01:27:54.128346210+00:00,0,0
2024-02-03T01:27:54.190838640+00:00,0,1
2024-02-03T01:27:54.190839110+00:00,0,0
2024-02-03T01:27:54.628294610+00:00,1,0
2024-02-03T01:27:54.628344620+00:00,0,0
2024-02-03T01:27:54.691835470+00:00,0,1
2024-02-03T01:27:54.691835950+00:00,0,0
2024-02-03T01:27:55.128293020+00:00,1,0
2024-02-03T01:27:55.128343030+00:00,0,0
2024-02-03T01:27:55.191996120+00:00,0,1
2024-02-03T01:27:55.191996580+00:00,0,0
2024-02-03T01:27:55.628291430+00:00,1,0
2024-02-03T01:27:55.628341440+00:00,0,0
2024-02-03T01:27:55.699998900+00:00,0,1
2024-02-03T01:27:55.699999370+00:00,0,0
2024-02-03T01:27:56.128289840+00:00,1,0
2024-02-03T01:27:56.128339850+00:00,0,0
2024-02-03T01:27:56.193973470+00:00,0,1
2024-02-03T01:27:56.193973930+00:00,0,0
2024-02-03T01:27:56.628288250+00:00,1,0
2024-02-03T01:27:56.628338260+00:00,0,0
2024-02-03T01:27:56.696751330+00:00,0,1
2024-02-03T01:27:56.696751790+00:00,0,0
2024-02-03T01:27:57.128286660+00:00,1,0
2024-02-03T01:27:57.128336670+00:00,0,0
2024-02-03T01:27:57.192745150+00:00,0,1
2024-02-03T01:27:57.192745600+00:00,0,0
2024-02-03T01:27:57.628285070+00:00,1,0
2024-02-03T01:27:57.628335070+00:00,0,0
2024-02-03T01:27:57.694388040+00:00,0,1
2024-02-03T01:27:57.694388500+00:00,0,0
2024-02-03T01:27:58.128283470+00:00,1,0
2024-02-03T01:27:58.128333480+00:00,0,0
2024-02-03T01:27:58.193526910+00:00,0,1
2024-02-03T01:27:58.193527380+00:00,0,0
2024-02-03T01:27:58.628281880+00:00,1,0
2024-02-03T01:27:58.628331890+00:00,0,0
2024-02-03T01:27:58.694974320+00:00,0,1
2024-02-03T01:27:58.694974780+00:00,0,0
2024-02-03T01:27:59.128280290+00:00,1,0
2024-02-03T01:27:59.128330300+00:00,0,0
2024-02-03T01:27:59.191267440+00:00,0,1
2024-02-03T01:27:59.191267900+00:00,0,0
2024-02-03T01:27:59.628278700+00:00,1,0
2024-02-03T01:27:59.628328700+00:00,0,0
2024-02-03T01:27:59.698122500+00:00,0,1
2024-02-03T01:27:59.698122970+00:00,0,0
2024-02-03T01:28:00.128277100+00:00,1,0
2024-02-03T01:28:00.128327110+00:00,0,0
2024-02-03T01:28:00.192194780+00:00,0,1
2024-02-03T01:28:00.192195250+00:00,0,0
2024-02-03T01:28:00.628275510+00:00,1,0
2024-02-03T01:28:00.628325520+00:00,0,0
2024-02-03T01:28:00.694483530+00:00,0,1
2024-02-03T01:28:00.694484000+00:00,0,0
2024-02-03T01:28:01.128273920+00:00,1,0
2024-02-03T01:28:01.128323930+00:00,0,0
2024-02-03T01:28:01.196043150+00:00,0,1
2024-02-03T01:28:01.196043610+00:00,0,0
2024-02-03T01:28:01.628272330+00:00,1,0
2024-02-03T01:28:01.628322330+00:00,0,0
2024-02-03T01:28:01.699186910+00:00,0,1
2024-02-03T01:28:01.699195360+00:00,0,0
2024-02-03T01:28:02.128270730+00:00,1,0
2024-02-03T01:28:02.128320740+00:00,0,0
2024-02-03T01:28:02.191412210+00:00,0,1
2024-02-03T01:28:02.191412680+00:00,0,0
2024-02-03T01:28:02.628269140+00:00,1,0
2024-02-03T01:28:02.628319150+00:00,0,0
2024-02-03T01:28:02.691936930+00:00,0,1
2024-02-03T01:28:02.691937410+00:00,0,0
2024-02-03T01:28:03.128267540+00:00,1,0
2024-02-03T01:28:03.128317550+00:00,0,0
2024-02-03T01:28:03.198658840+00:00,0,1
2024-02-03T01:28:03.198659310+00:00,0,0
2024-02-03T01:28:03.628265950+00:00,1,0
2024-02-03T01:28:03.628315960+00:00,0,0
2024-02-03T01:28:03.693645680+00:00,0,1
2024-02-03T01:28:03.693646160+00:00,0,0
2024-02-03T01:28:04.128264360+00:00,1,0
2024-02-03T01:28:04.128314360+00:00,0,0
2024-02-03T01:28:04.194092840+00:00,0,1
2024-02-03T01:28:04.194093300+00:00,0,0
2024-02-03T01:28:04.628262760+00:00,1,0
2024-02-03T01:28:04.628312770+00:00,0,0
2024-02-03T01:28:04.697945140+00:00,0,1
2024-02-03T01:28:04.697945590+00:00,0,0
2024-02-03T01:28:05.128261170+00:00,1,0
2024-02-03T01:28:05.128311180+00:00,0,0
2024-02-03T01:28:05.193007400+00:00,0,1
2024-02-03T01:28:05.193007860+00:00,0,0
2024-02-03T01:28:05.628259570+00:00,1,0
2024-02-03T01:28:05.628309580+00:00,0,0
2024-02-03T01:28:05.695825280+00:00,0,1
2024-02-03T01:28:05.695825740+00:00,0,0
2024-02-03T01:28:06.128257980+00:00,1,0
2024-02-03T01:28:06.128307990+00:00,0,0
2024-02-03T01:28:06.195769420+00:00,0,1
2024-02-03T01:28:06.195769870+00:00,0,0
2024-02-03T01:28:06.628256380+00:00,1,0
2024-02-03T01:28:06.628306390+00:00,0,0
2024-02-03T01:28:06.692687490+00:00,0,1
2024-02-03T01:28:06.692703660+00:00,0,0
2024-02-03T01:28:07.128254790+00:00,1,0
2024-02-03T01:28:07.128304800+00:00,0,0
2024-02-03T01:28:07.194760640+00:00,0,1
2024-02-03T01:28:07.194769070+00:00,0,0
2024-02-03T01:28:07.628253190+00:00,1,0
2024-02-03T01:28:07.628303200+00:00,0,0
2024-02-03T01:28:07.697975550+00:00,0,1
2024-02-03T01:28:07.697976020+00:00,0,0
2024-02-03T01:28:08.128251600+00:00,1,0
2024-02-03T01:28:08.128301610+00:00,0,0
2024-02-03T01:28:08.194689080+00:00,0,1
2024-02-03T01:28:08.194697500+00:00,0,0
2024-02-03T01:28:08.628250000+00:00,1,0
2024-02-03T01:28:08.628300010+00:00,0,0
2024-02-03T01:28:08.692501820+00:00,0,1
2024-02-03T01:28:08.692502280+00:00,0,0
2024-02-03T01:28:09.128248410+00:00,1,0
2024-02-03T01:28:09.128298420+00:00,0,0
2024-02-03T01:28:09.193213650+00:00,0,1
2024-02-03T01:28:09.193214110+00:00,0,0
2024-02-03T01:28:09.628246810+00:00,1,0
2024-02-03T01:28:09.628296820+00:00,0,0
2024-02-03T01:28:09.699576960+00:00,0,1
2024-02-03T01:28:09.699577420+00:00,0,0
2024-02-03T01:28:10.128245220+00:00,1,0
2024-02-03T01:28:10.128295230+00:00,0,0
2024-02-03T01:28:10.196268960+00:00,0,1
2024-02-03T01:28:10.196269410+00:00,0,0
2024-02-03T01:28:10.628243620+00:00,1,0
2024-02-03T01:28:10.628293630+00:00,0,0
2024-02-03T01:28:10.696797330+00:00,0,1
2024-02-03T01:28:10.696797810+00:00,0,0
2024-02-03T01:28:11.128242020+00:00,1,0
2024-02-03T01:28:11.128292030+00:00,0,0
2024-02-03T01:28:11.190812960+00:00,0,1
2024-02-03T01:28:11.190813420+00:00,0,0
2024-02-03T01:28:11.628240430+00:00,1,0
2024-02-03T01:28:11.628290440+00:00,0,0
2024-02-03T01:28:11.693339650+00:00,0,1
2024-02-03T01:28:11.693340120+00:00,0,0
2024-02-03T01:28:12.128238830+00:00,1,0
2024-02-03T01:28:12.128288840+00:00,0,0
2024-02-03T01:28:12.191271600+00:00,0,1
2024-02-03T01:28:12.191272070+00:00,0,0
2024-02-03T01:28:12.628237240+00:00,1,0
2024-02-03T01:28:12.628287250+00:00,0,0
2024-02-03T01:28:12.692195000+00:00,0,1
2024-02-03T01:28:12.692195460+00:00,0,0
2024-02-03T01:28:13.128235640+00:00,1,0
2024-02-03T01:28:13.128285650+00:00,0,0
2024-02-03T01:28:13.195444830+00:00,0,1
2024-02-03T01:28:13.195445290+00:00,0,0
2024-02-03T01:28:13.628234040+00:00,1,0
2024-02-03T01:28:13.628284050+00:00,0,0
2024-02-03T01:28:13.694314690+00:00,0,1
2024-02-03T01:28:13.694315140+00:00,0,0
2024-02-03T01:28:14.128232450+00:00,1,0
2024-02-03T01:28:14.128282460+00:00,0,0
2024-02-03T01:28:14.194479210+00:00,0,1
2024-02-03T01:28:14.194479680+00:00,0,0
2024-02-03T01:28:14.628230850+00:00,1,0
2024-02-03T01:28:14.628280860+00:00,0,0
2024-02-03T01:28:14.695083000+00:00,0,1
2024-02-03T01:28:14.695083460+00:00,0,0
2024-02-03T01:28:15.128229250+00:00,1,0
2024-02-03T01:28:15.128279260+00:00,0,0
2024-02-03T01:28:15.196562810+00:00,0,1
2024-02-03T01:28:15.196563270+00:00,0,0
2024-02-03T01:28:15.628227650+00:00,1,0
2024-02-03T01:28:15.628277660+00:00,0,0
2024-02-03T01:28:15.693733940+00:00,0,1
2024-02-03T01:28:15.693734410+00:00,0,0
2024-02-03T01:28:16.128226060+00:00,1,0
2024-02-03T01:28:16.128276070+00:00,0,0
2024-02-03T01:28:16.190679760+00:00,0,1
2024-02-03T01:28:16.190680230+00:00,0,0
2024-02-03T01:28:16.628224460+00:00,1,0
2024-02-03T01:28:16.628274470+00:00,0,0
2024-02-03T01:28:16.696977570+00:00,0,1
2024-02-03T01:28:16.696978040+00:00,0,0
2024-02-03T01:28:17.128222860+00:00,1,0
2024-02-03T01:28:17.128272870+00:00,0,0
2024-02-03T01:28:17.193408890+00:00,0,1
2024-02-03T01:28:17.193409350+00:00,0,0
2024-02-03T01:28:17.628221260+00:00,1,0
2024-02-03T01:28:17.628271270+00:00,0,0
2024-02-03T01:28:17.694558650+00:00,0,1
2024-02-03T01:28:17.694567080+00:00,0,0
2024-02-03T01:28:18.128219660+00:00,1,0
2024-02-03T01:28:18.128269670+00:00,0,0
2024-02-03T01:28:18.192185790+00:00,0,1
2024-02-03T01:28:18.192186240+00:00,0,0
2024-02-03T01:28:18.628218060+00:00,1,0
2024-02-03T01:28:18.628268070+00:00,0,0
2024-02-03T01:28:18.698443290+00:00,0,1
2024-02-03T01:28:18.698451720+00:00,0,0
2024-02-03T01:28:19.128216470+00:00,1,0
2024-02-03T01:28:19.128266480+00:00,0,0
2024-02-03T01:28:19.198108650+00:00,0,1
2024-02-03T01:28:19.198117090+00:00,0,0
2024-02-03T01:28:19.628214870+00:00,1,0
2024-02-03T01:28:19.628264870+00:00,0,0
2024-02-03T01:28:19.692466040+00:00,0,1
2024-02-03T01:28:19.692466500+00:00,0,0
2024-02-03T01:28:20.128213270+00:00,1,0
2024-02-03T01:28:20.128263280+00:00,0,0
2024-02-03T01:28:20.193106220+00:00,0,1
2024-02-03T01:28:20.193114650+00:00,0,0
2024-02-03T01:28:20.628211670+00:00,1,0
2024-02-03T01:28:20.628261680+00:00,0,0
2024-02-03T01:28:20.692951370+00:00,0,1
2024-02-03T01:28:20.692951840+00:00,0,0
2024-02-03T01:28:21.128210070+00:00,1,0
2024-02-03T01:28:21.128260080+00:00,0,0
2024-02-03T01:28:21.196316250+00:00,0,1
2024-02-03T01:28:21.196316710+00:00,0,0
2024-02-03T01:28:21.628208470+00:00,1,0
2024-02-03T01:28:21.628258480+00:00,0,0
2024-02-03T01:28:21.693144330+00:00,0,1
2024-02-03T01:28:21.693144800+00:00,0,0
2024-02-03T01:28:22.128206870+00:00,1,0
2024-02-03T01:28:22.128256880+00:00,0,0
2024-02-03T01:28:22.196965820+00:00,0,1
2024-02-03T01:28:22.196966290+00:00,0,0
2024-02-03T01:28:22.628205270+00:00,1,0
2024-02-03T01:28:22.628255280+00:00,0,0
2024-02-03T01:28:22.691543120+00:00,0,1
2024-02-03T01:28:22.691551550+00:00,0,0
2024-02-03T01:28:23.128203670+00:00,1,0
2024-02-03T01:28:23.128253680+00:00,0,0
2024-02-03T01:28:23.194044690+00:00,0,1
2024-02-03T01:28:23.194045160+00:00,0,0
2024-02-03T01:28:23.628202070+00:00,1,0
2024-02-03T01:28:23.628252080+00:00,0,0
2024-02-03T01:28:23.694176740+00:00,0,1
2024-02-03T01:28:23.694177220+00:00,0,0
2024-02-03T01:28:24.128200470+00:00,1,0
2024-02-03T01:28:24.128250480+00:00,0,0
2024-02-03T01:28:24.196387180+00:00,0,1
2024-02-03T01:28:24.196387640+00:00,0,0
2024-02-03T01:28:24.628198870+00:00,1,0
2024-02-03T01:28:24.628248880+00:00,0,0
2024-02-03T01:28:24.692100650+00:00,0,1
2024-02-03T01:28:24.692101120+00:00,0,0
2024-02-03T01:28:25.128197270+00:00,1,0
2024-02-03T01:28:25.128247280+00:00,0,0
2024-02-03T01:28:25.195904670+00:00,0,1
2024-02-03T01:28:25.195905140+00:00,0,0
2024-02-03T01:28:25.628195670+00:00,1,0
2024-02-03T01:28:25.628245680+00:00,0,0
2024-02-03T01:28:25.694060400+00:00,0,1
2024-02-03T01:28:25.694060870+00:00,0,0
2024-02-03T01:28:26.128194060+00:00,1,0
2024-02-03T01:28:26.128244070+00:00,0,0
2024-02-03T01:28:26.196234940+00:00,0,1
2024-02-03T01:28:26.196235410+00:00,0,0
2024-02-03T01:28:26.628192460+00:00,1,0
2024-02-03T01:28:26.628242470+00:00,0,0
2024-02-03T01:28:26.699897470+00:00,0,1
2024-02-03T01:28:26.699897930+00:00,0,0
2024-02-03T01:28:27.128190860+00:00,1,0
2024-02-03T01:28:27.128240870+00:00,0,0
2024-02-03T01:28:27.197124450+00:00,0,1
2024-02-03T01:28:27.197124910+00:00,0,0
2024-02-03T01:28:27.628189260+00:00,1,0
2024-02-03T01:28:27.628239270+00:00,0,0
2024-02-03T01:28:27.697373980+00:00,0,1
2024-02-03T01:28:27.697374440+00:00,0,0
2024-02-03T01:28:28.128187660+00:00,1,0
2024-02-03T01:28:28.128237670+00:00,0,0
2024-02-03T01:28:28.193736360+00:00,0,1
2024-02-03T01:28:28.193736830+00:00,0,0
2024-02-03T01:28:28.628186060+00:00,1,0
2024-02-03T01:28:28.628236070+00:00,0,0
2024-02-03T01:28:28.692380460+00:00,0,1
2024-02-03T01:28:28.692388890+00:00,0,0
2024-02-03T01:28:29.128184460+00:00,1,0
2024-02-03T01:28:29.128234460+00:00,0,0
2024-02-03T01:28:29.196811770+00:00,0,1
2024-02-03T01:28:29.196812240+00:00,0,0
2024-02-03T01:28:29.628182850+00:00,1,0
2024-02-03T01:28:29.628232860+00:00,0,0
2024-02-03T01:28:29.698191710+00:00,0,1
2024-02-03T01:28:29.698192160+00:00,0,0
2024-02-03T01:28:30.128181250+00:00,1,0
2024-02-03T01:28:30.128231260+00:00,0,0
2024-02-03T01:28:30.194956090+00:00,0,1
2024-02-03T01:28:30.194956550+00:00,0,0
2024-02-03T01:28:30.628179650+00:00,1,0
2024-02-03T01:28:30.628229660+00:00,0,0
2024-02-03T01:28:30.693895730+00:00,0,1
2024-02-03T01:28:30.693896180+00:00,0,0
2024-02-03T01:28:31.128178050+00:00,1,0
2024-02-03T01:28:31.128228060+00:00,0,0
2024-02-03T01:28:31.194655520+00:00,0,1
2024-02-03T01:28:31.194655970+00:00,0,0
2024-02-03T01:28:31.628176440+00:00,1,0
2024-02-03T01:28:31.628226450+00:00,0,0
2024-02-03T01:28:31.698764330+00:00,0,1
2024-02-03T01:28:31.698780500+00:00,0,0
2024-02-03T01:28:32.128174840+00:00,1,0
2024-02-03T01:28:32.128224850+00:00,0,0
2024-02-03T01:28:32.191657730+00:00,0,1
2024-02-03T01:28:32.191666160+00:00,0,0
2024-02-03T01:28:32.628173240+00:00,1,0
2024-02-03T01:28:32.628223250+00:00,0,0
2024-02-03T01:28:32.691964900+00:00,0,1
2024-02-03T01:28:32.691965360+00:00,0,0
2024-02-03T01:28:33.128171630+00:00,1,0
2024-02-03T01:28:33.128221640+00:00,0,0
2024-02-03T01:28:33.195459920+00:00,0,1
2024-02-03T01:28:33.195460390+00:00,0,0
2024-02-03T01:28:33.628170030+00:00,1,0
2024-02-03T01:28:33.628220040+00:00,0,0
2024-02-03T01:28:33.696385630+00:00,0,1
2024-02-03T01:28:33.696386080+00:00,0,0
2024-02-03T01:28:34.128168430+00:00,1,0
2024-02-03T01:28:34.128218430+00:00,0,0
2024-02-03T01:28:34.193612100+00:00,0,1
2024-02-03T01:28:34.193612570+00:00,0,0
2024-02-03T01:28:34.628166820+00:00,1,0
2024-02-03T01:28:34.628216830+00:00,0,0
2024-02-03T01:28:34.697167760+00:00,0,1
2024-02-03T01:28:34.697168230+00:00,0,0
2024-02-03T01:28:35.128165220+00:00,1,0
2024-02-03T01:28:35.128215230+00:00,0,0
2024-02-03T01:28:35.193177620+00:00,0,1
2024-02-03T01:28:35.193178080+00:00,0,0
2024-02-03T01:28:35.628163610+00:00,1,0
2024-02-03T01:28:35.628213620+00:00,0,0
2024-02-03T01:28:35.701737580+00:00,0,1
2024-02-03T01:28:35.701738040+00:00,0,0
2024-02-03T01:28:36.128162010+00:00,1,0
2024-02-03T01:28:36.128212020+00:00,0,0
2024-02-03T01:28:36.196726660+00:00,0,1
2024-02-03T01:28:36.196727110+00:00,0,0
2024-02-03T01:28:36.628160400+00:00,1,0
2024-02-03T01:28:36.628210410+00:00,0,0
2024-02-03T01:28:36.693538940+00:00,0,1
2024-02-03T01:28:36.693539410+00:00,0,0
2024-02-03T01:28:37.128158800+00:00,1,0
2024-02-03T01:28:37.128208810+00:00,0,0
2024-02-03T01:28:37.197160950+00:00,0,1
2024-02-03T01:28:37.197161410+00:00,0,0
2024-02-03T01:28:37.628157190+00:00,1,0
2024-02-03T01:28:37.628207200+00:00,0,0
2024-02-03T01:28:37.691767620+00:00,0,1
2024-02-03T01:28:37.691768080+00:00,0,0
2024-02-03T01:28:38.128155590+00:00,1,0
2024-02-03T01:28:38.128205600+00:00,0,0
2024-02-03T01:28:38.197419040+00:00,0,1
2024-02-03T01:28:38.197419490+00:00,0,0
2024-02-03T01:28:38.628153980+00:00,1,0
2024-02-03T01:28:38.628203990+00:00,0,0
2024-02-03T01:28:38.693927880+00:00,0,1
2024-02-03T01:28:38.693928330+00:00,0,0
2024-02-03T01:28:39.128152380+00:00,1,0
2024-02-03T01:28:39.128202390+00:00,0,0
2024-02-03T01:28:39.194654700+00:00,0,1
2024-02-03T01:28:39.194655150+00:00,0,0
2024-02-03T01:28:39.628150770+00:00,1,0
2024-02-03T01:28:39.628200780+00:00,0,0
2024-02-03T01:28:39.692970570+00:00,0,1
2024-02-03T01:28:39.692971040+00:00,0,0
2024-02-03T01:28:40.128149170+00:00,1,0
2024-02-03T01:28:40.128199180+00:00,0,0
2024-02-03T01:28:40.197423320+00:00,0,1
2024-02-03T01:28:40.197423790+00:00,0,0
2024-02-03T01:28:40.628147560+00:00,1,0
2024-02-03T01:28:40.628197570+00:00,0,0
2024-02-03T01:28:40.694108820+00:00,0,1
2024-02-03T01:28:40.694109270+00:00,0,0
2024-02-03T01:28:41.128145960+00:00,1,0
2024-02-03T01:28:41.128195960+00:00,0,0
2024-02-03T01:28:41.195153280+00:00,0,1
2024-02-03T01:28:41.195161710+00:00,0,0
2024-02-03T01:28:41.628144350+00:00,1,0
2024-02-03T01:28:41.628194360+00:00,0,0
2024-02-03T01:28:41.694483730+00:00,0,1
2024-02-03T01:28:41.694484190+00:00,0,0
2024-02-03T01:28:42.128142740+00:00,1,0
2024-02-03T01:28:42.128192750+00:00,0,0
2024-02-03T01:28:42.199778520+00:00,0,1
2024-02-03T01:28:42.199778990+00:00,0,0
2024-02-03T01:28:42.628141140+00:00,1,0
2024-02-03T01:28:42.628191140+00:00,0,0
2024-02-03T01:28:42.695840980+00:00,0,1
2024-02-03T01:28:42.695841440+00:00,0,0
2024-02-03T01:28:43.128139530+00:00,1,0
2024-02-03T01:28:43.128189540+00:00,0,0
2024-02-03T01:28:43.192501540+00:00,0,1
2024-02-03T01:28:43.192502000+00:00,0,0
2024-02-03T01:28:43.628137920+00:00,1,0
2024-02-03T01:28:43.628187930+00:00,0,0
2024-02-03T01:28:43.691966800+00:00,0,1
2024-02-03T01:28:43.691967260+00:00,0,0
2024-02-03T01:28:44.128136310+00:00,1,0
2024-02-03T01:28:44.128186320+00:00,0,0
2024-02-03T01:28:44.192783740+00:00,0,1
2024-02-03T01:28:44.192784200+00:00,0,0
2024-02-03T01:28:44.628134710+00:00,1,0
2024-02-03T01:28:44.628184720+00:00,0,0
2024-02-03T01:28:44.695423210+00:00,0,1
2024-02-03T01:28:44.695431640+00:00,0,0
2024-02-03T01:28:45.128133100+00:00,1,0
2024-02-03T01:28:45.128183110+00:00,0,0
2024-02-03T01:28:45.191397030+00:00,0,1
2024-02-03T01:28:45.191405460+00:00,0,0
2024-02-03T01:28:45.628131490+00:00,1,0
2024-02-03T01:28:45.628181500+00:00,0,0
2024-02-03T01:28:45.691720860+00:00,0,1
2024-02-03T01:28:45.691721330+00:00,0,0
2024-02-03T01:28:46.128129890+00:00,1,0
2024-02-03T01:28:46.128179890+00:00,0,0
2024-02-03T01:28:46.194436550+00:00,0,1
2024-02-03T01:28:46.194437020+00:00,0,0
2024-02-03T01:28:46.628128280+00:00,1,0
2024-02-03T01:28:46.628178290+00:00,0,0
2024-02-03T01:28:46.692158300+00:00,0,1
2024-02-03T01:28:46.692158750+00:00,0,0
2024-02-03T01:28:47.128126670+00:00,1,0
2024-02-03T01:28:47.128176680+00:00,0,0
2024-02-03T01:28:47.194282910+00:00,0,1
2024-02-03T01:28:47.194283370+00:00,0,0
2024-02-03T01:28:47.628125060+00:00,1,0
2024-02-03T01:28:47.628175070+00:00,0,0
2024-02-03T01:28:47.692046900+00:00,0,1
2024-02-03T01:28:47.692047360+00:00,0,0
2024-02-03T01:28:48.128123450+00:00,1,0
2024-02-03T01:28:48.128173460+00:00,0,0
2024-02-03T01:28:48.192631130+00:00,0,1
2024-02-03T01:28:48.192631590+00:00,0,0
2024-02-03T01:28:48.628121840+00:00,1,0
2024-02-03T01:28:48.628171850+00:00,0,0
2024-02-03T01:28:48.705587380+00:00,0,1
2024-02-03T01:28:48.705587850+00:00,0,0
2024-02-03T01:28:49.128120230+00:00,1,0
2024-02-03T01:28:49.128170240+00:00,0,0
2024-02-03T01:28:49.191411790+00:00,0,1
2024-02-03T01:28:49.191420210+00:00,0,0
2024-02-03T01:28:49.628118620+00:00,1,0
2024-02-03T01:28:49.628168630+00:00,0,0
2024-02-03T01:28:49.694266820+00:00,0,1
2024-02-03T01:28:49.694267290+00:00,0,0
2024-02-03T01:28:50.128117010+00:00,1,0
2024-02-03T01:28:50.128167020+00:00,0,0
2024-02-03T01:28:50.201673660+00:00,0,1
2024-02-03T01:28:50.201674130+00:00,0,0
2024-02-03T01:28:50.628115400+00:00,1,0
2024-02-03T01:28:50.628165410+00:00,0,0
2024-02-03T01:28:50.693692770+00:00,0,1
2024-02-03T01:28:50.693693240+00:00,0,0
2024-02-03T01:28:51.128113800+00:00,1,0
2024-02-03T01:28:51.128163800+00:00,0,0
2024-02-03T01:28:51.195521990+00:00,0,1
2024-02-03T01:28:51.195522440+00:00,0,0
2024-02-03T01:28:51.628112190+00:00,1,0
2024-02-03T01:28:51.628162190+00:00,0,0
2024-02-03T01:28:51.698409700+00:00,0,1
2024-02-03T01:28:51.698410150+00:00,0,0
2024-02-03T01:28:52.128110580+00:00,1,0
2024-02-03T01:28:52.128160590+00:00,0,0
2024-02-03T01:28:52.197218450+00:00,0,1
2024-02-03T01:28:52.197218910+00:00,0,0
2024-02-03T01:28:52.628108970+00:00,1,0
2024-02-03T01:28:52.628158970+00:00,0,0
2024-02-03T01:28:52.695050740+00:00,0,1
2024-02-03T01:28:52.695051200+00:00,0,0
2024-02-03T01:28:53.128107360+00:00,1,0
2024-02-03T01:28:53.128157360+00:00,0,0
2024-02-03T01:28:53.191032170+00:00,0,1
2024-02-03T01:28:53.191032640+00:00,0,0
2024-02-03T01:28:53.628105740+00:00,1,0
2024-02-03T01:28:53.628155750+00:00,0,0
2024-02-03T01:28:53.694236360+00:00,0,1
2024-02-03T01:28:53.694236840+00:00,0,0
2024-02-03T01:28:54.128104130+00:00,1,0
2024-02-03T01:28:54.128154140+00:00,0,0
2024-02-03T01:28:54.197220840+00:00,0,1
2024-02-03T01:28:54.197221300+00:00,0,0
2024-02-03T01:28:54.628102520+00:00,1,0
2024-02-03T01:28:54.628152530+00:00,0,0
2024-02-03T01:28:54.692982620+00:00,0,1
2024-02-03T01:28:54.692983090+00:00,0,0
2024-02-03T01:28:55.128100910+00:00,1,0
2024-02-03T01:28:55.128150920+00:00,0,0
2024-02-03T01:28:55.193617130+00:00,0,1
2024-02-03T01:28:55.193617580+00:00,0,0
2024-02-03T01:28:55.628099300+00:00,1,0
2024-02-03T01:28:55.628149310+00:00,0,0
2024-02-03T01:28:55.694246030+00:00,0,1
2024-02-03T01:28:55.694246500+00:00,0,0
2024-02-03T01:28:56.128097690+00:00,1,0
2024-02-03T01:28:56.128147700+00:00,0,0
2024-02-03T01:28:56.199140160+00:00,0,1
2024-02-03T01:28:56.199140630+00:00,0,0
2024-02-03T01:28:56.628096080+00:00,1,0
2024-02-03T01:28:56.628146090+00:00,0,0
2024-02-03T01:28:56.692338270+00:00,0,1
2024-02-03T01:28:56.692338720+00:00,0,0
2024-02-03T01:28:57.128094470+00:00,1,0
2024-02-03T01:28:57.128144480+00:00,0,0
2024-02-03T01:28:57.196863880+00:00,0,1
2024-02-03T01:28:57.196864340+00:00,0,0
2024-02-03T01:28:57.628092860+00:00,1,0
2024-02-03T01:28:57.628142860+00:00,0,0
2024-02-03T01:28:57.691607950+00:00,0,1
2024-02-03T01:28:57.691608420+00:00,0,0
2024-02-03T01:28:58.128091240+00:00,1,0
2024-02-03T01:28:58.128141250+00:00,0,0
2024-02-03T01:28:58.193536670+00:00,0,1
2024-02-03T01:28:58.193537130+00:00,0,0
2024-02-03T01:28:58.628089630+00:00,1,0
2024-02-03T01:28:58.628139640+00:00,0,0
2024-02-03T01:28:58.693683240+00:00,0,1
2024-02-03T01:28:58.693683690+00:00,0,0
2024-02-03T01:28:59.128088020+00:00,1,0
2024-02-03T01:28:59.128138030+00:00,0,0
2024-02-03T01:28:59.197090320+00:00,0,1
2024-02-03T01:28:59.197090790+00:00,0,0
2024-02-03T01:28:59.628086410+00:00,1,0
2024-02-03T01:28:59.628136420+00:00,0,0
2024-02-03T01:28:59.695562130+00:00,0,1
2024-02-03T01:28:59.695562590+00:00,0,0
2024-02-03T01:29:00.128084790+00:00,1,0
2024-02-03T01:29:00.128134800+00:00,0,0
2024-02-03T01:29:00.195622090+00:00,0,1
2024-02-03T01:29:00.195622550+00:00,0,0
2024-02-03T01:29:00.628083180+00:00,1,0
2024-02-03T01:29:00.628133190+00:00,0,0
2024-02-03T01:29:00.696856230+00:00,0,1
2024-02-03T01:29:00.696856700+00:00,0,0
2024-02-03T01:29:01.128081570+00:00,1,0
2024-02-03T01:29:01.128131580+00:00,0,0
2024-02-03T01:29:01.193037160+00:00,0,1
2024-02-03T01:29:01.193037620+00:00,0,0
2024-02-03T01:29:01.628079960+00:00,1,0
2024-02-03T01:29:01.628129960+00:00,0,0
2024-02-03T01:29:01.711325710+00:00,0,1
2024-02-03T01:29:01.711326160+00:00,0,0
2024-02-03T01:29:02.128078340+00:00,1,0
2024-02-03T01:29:02.128128350+00:00,0,0
2024-02-03T01:29:02.193116300+00:00,0,1
2024-02-03T01:29:02.193116760+00:00,0,0
2024-02-03T01:29:02.628076730+00:00,1,0
2024-02-03T01:29:02.628126740+00:00,0,0
2024-02-03T01:29:02.695354760+00:00,0,1
2024-02-03T01:29:02.695355230+00:00,0,0
2024-02-03T01:29:03.128075120+00:00,1,0
2024-02-03T01:29:03.128125120+00:00,0,0
2024-02-03T01:29:03.191526420+00:00,0,1
2024-02-03T01:29:03.191526880+00:00,0,0
2024-02-03T01:29:03.628073500+00:00,1,0
2024-02-03T01:29:03.628123510+00:00,0,0
2024-02-03T01:29:03.694865120+00:00,0,1
2024-02-03T01:29:03.694865570+00:00,0,0
2024-02-03T01:29:04.128071890+00:00,1,0
2024-02-03T01:29:04.128121900+00:00,0,0
2024-02-03T01:29:04.195318760+00:00,0,1
2024-02-03T01:29:04.195327190+00:00,0,0
2024-02-03T01:29:04.628070270+00:00,1,0
2024-02-03T01:29:04.628120280+00:00,0,0
2024-02-03T01:29:04.692195780+00:00,0,1
2024-02-03T01:29:04.692196240+00:00,0,0
2024-02-03T01:29:05.128068660+00:00,1,0
2024-02-03T01:29:05.128118670+00:00,0,0
2024-02-03T01:29:05.193941180+00:00,0,1
2024-02-03T01:29:05.193941650+00:00,0,0
2024-02-03T01:29:05.628067050+00:00,1,0
2024-02-03T01:29:05.628117050+00:00,0,0
2024-02-03T01:29:05.701726260+00:00,0,1
2024-02-03T01:29:05.701726710+00:00,0,0
2024-02-03T01:29:06.128065430+00:00,1,0
2024-02-03T01:29:06.128115440+00:00,0,0
2024-02-03T01:29:06.210254930+00:00,0,1
2024-02-03T01:29:06.210255380+00:00,0,0
2024-02-03T01:29:06.628063820+00:00,1,0
2024-02-03T01:29:06.628113830+00:00,0,0
2024-02-03T01:29:06.693461000+00:00,0,1
2024-02-03T01:29:06.693461480+00:00,0,0
2024-02-03T01:29:07.128062200+00:00,1,0
2024-02-03T01:29:07.128112210+00:00,0,0
2024-02-03T01:29:07.198520410+00:00,0,1
2024-02-03T01:29:07.198528840+00:00,0,0
2024-02-03T01:29:07.628060590+00:00,1,0
2024-02-03T01:29:07.628110590+00:00,0,0
2024-02-03T01:29:07.694479350+00:00,0,1
2024-02-03T01:29:07.694479810+00:00,0,0
2024-02-03T01:29:08.128058970+00:00,1,0
2024-02-03T01:29:08.128108980+00:00,0,0
2024-02-03T01:29:08.194769630+00:00,0,1
2024-02-03T01:29:08.194770080+00:00,0,0
2024-02-03T01:29:08.628057350+00:00,1,0
2024-02-03T01:29:08.628107360+00:00,0,0
2024-02-03T01:29:08.698576440+00:00,0,1
2024-02-03T01:29:08.698576910+00:00,0,0
2024-02-03T01:29:09.128055740+00:00,1,0
2024-02-03T01:29:09.128105750+00:00,0,0
2024-02-03T01:29:09.196437210+00:00,0,1
2024-02-03T01:29:09.196437660+00:00,0,0
2024-02-03T01:29:09.628054120+00:00,1,0
2024-02-03T01:29:09.628104130+00:00,0,0
2024-02-03T01:29:09.698615900+00:00,0,1
2024-02-03T01:29:09.698632070+00:00,0,0
2024-02-03T01:29:10.128052510+00:00,1,0
2024-02-03T01:29:10.128102520+00:00,0,0
2024-02-03T01:29:10.192166650+00:00,0,1
2024-02-03T01:29:10.192175080+00:00,0,0
2024-02-03T01:29:10.628050890+00:00,1,0
2024-02-03T01:29:10.628100900+00:00,0,0
2024-02-03T01:29:10.693882030+00:00,0,1
2024-02-03T01:29:10.693890460+00:00,0,0
2024-02-03T01:29:11.128049280+00:00,1,0
2024-02-03T01:29:11.128099280+00:00,0,0
2024-02-03T01:29:11.194372730+00:00,0,1
2024-02-03T01:29:11.194373200+00:00,0,0
2024-02-03T01:29:11.628047660+00:00,1,0
2024-02-03T01:29:11.628097670+00:00,0,0
2024-02-03T01:29:11.695944160+00:00,0,1
2024-02-03T01:29:11.695944620+00:00,0,0
2024-02-03T01:29:12.128046040+00:00,1,0
2024-02-03T01:29:12.128096050+00:00,0,0
2024-02-03T01:29:12.198885640+00:00,0,1
2024-02-03T01:29:12.198894070+00:00,0,0
2024-02-03T01:29:12.628044430+00:00,1,0
2024-02-03T01:29:12.628094440+00:00,0,0
2024-02-03T01:29:12.694678820+00:00,0,1
2024-02-03T01:29:12.694687260+00:00,0,0
2024-02-03T01:29:13.128042810+00:00,1,0
2024-02-03T01:29:13.128092820+00:00,0,0
2024-02-03T01:29:13.195699240+00:00,0,1
2024-02-03T01:29:13.195699700+00:00,0,0
2024-02-03T01:29:13.628041190+00:00,1,0
2024-02-03T01:29:13.628091200+00:00,0,0
2024-02-03T01:29:13.696578090+00:00,0,1
2024-02-03T01:29:13.696578550+00:00,0,0
2024-02-03T01:29:14.128039580+00:00,1,0
2024-02-03T01:29:14.128089580+00:00,0,0
2024-02-03T01:29:14.199436890+00:00,0,1
2024-02-03T01:29:14.199445330+00:00,0,0
2024-02-03T01:29:14.628037960+00:00,1,0
2024-02-03T01:29:14.628087970+00:00,0,0
2024-02-03T01:29:14.693744470+00:00,0,1
2024-02-03T01:29:14.693744940+00:00,0,0
2024-02-03T01:29:15.128036340+00:00,1,0
2024-02-03T01:29:15.128086350+00:00,0,0
2024-02-03T01:29:15.191875590+00:00,0,1
2024-02-03T01:29:15.191884020+00:00,0,0
2024-02-03T01:29:15.628034730+00:00,1,0
2024-02-03T01:29:15.628084730+00:00,0,0
2024-02-03T01:29:15.696489040+00:00,0,1
2024-02-03T01:29:15.696489500+00:00,0,0
2024-02-03T01:29:16.128033110+00:00,1,0
2024-02-03T01:29:16.128083120+00:00,0,0
2024-02-03T01:29:16.198651180+00:00,0,1
2024-02-03T01:29:16.198651640+00:00,0,0
2024-02-03T01:29:16.628031490+00:00,1,0
2024-02-03T01:29:16.628081500+00:00,0,0
2024-02-03T01:29:16.692825880+00:00,0,1
2024-02-03T01:29:16.692826330+00:00,0,0
2024-02-03T01:29:17.128029870+00:00,1,0
2024-02-03T01:29:17.128079880+00:00,0,0
2024-02-03T01:29:17.194180280+00:00,0,1
2024-02-03T01:29:17.194180730+00:00,0,0
2024-02-03T01:29:17.628028250+00:00,1,0
2024-02-03T01:29:17.628078260+00:00,0,0
2024-02-03T01:29:17.693469130+00:00,0,1
2024-02-03T01:29:17.693469590+00:00,0,0
2024-02-03T01:29:18.128026640+00:00,1,0
2024-02-03T01:29:18.128076650+00:00,0,0
2024-02-03T01:29:18.193040640+00:00,0,1
2024-02-03T01:29:18.193041100+00:00,0,0
2024-02-03T01:29:18.628025020+00:00,1,0
2024-02-03T01:29:18.628075030+00:00,0,0
2024-02-03T01:29:18.700623770+00:00,0,1
2024-02-03T01:29:18.700624240+00:00,0,0
2024-02-03T01:29:19.128023400+00:00,1,0
2024-02-03T01:29:19.128073410+00:00,0,0
2024-02-03T01:29:19.195742100+00:00,0,1
2024-02-03T01:29:19.195742560+00:00,0,0
2024-02-03T01:29:19.628021780+00:00,1,0
2024-02-03T01:29:19.628071790+00:00,0,0
2024-02-03T01:29:19.697662290+00:00,0,1
2024-02-03T01:29:19.697662750+00:00,0,0
2024-02-03T01:29:20.128020160+00:00,1,0
2024-02-03T01:29:20.128070170+00:00,0,0
2024-02-03T01:29:20.197273230+00:00,0,1
2024-02-03T01:29:20.197273680+00:00,0,0
2024-02-03T01:29:20.628018540+00:00,1,0
2024-02-03T01:29:20.628068550+00:00,0,0
2024-02-03T01:29:20.692866770+00:00,0,1
2024-02-03T01:29:20.692867230+00:00,0,0
2024-02-03T01:29:21.128016920+00:00,1,0
2024-02-03T01:29:21.128066930+00:00,0,0
2024-02-03T01:29:21.198701670+00:00,0,1
2024-02-03T01:29:21.198702130+00:00,0,0
2024-02-03T01:29:21.628015300+00:00,1,0
2024-02-03T01:29:21.628065310+00:00,0,0
2024-02-03T01:29:21.692855200+00:00,0,1
2024-02-03T01:29:21.692855660+00:00,0,0
2024-02-03T01:29:22.128013680+00:00,1,0
2024-02-03T01:29:22.128063690+00:00,0,0
2024-02-03T01:29:22.198708920+00:00,0,1
2024-02-03T01:29:22.198709380+00:00,0,0
2024-02-03T01:29:22.628012060+00:00,1,0
2024-02-03T01:29:22.628062070+00:00,0,0
2024-02-03T01:29:22.699867690+00:00,0,1
2024-02-03T01:29:22.699884140+00:00,0,0
2024-02-03T01:29:23.128010440+00:00,1,0
2024-02-03T01:29:23.128060450+00:00,0,0
2024-02-03T01:29:23.199411500+00:00,0,1
2024-02-03T01:29:23.199419930+00:00,0,0
2024-02-03T01:29:23.628008820+00:00,1,0
2024-02-03T01:29:23.628058830+00:00,0,0
2024-02-03T01:29:23.695109010+00:00,0,1
2024-02-03T01:29:23.695109490+00:00,0,0
2024-02-03T01:29:24.128007200+00:00,1,0
2024-02-03T01:29:24.128057210+00:00,0,0
2024-02-03T01:29:24.193713990+00:00,0,1
2024-02-03T01:29:24.193714450+00:00,0,0
2024-02-03T01:29:24.628005580+00:00,1,0
2024-02-03T01:29:24.628055590+00:00,0,0
2024-02-03T01:29:24.693967460+00:00,0,1
2024-02-03T01:29:24.693967920+00:00,0,0
2024-02-03T01:29:25.128003960+00:00,1,0
2024-02-03T01:29:25.128053970+00:00,0,0
2024-02-03T01:29:25.192986300+00:00,0,1
2024-02-03T01:29:25.192986770+00:00,0,0
2024-02-03T01:29:25.628002340+00:00,1,0
2024-02-03T01:29:25.628052350+00:00,0,0
2024-02-03T01:29:25.692793240+00:00,0,1
2024-02-03T01:29:25.692793710+00:00,0,0
2024-02-03T01:29:26.128000720+00:00,1,0
2024-02-03T01:29:26.128050730+00:00,0,0
2024-02-03T01:29:26.192681780+00:00,0,1
2024-02-03T01:29:26.192682240+00:00,0,0
2024-02-03T01:29:26.627999100+00:00,1,0
2024-02-03T01:29:26.628049110+00:00,0,0
2024-02-03T01:29:26.694800440+00:00,0,1
2024-02-03T01:29:26.694800910+00:00,0,0
2024-02-03T01:29:27.127997480+00:00,1,0
2024-02-03T01:29:27.128047490+00:00,0,0
2024-02-03T01:29:27.210086040+00:00,0,1
2024-02-03T01:29:27.210086500+00:00,0,0
2024-02-03T01:29:27.627995860+00:00,1,0
2024-02-03T01:29:27.628045870+00:00,0,0
2024-02-03T01:29:27.693195990+00:00,0,1
2024-02-03T01:29:27.693196460+00:00,0,0
2024-02-03T01:29:28.127994240+00:00,1,0
2024-02-03T01:29:28.128044250+00:00,0,0
2024-02-03T01:29:28.193335890+00:00,0,1
2024-02-03T01:29:28.193336350+00:00,0,0
2024-02-03T01:29:28.627992620+00:00,1,0
2024-02-03T01:29:28.628042620+00:00,0,0
2024-02-03T01:29:28.692828210+00:00,0,1
2024-02-03T01:29:28.692828690+00:00,0,0
2024-02-03T01:29:29.127990990+00:00,1,0
2024-02-03T01:29:29.128041000+00:00,0,0
2024-02-03T01:29:29.196872430+00:00,0,1
2024-02-03T01:29:29.196872890+00:00,0,0
2024-02-03T01:29:29.627989370+00:00,1,0
2024-02-03T01:29:29.628039380+00:00,0,0
2024-02-03T01:29:29.697569040+00:00,0,1
2024-02-03T01:29:29.697569500+00:00,0,0
2024-02-03T01:29:30.127987750+00:00,1,0
2024-02-03T01:29:30.128037760+00:00,0,0
2024-02-03T01:29:30.193064870+00:00,0,1
2024-02-03T01:29:30.193065340+00:00,0,0
2024-02-03T01:29:30.627986130+00:00,1,0
2024-02-03T01:29:30.628036140+00:00,0,0
2024-02-03T01:29:30.693592480+00:00,0,1
2024-02-03T01:29:30.693592930+00:00,0,0
2024-02-03T01:29:31.127984510+00:00,1,0
2024-02-03T01:29:31.128034520+00:00,0,0
2024-02-03T01:29:31.200251630+00:00,0,1
2024-02-03T01:29:31.200252080+00:00,0,0
2024-02-03T01:29:31.627982880+00:00,1,0
2024-02-03T01:29:31.628032890+00:00,0,0
2024-02-03T01:29:31.694325310+00:00,0,1
2024-02-03T01:29:31.694325780+00:00,0,0
2024-02-03T01:29:32.127981260+00:00,1,0
2024-02-03T01:29:32.128031270+00:00,0,0
2024-02-03T01:29:32.196672100+00:00,0,1
2024-02-03T01:29:32.196672560+00:00,0,0
2024-02-03T01:29:32.627979640+00:00,1,0
2024-02-03T01:29:32.628029650+00:00,0,0
2024-02-03T01:29:32.696119770+00:00,0,1
2024-02-03T01:29:32.696120240+00:00,0,0
2024-02-03T01:29:33.127978020+00:00,1,0
2024-02-03T01:29:33.128028020+00:00,0,0
2024-02-03T01:29:33.193848470+00:00,0,1
2024-02-03T01:29:33.193848930+00:00,0,0
2024-02-03T01:29:33.627976390+00:00,1,0
2024-02-03T01:29:33.628026400+00:00,0,0
2024-02-03T01:29:33.692410460+00:00,0,1
2024-02-03T01:29:33.692410910+00:00,0,0
2024-02-03T01:29:34.127974770+00:00,1,0
2024-02-03T01:29:34.128024780+00:00,0,0
2024-02-03T01:29:34.193237840+00:00,0,1
2024-02-03T01:29:34.193238310+00:00,0,0
2024-02-03T01:29:34.627973150+00:00,1,0
2024-02-03T01:29:34.628023150+00:00,0,0
2024-02-03T01:29:34.693373220+00:00,0,1
2024-02-03T01:29:34.693373680+00:00,0,0
2024-02-03T01:29:35.127971520+00:00,1,0
2024-02-03T01:29:35.128021530+00:00,0,0
2024-02-03T01:29:35.193900230+00:00,0,1
2024-02-03T01:29:35.193900690+00:00,0,0
2024-02-03T01:29:35.627969900+00:00,1,0
2024-02-03T01:29:35.628019910+00:00,0,0
2024-02-03T01:29:35.699966670+00:00,0,1
2024-02-03T01:29:35.699975100+00:00,0,0
2024-02-03T01:29:36.127968270+00:00,1,0
2024-02-03T01:29:36.128018280+00:00,0,0
2024-02-03T01:29:36.200090380+00:00,0,1
2024-02-03T01:29:36.200098800+00:00,0,0
2024-02-03T01:29:36.627966650+00:00,1,0
2024-02-03T01:29:36.628016660+00:00,0,0
2024-02-03T01:29:36.698851530+00:00,0,1
2024-02-03T01:29:36.698851980+00:00,0,0
2024-02-03T01:29:37.127965030+00:00,1,0
2024-02-03T01:29:37.128015040+00:00,0,0
2024-02-03T01:29:37.199026740+00:00,0,1
2024-02-03T01:29:37.199027200+00:00,0,0
2024-02-03T01:29:37.627963400+00:00,1,0
2024-02-03T01:29:37.628013410+00:00,0,0
2024-02-03T01:29:37.694204470+00:00,0,1
2024-02-03T01:29:37.694204930+00:00,0,0
2024-02-03T01:29:38.127961780+00:00,1,0
2024-02-03T01:29:38.128011790+00:00,0,0
2024-02-03T01:29:38.197814760+00:00,0,1
2024-02-03T01:29:38.197815220+00:00,0,0
2024-02-03T01:29:38.627960150+00:00,1,0
2024-02-03T01:29:38.628010160+00:00,0,0
2024-02-03T01:29:38.700039070+00:00,0,1
2024-02-03T01:29:38.700039530+00:00,0,0
2024-02-03T01:29:39.127958530+00:00,1,0
2024-02-03T01:29:39.128008540+00:00,0,0
2024-02-03T01:29:39.193002460+00:00,0,1
2024-02-03T01:29:39.193002910+00:00,0,0
2024-02-03T01:29:39.627956900+00:00,1,0
2024-02-03T01:29:39.628006910+00:00,0,0
2024-02-03T01:29:39.700783160+00:00,0,1
2024-02-03T01:29:39.700783620+00:00,0,0
2024-02-03T01:29:40.127955280+00:00,1,0
2024-02-03T01:29:40.128005290+00:00,0,0
2024-02-03T01:29:40.193984320+00:00,0,1
2024-02-03T01:29:40.193984780+00:00,0,0
2024-02-03T01:29:40.627953650+00:00,1,0
2024-02-03T01:29:40.628003660+00:00,0,0
2024-02-03T01:29:40.701568460+00:00,0,1
2024-02-03T01:29:40.701568920+00:00,0,0
2024-02-03T01:29:41.127952030+00:00,1,0
2024-02-03T01:29:41.128002040+00:00,0,0
2024-02-03T01:29:41.193389480+00:00,0,1
2024-02-03T01:29:41.193389950+00:00,0,0
2024-02-03T01:29:41.627950400+00:00,1,0
2024-02-03T01:29:41.628000410+00:00,0,0
2024-02-03T01:29:41.694316390+00:00,0,1
2024-02-03T01:29:41.694316850+00:00,0,0
2024-02-03T01:29:42.127948780+00:00,1,0
2024-02-03T01:29:42.127998790+00:00,0,0
2024-02-03T01:29:42.196648690+00:00,0,1
2024-02-03T01:29:42.196649160+00:00,0,0
2024-02-03T01:29:42.627947150+00:00,1,0
2024-02-03T01:29:42.627997160+00:00,0,0
2024-02-03T01:29:42.696566600+00:00,0,1
2024-02-03T01:29:42.696567050+00:00,0,0
2024-02-03T01:29:43.127945520+00:00,1,0
2024-02-03T01:29:43.127995530+00:00,0,0
2024-02-03T01:29:43.194462340+00:00,0,1
2024-02-03T01:29:43.194462790+00:00,0,0
2024-02-03T01:29:43.627943900+00:00,1,0
2024-02-03T01:29:43.627993910+00:00,0,0
2024-02-03T01:29:43.698989890+00:00,0,1
2024-02-03T01:29:43.698990340+00:00,0,0
2024-02-03T01:29:44.127942270+00:00,1,0
2024-02-03T01:29:44.127992280+00:00,0,0
2024-02-03T01:29:44.199265740+00:00,0,1
2024-02-03T01:29:44.199274160+00:00,0,0
2024-02-03T01:29:44.627940650+00:00,1,0
2024-02-03T01:29:44.627990660+00:00,0,0
2024-02-03T01:29:44.703439360+00:00,0,1
2024-02-03T01:29:44.703447790+00:00,0,0
2024-02-03T01:29:45.127939020+00:00,1,0
2024-02-03T01:29:45.127989030+00:00,0,0
2024-02-03T01:29:45.194369580+00:00,0,1
2024-02-03T01:29:45.194370040+00:00,0,0
2024-02-03T01:29:45.627937390+00:00,1,0
2024-02-03T01:29:45.627987400+00:00,0,0
2024-02-03T01:29:45.692390400+00:00,0,1
2024-02-03T01:29:45.692390870+00:00,0,0
2024-02-03T01:29:46.127935770+00:00,1,0
2024-02-03T01:29:46.127985780+00:00,0,0
2024-02-03T01:29:46.192693850+00:00,0,1
2024-02-03T01:29:46.192694320+00:00,0,0
2024-02-03T01:29:46.627934140+00:00,1,0
2024-02-03T01:29:46.627984150+00:00,0,0
2024-02-03T01:29:46.697994550+00:00,0,1
2024-02-03T01:29:46.697995020+00:00,0,0
2024-02-03T01:29:47.127932510+00:00,1,0
2024-02-03T01:29:47.127982520+00:00,0,0
2024-02-03T01:29:47.197026160+00:00,0,1
2024-02-03T01:29:47.197026620+00:00,0,0
2024-02-03T01:29:47.627930880+00:00,1,0
2024-02-03T01:29:47.627980890+00:00,0,0
2024-02-03T01:29:47.700389910+00:00,0,1
2024-02-03T01:29:47.700390370+00:00,0,0
2024-02-03T01:29:48.127929260+00:00,1,0
2024-02-03T01:29:48.127979270+00:00,0,0
2024-02-03T01:29:48.199337860+00:00,0,1
2024-02-03T01:29:48.199338310+00:00,0,0
2024-02-03T01:29:48.627927630+00:00,1,0
2024-02-03T01:29:48.627977640+00:00,0,0
2024-02-03T01:29:48.694652140+00:00,0,1
2024-02-03T01:29:48.694652610+00:00,0,0
2024-02-03T01:29:49.127926000+00:00,1,0
2024-02-03T01:29:49.127976010+00:00,0,0
2024-02-03T01:29:49.192382430+00:00,0,1
2024-02-03T01:29:49.192382900+00:00,0,0
2024-02-03T01:29:49.627924370+00:00,1,0
2024-02-03T01:29:49.627974380+00:00,0,0
2024-02-03T01:29:49.697141460+00:00,0,1
2024-02-03T01:29:49.697141930+00:00,0,0
2024-02-03T01:29:50.127922750+00:00,1,0
2024-02-03T01:29:50.127972760+00:00,0,0
2024-02-03T01:29:50.197919930+00:00,0,1
2024-02-03T01:29:50.197920380+00:00,0,0
2024-02-03T01:29:50.627921120+00:00,1,0
2024-02-03T01:29:50.627971130+00:00,0,0
2024-02-03T01:29:50.704919560+00:00,0,1
2024-02-03T01:29:50.704920010+00:00,0,0
2024-02-03T01:29:51.127919490+00:00,1,0
2024-02-03T01:29:51.127969500+00:00,0,0
2024-02-03T01:29:51.195990730+00:00,0,1
2024-02-03T01:29:51.195991190+00:00,0,0
2024-02-03T01:29:51.627917860+00:00,1,0
2024-02-03T01:29:51.627967870+00:00,0,0
2024-02-03T01:29:51.692624130+00:00,0,1
2024-02-03T01:29:51.692624600+00:00,0,0
2024-02-03T01:29:52.127916230+00:00,1,0
2024-02-03T01:29:52.127966240+00:00,0,0
2024-02-03T01:29:52.194430730+00:00,0,1
2024-02-03T01:29:52.194431190+00:00,0,0
2024-02-03T01:29:52.627914610+00:00,1,0
2024-02-03T01:29:52.627964620+00:00,0,0
2024-02-03T01:29:52.702358200+00:00,0,1
2024-02-03T01:29:52.702358650+00:00,0,0
2024-02-03T01:29:53.127912980+00:00,1,0
2024-02-03T01:29:53.127962990+00:00,0,0
2024-02-03T01:29:53.195793610+00:00,0,1
2024-02-03T01:29:53.195794080+00:00,0,0
2024-02-03T01:29:53.627911350+00:00,1,0
2024-02-03T01:29:53.627961360+00:00,0,0
2024-02-03T01:29:53.697546790+00:00,0,1
2024-02-03T01:29:53.697547270+00:00,0,0
2024-02-03T01:29:54.127909720+00:00,1,0
2024-02-03T01:29:54.127959730+00:00,0,0
2024-02-03T01:29:54.194050930+00:00,0,1
2024-02-03T01:29:54.194051390+00:00,0,0
2024-02-03T01:29:54.627908090+00:00,1,0
2024-02-03T01:29:54.627958100+00:00,0,0
2024-02-03T01:29:54.697389530+00:00,0,1
2024-02-03T01:29:54.697390000+00:00,0,0
2024-02-03T01:29:55.127906460+00:00,1,0
2024-02-03T01:29:55.127956470+00:00,0,0
2024-02-03T01:29:55.195972070+00:00,0,1
2024-02-03T01:29:55.195972520+00:00,0,0
2024-02-03T01:29:55.627904830+00:00,1,0
2024-02-03T01:29:55.627954840+00:00,0,0
2024-02-03T01:29:55.697850100+00:00,0,1
2024-02-03T01:29:55.697850560+00:00,0,0
2024-02-03T01:29:56.127903200+00:00,1,0
2024-02-03T01:29:56.127953210+00:00,0,0
2024-02-03T01:29:56.194287960+00:00,0,1
2024-02-03T01:29:56.194288430+00:00,0,0
2024-02-03T01:29:56.627901570+00:00,1,0
2024-02-03T01:29:56.627951580+00:00,0,0
2024-02-03T01:29:56.697277640+00:00,0,1
2024-02-03T01:29:56.697278090+00:00,0,0
2024-02-03T01:29:57.127899940+00:00,1,0
2024-02-03T01:29:57.127949950+00:00,0,0
2024-02-03T01:29:57.193440460+00:00,0,1
2024-02-03T01:29:57.193440930+00:00,0,0
2024-02-03T01:29:57.627898310+00:00,1,0
2024-02-03T01:29:57.627948320+00:00,0,0
2024-02-03T01:29:57.699090740+00:00,0,1
2024-02-03T01:29:57.699099170+00:00,0,0
2024-02-03T01:29:58.127896680+00:00,1,0
2024-02-03T01:29:58.127946690+00:00,0,0
2024-02-03T01:29:58.194159870+00:00,0,1
2024-02-03T01:29:58.194160340+00:00,0,0
2024-02-03T01:29:58.627895050+00:00,1,0
2024-02-03T01:29:58.627945060+00:00,0,0
2024-02-03T01:29:58.693233420+00:00,0,1
2024-02-03T01:29:58.693233880+00:00,0,0
2024-02-03T01:29:59.127893420+00:00,1,0
2024-02-03T01:29:59.127943430+00:00,0,0
2024-02-03T01:29:59.193666030+00:00,0,1
2024-02-03T01:29:59.193666480+00:00,0,0
2024-02-03T01:29:59.627891790+00:00,1,0
2024-02-03T01:29:59.627941800+00:00,0,0
2024-02-03T01:29:59.694504510+00:00,0,1
2024-02-03T01:29:59.694504980+00:00,0,0
2024-02-03T01:30:00.127890160+00:00,1,0
2024-02-03T01:30:00.127940170+00:00,0,0
2024-02-03T01:30:00.199087910+00:00,0,1
2024-02-03T01:30:00.199088370+00:00,0,0
2024-02-03T01:30:00.627888530+00:00,1,0
2024-02-03T01:30:00.627938540+00:00,0,0
2024-02-03T01:30:00.697181440+00:00,0,1
2024-02-03T01:30:00.697181900+00:00,0,0
2024-02-03T01:30:01.127886900+00:00,1,0
2024-02-03T01:30:01.127936910+00:00,0,0
2024-02-03T01:30:01.199098210+00:00,0,1
2024-02-03T01:30:01.199098660+00:00,0,0
2024-02-03T01:30:01.627885270+00:00,1,0
2024-02-03T01:30:01.627935280+00:00,0,0
2024-02-03T01:30:01.696163220+00:00,0,1
2024-02-03T01:30:01.696163680+00:00,0,0
2024-02-03T01:30:02.127883640+00:00,1,0
2024-02-03T01:30:02.127933650+00:00,0,0
2024-02-03T01:30:02.193162740+00:00,0,1
2024-02-03T01:30:02.193163200+00:00,0,0
2024-02-03T01:30:02.627882010+00:00,1,0
2024-02-03T01:30:02.627932010+00:00,0,0
2024-02-03T01:30:02.692956040+00:00,0,1
2024-02-03T01:30:02.692964460+00:00,0,0
2024-02-03T01:30:03.061246320+00:00,0,0
