1024B-ACK,1024B-FaF,1024B-throughput-opt,128B-ACK,128B-FaF,12B-ACK,12B-FaF
54.06999,45.92472,53.31311,8.26512,8.96203,6.3055,2.71815
54.06958,45.92709,53.31269,8.26472,8.96171,6.30484,2.71763
54.06611,45.92679,53.31226,8.26431,8.96119,6.30468,2.71696
54.06883,45.92645,53.30884,8.26372,8.96082,6.30432,2.71684
54.06839,45.92303,53.31148,8.26348,8.9603,6.30387,2.71642
54.06791,45.92561,53.31106,8.26408,8.95994,6.30321,2.71595
54.06458,45.92516,53.31058,8.26367,8.95937,6.30305,2.71529
54.06709,45.92476,53.30708,8.26125,8.9588,6.30265,2.71517
54.07467,45.92138,53.30974,8.26085,8.95849,6.30223,2.71379
54.07425,45.92397,53.30931,8.26044,8.9581,6.30057,2.71328
54.07091,45.92342,53.3089,8.26003,8.95761,6.30042,2.71261
54.07325,45.92207,53.30848,8.25962,8.95728,6.30006,2.71248
54.07306,45.91852,53.31706,8.25921,8.95677,6.2996,2.71207
54.0726,45.92122,53.31668,8.25863,8.95641,6.29982,2.7116
54.06025,45.92078,53.31621,8.25839,8.95589,6.29859,2.71081
54.06276,45.92038,53.31279,8.25798,8.95553,6.29838,2.71063
54.06335,45.91695,53.31518,8.25857,8.95496,6.29797,2.71044
54.06193,45.91953,53.31396,8.25816,8.9544,6.29732,2.70893
54.0586,45.91904,53.30653,8.25775,8.95408,6.29716,2.70825
54.06118,45.91869,53.30311,8.25535,8.95377,6.29581,2.70813
54.06073,45.91526,53.30569,8.25494,8.95321,6.29535,2.70771
54.06027,45.91764,53.30533,8.25452,8.95288,6.29469,2.70725
54.05681,45.9174,53.30486,8.25411,8.95237,6.29454,2.70657
54.05944,45.917,53.30143,8.25353,8.95201,6.29512,2.70645
54.05903,45.91357,53.30406,8.2533,8.95149,6.29371,2.70609
54.05861,45.91616,53.3036,8.25289,8.95113,6.29306,2.70457
54.05527,45.91566,53.30318,8.25248,8.95057,6.2929,2.70389
54.05786,45.91531,53.29969,8.25207,8.95001,6.29255,2.70377
54.05742,45.91194,53.30234,8.25367,8.94969,6.29209,2.70336
54.05696,45.91452,53.30197,8.25225,8.9493,6.29043,2.70289
54.05362,45.91402,53.3015,8.24984,8.94882,6.29028,2.70222
54.05595,45.91361,53.29808,8.24943,8.9485,6.28986,2.70209
54.05571,45.91007,53.30066,8.24902,8.94799,6.28946,2.70173
54.0553,45.91277,53.30024,8.24844,8.94763,6.28867,2.70021
54.05196,45.91227,53.29983,8.2482,8.94712,6.28845,2.69942
54.05454,45.91193,53.29641,8.24779,8.94675,6.28829,2.69925
54.0541,45.9085,53.29879,8.24738,8.94619,6.28783,2.69901
54.05364,45.91114,53.29862,8.24697,8.94563,6.28717,2.69854
54.0503,45.91064,53.29815,8.24657,8.94533,6.28702,2.69787
54.05289,45.91023,53.29473,8.24716,8.94501,6.28561,2.69774
54.0604,45.90682,53.29731,8.24675,8.94445,6.2852,2.69737
54.05998,45.90919,53.29689,8.24634,8.94414,6.28454,2.69586
54.05652,45.9089,53.29647,8.24393,8.94363,6.28439,2.69519
54.05923,45.90855,53.29305,8.24334,8.94326,6.28503,2.69507
54.05879,45.90513,53.29568,8.24311,8.94275,6.28357,2.69465
54.05833,45.9077,53.29526,8.2427,8.94139,6.28291,2.69418
54.05499,45.90726,53.29479,8.24329,8.94083,6.28276,2.69351
54.0575,45.90686,53.2913,8.24188,8.94027,6.28336,2.6934
54.05709,45.90349,53.29395,8.24148,8.93996,6.28294,2.69303
54.04767,45.90607,53.29353,8.24107,8.93958,6.28229,2.69251
54.04433,45.90552,53.29311,8.24066,8.93909,6.28013,2.69084
54.04667,45.90517,53.2897,8.24125,8.93878,6.27977,2.69072
54.04648,45.90163,53.29228,8.24084,8.93827,6.27931,2.6903
54.04602,45.90433,53.29291,8.23825,8.9379,6.27853,2.68983
54.04268,45.90389,53.30044,8.23802,8.9374,6.27831,2.68904
54.04519,45.90348,53.29702,8.2376,8.93704,6.27809,2.68887
54.04478,45.90007,53.2994,8.23719,8.93648,6.27769,2.68868
54.04437,45.90264,53.29918,8.23679,8.93592,6.27704,2.68816
54.04103,45.90215,53.29877,8.23638,8.93561,6.27787,2.68649
54.04362,45.90179,53.29435,8.23597,8.9353,6.27652,2.68637
54.04318,45.89838,53.28993,8.23556,8.93474,6.27506,2.68595
54.04272,45.90076,53.28956,8.23515,8.93443,6.27441,2.68548
54.03925,45.90051,53.28909,8.23475,8.93392,6.27425,2.68481
54.04189,45.90011,53.28567,8.23516,8.93357,6.27384,2.68469
54.04147,45.89669,53.2883,8.23493,8.93306,6.27344,2.68432
54.04107,45.89927,53.28783,8.23251,8.93269,6.27278,2.68381
54.03773,45.89877,53.28741,8.2321,8.93213,6.27262,2.68214
54.04032,45.89842,53.28492,8.2317,8.93158,6.27227,2.68202
54.03988,45.89505,53.28657,8.23129,8.93127,6.27182,2.6816
54.03941,45.89762,53.28622,8.23088,8.93088,6.27115,2.68113
54.03607,45.89713,53.28575,8.23047,8.93041,6.27,2.68046
54.03842,45.89674,53.28233,8.23006,8.9301,6.26959,2.68034
54.03818,45.89318,53.28491,8.22965,8.92959,6.26919,2.67997
54.03777,45.89589,53.28549,8.22907,8.92923,6.2694,2.67946
54.03443,45.8954,53.28407,8.22884,8.92872,6.26817,2.67766
54.03701,45.89504,53.28066,8.22943,8.92836,6.26801,2.67749
54.03658,45.89162,53.28304,8.22901,8.92781,6.26756,2.67725
54.03612,45.89426,53.28287,8.2266,8.92725,6.2669,2.67678
54.03378,45.89375,53.2824,8.2262,8.92594,6.26674,2.6761
54.03536,45.89336,53.27898,8.22579,8.92564,6.26633,2.67599
54.03487,45.88994,53.28156,8.22538,8.92508,6.26493,2.67562
54.03447,45.89232,53.28115,8.22497,8.92477,6.26427,2.6751
54.031,45.89202,53.28173,8.22556,8.92427,6.26412,2.67443
54.03371,45.89167,53.27731,8.22497,8.9239,6.26476,2.67331
54.03327,45.88825,53.27994,8.22474,8.92339,6.2633,2.6729
54.03282,45.89083,53.27952,8.22333,8.92304,6.26264,2.67243
54.02948,45.89038,53.27906,8.22292,8.92248,6.26249,2.67176
54.03999,45.88999,53.27557,8.22351,8.92193,6.26208,2.67163
54.03958,45.88562,53.27823,8.2231,8.92162,6.26168,2.67126
54.03917,45.8882,53.27781,8.22169,8.92124,6.26102,2.67075
54.03583,45.88764,53.27739,8.22028,8.92076,6.25987,2.67008
54.03817,45.8873,53.27398,8.21986,8.92045,6.25951,2.66896
54.03799,45.88376,53.27656,8.21946,8.91995,6.25906,2.66855
54.03752,45.88646,53.28419,8.21887,8.91959,6.25826,2.66808
54.03419,45.88601,53.28472,8.21864,8.91908,6.25803,2.66728
54.0367,45.88561,53.28131,8.21822,8.91872,6.25783,2.66711
54.03629,45.88219,53.28369,8.21781,8.91817,6.25742,2.66692
54.03588,45.88477,53.28347,8.2174,8.91761,6.25677,2.6664
54.03254,45.88427,53.28305,8.21699,8.9173,6.25661,2.66573
54.03513,45.88392,53.27164,8.21758,8.917,6.25626,2.66461
54.02969,45.88051,53.27422,8.21717,8.91644,6.2558,2.66419
54.02524,45.88289,53.27385,8.21476,8.91614,6.25414,2.66372
54.02177,45.88264,53.27339,8.21435,8.91563,6.25399,2.66305
54.02441,45.88225,53.26998,8.21377,8.91528,6.25358,2.66294
54.02401,45.87882,53.27261,8.21353,8.91477,6.25317,2.66257
54.02359,45.8814,53.27214,8.21312,8.91442,6.25252,2.66204
54.02025,45.8809,53.27173,8.2127,8.91286,6.25236,2.66137
54.02285,45.88056,53.26823,8.2133,8.91231,6.25201,2.66126
54.02241,45.87719,53.27089,8.21188,8.91199,6.25155,2.65984
54.02194,45.87977,53.27053,8.21148,8.91161,6.25088,2.65936
54.01861,45.87926,53.27006,8.21106,8.91113,6.25073,2.6587
54.02095,45.87887,53.26664,8.21166,8.91083,6.24932,2.65858
54.02071,45.87533,53.26923,8.21124,8.91032,6.24891,2.65822
54.02031,45.87803,53.26881,8.20866,8.90997,6.24813,2.65769
54.01697,45.87754,53.2684,8.20842,8.90946,6.2479,2.6569
54.01955,45.87719,53.26498,8.20802,8.90911,6.24774,2.65673
54.01912,45.87377,53.26737,8.2076,8.90855,6.24729,2.65549
54.01866,45.8764,53.2672,8.20719,8.908,6.24663,2.65501
54.01533,45.8759,53.26674,8.20778,8.90769,6.24647,2.65434
54.01792,45.8755,53.26332,8.20637,8.90739,6.24607,2.65423
54.01743,45.87208,53.2659,8.20597,8.90683,6.24566,2.65386
54.01702,45.87446,53.26549,8.20555,8.90653,6.24401,2.65333
54.01356,45.87417,53.26507,8.20515,8.90602,6.24486,2.65267
54.01628,45.87382,53.26165,8.20556,8.90567,6.2435,2.65255
54.01584,45.8704,53.26429,8.20533,8.90516,6.24304,2.65114
54.01537,45.87298,53.26387,8.20491,8.9048,6.24239,2.65066
54.01204,45.87254,53.2634,8.2025,8.90424,6.24223,2.64999
54.01455,45.87214,53.25992,8.2021,8.90369,6.24182,2.64988
54.01415,45.86877,53.26258,8.20168,8.90338,6.24142,2.6495
54.01374,45.87134,53.26216,8.20128,8.90301,6.24076,2.64898
54.0104,45.8708,53.26175,8.20086,8.90252,6.2406,2.64832
54.01374,45.87045,53.25833,8.20046,8.90122,6.23925,2.6482
54.01255,45.86691,53.26991,8.20005,8.90072,6.23879,2.64678
54.0121,45.86961,53.26955,8.19946,8.90036,6.23901,2.64631
54.00876,45.86916,53.26908,8.19923,8.89986,6.23777,2.64552
54.01128,45.86877,53.26567,8.19981,8.8995,6.23758,2.64535
54.01086,45.86535,53.26806,8.19941,8.89895,6.23717,2.64515
54.01046,45.86793,53.26784,8.198,8.8984,6.23651,2.64464
54.00712,45.86744,53.25943,8.19659,8.89809,6.23635,2.64396
54.00971,45.86709,53.25601,8.19618,8.89779,6.236,2.64385
54.00927,45.86367,53.2586,8.19577,8.89723,6.23554,2.64343
54.00881,45.86605,53.25823,8.19536,8.89693,6.23388,2.64196
54.00535,45.8658,53.25776,8.19495,8.89643,6.23373,2.64129
54.00799,45.86541,53.25435,8.19437,8.89607,6.23332,2.64117
54.00758,45.86199,53.25698,8.19413,8.89557,6.23291,2.64081
54.00717,45.86457,53.25653,8.19472,8.89521,6.23326,2.64028
54.00384,45.86408,53.25611,8.19332,8.89466,6.2321,2.63961
54.00643,45.86373,53.25261,8.1939,8.8941,6.23175,2.6395
54.006,45.86036,53.25528,8.1935,8.8938,6.23129,2.63907
54.00553,45.86294,53.25491,8.19309,8.89342,6.23063,2.63761
54.0022,45.86245,53.25445,8.19067,8.89293,6.23047,2.63694
54.00554,45.86205,53.25103,8.19027,8.89264,6.22907,2.63682
54.00431,45.85851,53.25363,8.18986,8.89214,6.22867,2.63645
54.00389,45.86121,53.25321,8.18927,8.89077,6.22789,2.63594
54.00056,45.86072,53.25279,8.18904,8.89028,6.22765,2.63514
54.00315,45.86037,53.24938,8.18863,8.88992,6.2275,2.63498
54.00272,45.85695,53.25176,8.18822,8.88937,6.22704,2.63473
54.00225,45.85958,53.2516,8.18781,8.88882,6.22638,2.63325
53.99892,45.85909,53.25113,8.1874,8.8885,6.22622,2.63259
54.00151,45.85869,53.24772,8.18799,8.88821,6.22583,2.63247
54.00103,45.85527,53.25031,8.18758,8.88766,6.22542,2.6321
54.00061,45.85765,53.2499,8.18717,8.88735,6.22376,2.63158
53.99716,45.85736,53.24948,8.18476,8.88685,6.2236,2.63091
53.99987,45.85701,53.24607,8.18418,8.8865,6.22325,2.63079
54.00044,45.85359,53.2487,8.18394,8.88599,6.2228,2.63038
53.99898,45.85617,53.24828,8.18353,8.88564,6.22214,2.6289
53.99564,45.85573,53.24782,8.18313,8.88508,6.22198,2.62824
53.99816,45.85533,53.24433,8.18272,8.88453,6.22257,2.62811
53.99775,45.85196,53.24699,8.1823,8.88423,6.22117,2.62775
53.99734,45.85454,53.24658,8.1819,8.88384,6.22051,2.62722
53.994,45.85399,53.24617,8.18149,8.88337,6.22036,2.62656
53.99635,45.85365,53.25175,8.18208,8.88307,6.219,2.62644
53.99617,45.8501,53.25434,8.18267,8.88256,6.21854,2.62602
53.9957,45.85281,53.25397,8.18109,8.88221,6.21777,2.62455
53.99237,45.85236,53.25351,8.17885,8.88071,6.21754,2.62376
53.99488,45.85197,53.25009,8.17845,8.88035,6.21733,2.62359
53.99448,45.84855,53.25248,8.17803,8.8798,6.21692,2.6234
53.99406,45.85112,53.24426,8.17762,8.87925,6.21627,2.62287
53.99073,45.85063,53.24385,8.17722,8.87894,6.21611,2.62221
53.99332,45.85028,53.24043,8.17681,8.87864,6.21576,2.62208
53.99289,45.84686,53.24302,8.1764,8.87809,6.2153,2.62167
53.99244,45.84924,53.24266,8.17599,8.87778,6.21364,2.6212
53.98897,45.84901,53.2422,8.17558,8.87728,6.21349,2.61953
53.99162,45.84861,53.23878,8.176,8.87693,6.21308,2.61941
53.9912,45.84519,53.24142,8.17577,8.87642,6.21268,2.61904
53.9908,45.84777,53.24095,8.17535,8.87607,6.21202,2.61852
53.98747,45.84727,53.24054,8.17294,8.87552,6.21186,2.61785
53.99005,45.84693,53.23705,8.17254,8.87497,6.2115,2.61774
53.98962,45.84355,53.23971,8.17213,8.87467,6.21105,2.61732
53.98916,45.84613,53.23934,8.17172,8.87429,6.21039,2.61685
53.98583,45.84564,53.23888,8.17132,8.87381,6.21024,2.61518
53.98817,45.84524,53.23546,8.1709,8.87351,6.20983,2.61506
53.98793,45.84069,53.23806,8.17149,8.87301,6.20843,2.61469
53.98753,45.8434,53.23764,8.16991,8.87166,6.20764,2.61418
53.98419,45.8429,53.23723,8.16968,8.87115,6.20741,2.61338
53.98678,45.84255,53.23381,8.16927,8.8708,6.20725,2.61321
53.98635,45.83914,53.2362,8.16986,8.87025,6.2068,2.61296
53.98589,45.84177,53.23603,8.16945,8.86969,6.20614,2.6125
53.98256,45.84128,53.23557,8.16704,8.86939,6.20598,2.61084
53.98514,45.84088,53.23215,8.16663,8.86909,6.20558,2.61071
53.98466,45.83746,53.23474,8.16623,8.86853,6.20517,2.61035
53.98426,45.83983,53.23432,8.16582,8.86823,6.20452,2.60982
53.98079,45.83954,53.23391,8.16541,8.86773,6.20336,2.60916
53.98351,45.83919,53.23049,8.16483,8.86738,6.20301,2.60903
53.98308,45.83577,53.23313,8.1646,8.86687,6.20255,2.60862
53.98262,45.83835,53.23271,8.16418,8.86652,6.20189,2.60814
53.97929,45.8379,53.23225,8.16377,8.86598,6.20174,2.60648
53.9818,45.83751,53.22876,8.16337,8.86542,6.20133,2.60637
53.9814,45.83414,53.23143,8.16396,8.86512,6.20092,2.60599
53.98099,45.83672,53.23102,8.16355,8.86474,6.20027,2.60548
53.97765,45.83617,53.2306,8.16114,8.86427,6.20012,2.6048
53.98,45.83582,53.23619,8.16074,8.86396,6.19976,2.60469
53.97982,45.83228,53.23877,8.16033,8.86246,6.1983,2.60426
53.97935,45.83498,53.23841,8.15974,8.86211,6.19752,2.6038
53.97602,45.83454,53.23794,8.1595,8.86161,6.19729,2.60301
53.97853,45.83414,53.23453,8.1591,8.86125,6.19708,2.60183
53.97813,45.83072,53.23692,8.15869,8.86071,6.19668,2.60164
53.97873,45.8333,53.2287,8.15828,8.86016,6.19602,2.60112
53.97539,45.8328,53.22829,8.15787,8.85986,6.19586,2.60046
53.97798,45.83246,53.22587,8.15747,8.85955,6.19551,2.60034
53.97755,45.82903,53.22746,8.15806,8.859,6.19506,2.59992
53.97609,45.83141,53.22711,8.15765,8.8587,6.1944,2.59945
53.97363,45.83117,53.22664,8.15524,8.85819,6.19325,2.59878
53.97628,45.83078,53.22323,8.15466,8.85784,6.19284,2.59766
53.97686,45.82735,53.22586,8.15443,8.85734,6.19343,2.5973
53.97546,45.82993,53.2254,8.15401,8.85699,6.19178,2.59677
53.97313,45.82943,53.22498,8.1536,8.85644,6.19162,2.59611
53.97471,45.82909,53.2215,8.15319,8.85589,6.19126,2.59598
53.97428,45.82571,53.22416,8.15278,8.85559,6.19081,2.59557
53.97283,45.82829,53.22379,8.15238,8.85521,6.19015,2.5951
53.97149,45.8278,53.22334,8.15197,8.85373,6.19,2.59442
53.97183,45.82741,53.21992,8.15156,8.85343,6.1896,2.59331
53.97161,45.82386,53.22251,8.15215,8.85293,6.18919,2.59294
53.9712,45.82656,53.22209,8.15157,8.85258,6.1874,2.59242
53.96786,45.82606,53.22168,8.14934,8.85208,6.18718,2.59163
53.97046,45.82572,53.21827,8.14893,8.85173,6.18702,2.59145
53.97003,45.8223,53.22065,8.14852,8.85118,6.18656,2.59121
53.96956,45.82493,53.22049,8.14811,8.85063,6.18591,2.59075
53.96623,45.82443,53.22002,8.14771,8.85032,6.18575,2.59007
53.96883,45.82404,53.21662,8.1473,8.85002,6.18535,2.58896
53.96834,45.82061,53.21921,8.14689,8.84947,6.18495,2.58859
53.96793,45.823,53.21879,8.14648,8.84917,6.18429,2.58807
53.96448,45.82271,53.21838,8.14607,8.84866,6.18414,2.5874
53.96719,45.82236,53.21496,8.14549,8.84831,6.18278,2.58728
53.96676,45.81894,53.2176,8.14626,8.84781,6.18232,2.58686
53.9663,45.82151,53.2172,8.14585,8.84746,6.18167,2.5864
53.96296,45.82108,53.21673,8.14544,8.84691,6.18151,2.58572
53.96548,45.82068,53.21324,8.14303,8.84636,6.1811,2.5846
53.96508,45.81731,53.2159,8.14262,8.84506,6.1807,2.58424
53.96467,45.81988,53.21549,8.14222,8.84468,6.18005,2.58371
53.96133,45.81934,53.21508,8.14181,8.84421,6.1799,2.58305
53.96368,45.81899,53.21267,8.1414,8.8439,6.17954,2.58292
53.9635,45.81545,53.21926,8.14099,8.8434,6.17908,2.58251
53.96303,45.81816,53.2229,8.14041,8.84305,6.1783,2.58204
53.9597,45.81771,53.22243,8.14018,8.84255,6.17707,2.58124
53.96222,45.81731,53.21902,8.14077,8.8422,6.17686,2.58007
53.96181,45.81389,53.22141,8.14036,8.84164,6.17646,2.57988
53.96141,45.81648,53.2212,8.13995,8.84109,6.1758,2.57936
53.95808,45.81598,53.22079,8.13954,8.84079,6.17665,2.57869
53.96067,45.81564,53.20937,8.13713,8.84049,6.1763,2.57858
53.96023,45.81221,53.21196,8.13672,8.83994,6.17484,2.57815
53.95978,45.81459,53.21161,8.13632,8.83964,6.17419,2.57768
53.95632,45.81435,53.21114,8.13591,8.83914,6.17403,2.57702
53.95896,45.81396,53.20773,8.13532,8.83879,6.17363,2.57689
53.95855,45.81054,53.21036,8.13509,8.83829,6.17322,2.57553
53.95815,45.81311,53.2099,8.13468,8.83693,6.17156,2.575
53.95482,45.81263,53.2095,8.13427,8.83638,6.17141,2.57433
53.9574,45.81228,53.206,8.13386,8.83583,6.17105,2.57422
53.95697,45.80891,53.20867,8.13345,8.83553,6.1706,2.57379
53.95652,45.81149,53.20831,8.13405,8.83516,6.16994,2.57332
53.95319,45.81099,53.20784,8.13364,8.83468,6.16978,2.57266
53.95552,45.8106,53.20444,8.13223,8.83438,6.16938,2.57253
53.95529,45.80706,53.20703,8.13082,8.83388,6.16897,2.57117
53.95489,45.80976,53.20661,8.13024,8.83353,6.1682,2.57065
53.95156,45.80926,53.2062,8.13,8.83303,6.16796,2.56985
53.95414,45.80892,53.20279,8.12959,8.83267,6.16681,2.56968
53.95371,45.8055,53.20518,8.1292,8.83212,6.16635,2.56944
53.95326,45.80813,53.20502,8.12879,8.83157,6.16569,2.56896
53.94993,45.80763,53.20455,8.12838,8.83127,6.16555,2.5683
53.95251,45.80725,53.20114,8.12797,8.83098,6.16514,2.56818
53.95203,45.80382,53.20373,8.12756,8.83042,6.16474,2.5668
53.95163,45.8062,53.20332,8.12815,8.82912,6.16408,2.56629
53.94816,45.8059,53.20291,8.12774,8.82862,6.16393,2.56562
53.95088,45.80557,53.1995,8.12716,8.82827,6.16357,2.56549
53.95045,45.80215,53.20213,8.12493,8.82777,6.16311,2.56508
53.95,45.80472,53.20172,8.12452,8.82741,6.16246,2.56461
53.94666,45.80428,53.20127,8.12411,8.82687,6.1613,2.56393
53.94918,45.80389,53.19777,8.1237,8.82632,6.1609,2.56382
53.94877,45.80052,53.20044,8.1233,8.82602,6.16049,2.56245
53.94837,45.8031,53.20003,8.12289,8.82565,6.15984,2.56193
53.94503,45.80255,53.19961,8.12248,8.82517,6.15968,2.56126
53.94737,45.80221,53.1962,8.12207,8.82486,6.15932,2.56114
53.94719,45.79866,53.1988,8.12166,8.82436,6.15887,2.56072
53.94674,45.80137,53.19843,8.12108,8.82402,6.15808,2.56025
53.9434,45.80092,53.19797,8.12185,8.82352,6.15786,2.55945
53.94592,45.80053,53.19456,8.12144,8.82317,6.15765,2.55929
53.94551,45.79711,53.19694,8.12103,8.82261,6.15625,2.55809
53.94511,45.79969,53.19673,8.11862,8.82106,6.15559,2.55757
53.94178,45.79919,53.19633,8.11822,8.82076,6.15544,2.5569
53.94436,45.79885,53.20192,8.11781,8.82047,6.15508,2.55678
53.94393,45.79543,53.2045,8.1174,8.81992,6.15463,2.55636
53.94348,45.79781,53.20414,8.11699,8.81962,6.15397,2.55589
53.94002,45.79756,53.20368,8.11658,8.81911,6.15381,2.55522
53.94266,45.79717,53.20026,8.116,8.81876,6.15341,2.5551
53.94225,45.79375,53.2029,8.11576,8.81826,6.153,2.55373
53.94185,45.79633,53.20245,8.11536,8.81791,6.15235,2.55321
53.93852,45.79583,53.19403,8.11596,8.81737,6.15219,2.55254
53.94111,45.79549,53.19054,8.11555,8.81682,6.15084,2.55242
53.94068,45.79212,53.19321,8.11514,8.81652,6.15038,2.552
53.94022,45.7947,53.19285,8.11273,8.81614,6.14972,2.55153
53.93689,45.79421,53.19238,8.11232,8.81566,6.14956,2.55086
53.93924,45.79381,53.18897,8.11191,8.81536,6.14916,2.55074
53.93901,45.79026,53.19156,8.1115,8.81487,6.14875,2.55037
53.93859,45.79297,53.19115,8.11091,8.81352,6.14798,2.54885
53.93526,45.79248,53.19074,8.11069,8.81301,6.14774,2.54805
53.93786,45.79213,53.18733,8.11028,8.81266,6.14759,2.54789
53.93743,45.78871,53.18971,8.10987,8.81211,6.14713,2.54765
53.93696,45.79133,53.18955,8.10946,8.81156,6.14548,2.54717
53.93464,45.79084,53.18909,8.10905,8.81127,6.14532,2.5465
53.93623,45.79045,53.18568,8.10864,8.81097,6.14492,2.54638
53.93575,45.78702,53.18827,8.10924,8.81042,6.14451,2.54602
53.93535,45.78941,53.18786,8.10883,8.81011,6.14386,2.54449
53.93189,45.78911,53.18745,8.10642,8.80961,6.1437,2.54382
53.9346,45.78876,53.18403,8.10583,8.80926,6.14335,2.5437
53.93417,45.78535,53.18667,8.1056,8.80877,6.14289,2.54328
53.93372,45.78793,53.18626,8.10519,8.80842,6.14224,2.54281
53.93039,45.78748,53.18581,8.10479,8.80787,6.14207,2.54214
53.93291,45.78709,53.18231,8.10438,8.80731,6.14067,2.54203
53.93249,45.78372,53.18498,8.10397,8.80601,6.14026,2.54165
53.93209,45.78629,53.18457,8.10356,8.80564,6.13961,2.54013
53.92876,45.78574,53.18416,8.10315,8.80517,6.13945,2.53946
53.9311,45.7854,53.18074,8.10274,8.80487,6.1391,2.53934
53.93092,45.78186,53.18334,8.10234,8.80437,6.13864,2.53891
53.93047,45.78456,53.18298,8.10275,8.80402,6.13786,2.53844
53.92713,45.78412,53.18252,8.10252,8.80351,6.13763,2.53765
53.92965,45.78372,53.1791,8.10011,8.80317,6.13743,2.53748
53.92925,45.7803,53.18149,8.0997,8.80262,6.13702,2.53728
53.92884,45.78287,53.18128,8.0993,8.80207,6.13637,2.53576
53.92551,45.78239,53.18087,8.09889,8.80177,6.13521,2.53509
53.92811,45.78204,53.17746,8.09848,8.80147,6.13486,2.53497
53.92767,45.77861,53.18005,8.09807,8.80091,6.1344,2.53454
53.92721,45.781,53.17969,8.09766,8.80062,6.13375,2.53407
53.92376,45.78075,53.17922,8.09726,8.80012,6.13359,2.5334
53.9264,45.78035,53.17582,8.09667,8.79877,6.13318,2.53328
53.92599,45.77693,53.17846,8.09644,8.79827,6.13278,2.5329
53.92558,45.77952,53.178,8.09603,8.79792,6.13212,2.53138
53.92225,45.77902,53.17858,8.09663,8.79738,6.13197,2.53072
53.92484,45.77867,53.1831,8.09622,8.79683,6.13161,2.5306
53.92441,45.77531,53.18576,8.09381,8.79652,6.13016,2.53017
53.92396,45.77788,53.18541,8.0934,8.79615,6.1295,2.5297
53.92063,45.77738,53.18494,8.09299,8.79567,6.12935,2.52903
53.92297,45.777,53.18153,8.09259,8.79538,6.12894,2.52891
53.92273,45.77345,53.18412,8.09218,8.79488,6.12854,2.52853
53.92233,45.77615,53.18371,8.09159,8.79453,6.12775,2.52801
53.919,45.77566,53.17529,8.09136,8.79403,6.12752,2.52621
53.92159,45.77531,53.17189,8.09096,8.79368,6.12736,2.52604
53.92116,45.77189,53.17428,8.09055,8.79312,6.12691,2.52579
53.92071,45.77451,53.17412,8.09014,8.79158,6.12626,2.52532
53.92538,45.77402,53.17365,8.08973,8.79128,6.1251,2.52465
53.92896,45.77363,53.17024,8.09033,8.79098,6.1247,2.52453
53.92848,45.7702,53.17284,8.08992,8.79043,6.12429,2.52415
53.92807,45.77259,53.17243,8.08951,8.79013,6.12364,2.52363
53.92462,45.77229,53.17201,8.08711,8.78964,6.12348,2.52195
53.92734,45.77194,53.1686,8.08652,8.78929,6.12313,2.52183
53.92691,45.76853,53.17124,8.08629,8.78878,6.12267,2.52141
53.92645,45.7711,53.17083,8.08587,8.78843,6.12201,2.52094
53.92312,45.77065,53.17037,8.08548,8.78788,6.12186,2.52027
53.92563,45.77027,53.16688,8.08507,8.78733,6.12145,2.52015
53.92523,45.76689,53.16955,8.08465,8.78704,6.12105,2.51978
53.92482,45.76947,53.16914,8.08424,8.78666,6.11939,2.51925
53.92149,45.76893,53.16872,8.08384,8.78619,6.11924,2.51758
53.92383,45.76858,53.16532,8.08343,8.78589,6.11889,2.51746
53.92365,45.76504,53.16791,8.08402,8.78439,6.11843,2.51704
53.9232,45.76774,53.16855,8.08344,8.78405,6.11765,2.51656
53.91986,45.76729,53.16709,8.08321,8.78354,6.11741,2.51576
53.92238,45.7669,53.16367,8.0808,8.78319,6.11721,2.51559
53.92197,45.76348,53.16607,8.08039,8.78264,6.1168,2.5154
53.92157,45.76605,53.16586,8.07999,8.78209,6.11615,2.51488
53.91824,45.76556,53.16545,8.07958,8.78179,6.116,2.5132
53.92083,45.76522,53.16203,8.07917,8.7815,6.11464,2.51308
53.9204,45.76179,53.16462,8.07876,8.78095,6.11419,2.51266
53.91695,45.76418,53.16426,8.07836,8.78065,6.11353,2.51218
53.90948,45.76393,53.16381,8.07795,8.78015,6.11338,2.51151
53.91112,45.76353,53.1604,8.07736,8.7798,6.11297,2.51139
53.91072,45.76011,53.16303,8.07714,8.7793,6.11256,2.51102
53.91031,45.76269,53.16257,8.07773,8.77894,6.11191,2.5105
53.90698,45.76219,53.16216,8.07731,8.7774,6.11175,2.50882
53.90958,45.76185,53.15868,8.0769,8.77685,6.1114,2.5087
53.90915,45.75848,53.16135,8.0745,8.77655,6.11095,2.50828
53.90869,45.76106,53.16098,8.07409,8.77617,6.10929,2.50781
53.90536,45.76056,53.16052,8.07368,8.7757,6.10914,2.50714
53.9077,45.76016,53.15711,8.07328,8.7754,6.10873,2.50701
53.90747,45.75662,53.15971,8.07287,8.7749,6.10832,2.50664
53.90706,45.75932,53.1593,8.07228,8.77456,6.10755,2.50612
53.90373,45.75882,53.16588,8.07206,8.77406,6.10731,2.50433
53.90633,45.75848,53.16447,8.07165,8.77371,6.10716,2.50416
53.9059,45.75506,53.16686,8.07124,8.77315,6.10671,2.5039
53.90544,45.75769,53.16671,8.07084,8.7726,6.10605,2.50343
53.90211,45.75719,53.16625,8.07043,8.77231,6.1059,2.50276
53.90571,45.75679,53.16283,8.07103,8.77201,6.10549,2.50264
53.90422,45.75338,53.16542,8.07062,8.77046,6.10409,2.50226
53.90481,45.75575,53.16501,8.0702,8.77016,6.10343,2.50174
53.90035,45.75546,53.1566,8.06779,8.76966,6.10327,2.50008
53.90307,45.75511,53.15319,8.06722,8.76932,6.10292,2.49996
53.90264,45.75169,53.15583,8.06698,8.76882,6.10247,2.49954
53.90219,45.75427,53.15542,8.06658,8.76847,6.10181,2.49907
53.89886,45.75382,53.15496,8.06617,8.76792,6.10166,2.49839
53.90238,45.75342,53.15147,8.06576,8.76738,6.10126,2.49827
53.90097,45.75006,53.15414,8.06536,8.76708,6.10084,2.4979
53.90057,45.75263,53.15373,8.06495,8.7667,6.10019,2.49738
53.89724,45.75209,53.15331,8.06454,8.76623,6.09903,2.49571
53.89958,45.75174,53.1499,8.06414,8.76593,6.09868,2.49558
53.8994,45.7482,53.15249,8.06473,8.76544,6.09923,2.49516
53.89895,45.7509,53.15214,8.06414,8.76409,6.09744,2.49469
53.8966,45.75045,53.15168,8.06391,8.76358,6.09722,2.49389
53.89812,45.75006,53.14827,8.0615,8.76323,6.09701,2.49372
53.89772,45.74664,53.15065,8.06109,8.76268,6.0966,2.49352
53.89731,45.74921,53.15044,8.06069,8.76214,6.09595,2.493
53.89398,45.74872,53.15003,8.06028,8.76184,6.09579,2.49233
53.89658,45.74837,53.14662,8.05988,8.76154,6.09544,2.49121
53.89615,45.74496,53.14922,8.05947,8.76099,6.09399,2.49079
53.89569,45.74733,53.14886,8.05906,8.76069,6.09333,2.49031
53.89224,45.74708,53.1484,8.05866,8.7602,6.09317,2.48964
53.89488,45.74669,53.14498,8.05907,8.75985,6.09277,2.48952
53.89448,45.74327,53.14762,8.05784,8.75935,6.09237,2.48915
53.89407,45.74585,53.14716,8.05743,8.75901,6.09171,2.48863
53.89074,45.74535,53.14676,8.05802,8.75746,6.09156,2.48796
53.89333,45.74501,53.14427,8.05762,8.75691,6.09121,2.48683
53.8929,45.74164,53.14594,8.05721,8.75661,6.09074,2.48641
53.89245,45.74421,53.14557,8.0548,8.75624,6.09009,2.48594
53.88912,45.74372,53.14511,8.0544,8.75577,6.08893,2.48527
53.89146,45.74332,53.1417,8.05399,8.75547,6.08853,2.48515
53.89123,45.73978,53.1443,8.05359,8.75496,6.08813,2.48477
53.89082,45.74248,53.14389,8.053,8.75461,6.08735,2.48425
53.88749,45.74198,53.14348,8.05278,8.75412,6.08811,2.48346
53.89008,45.74164,53.14007,8.05237,8.75377,6.08696,2.48229
53.88965,45.73822,53.14246,8.05196,8.75322,6.08651,2.48204
53.8892,45.74085,53.1423,8.05156,8.75267,6.08585,2.48158
53.88587,45.74035,53.14184,8.05115,8.75238,6.0857,2.4809
53.88846,45.73996,53.13843,8.05175,8.75108,6.08529,2.48078
53.88798,45.73654,53.14102,8.05134,8.75053,6.08388,2.48041
53.88758,45.73892,53.14062,8.05092,8.75023,6.08323,2.47989
53.88512,45.73863,53.14121,8.04852,8.74974,6.08308,2.47922
53.88684,45.73828,53.14579,8.04794,8.74939,6.08272,2.4781
53.88641,45.73486,53.14843,8.04771,8.74889,6.08226,2.47768
53.88595,45.73744,53.14803,8.0473,8.74855,6.08161,2.47721
53.88262,45.737,53.14757,8.0469,8.748,6.08145,2.47653
53.88514,45.7366,53.14408,8.04749,8.74745,6.08105,2.47641
53.88474,45.73323,53.14675,8.04608,8.74715,6.08064,2.47604
53.88433,45.73581,53.14634,8.04568,8.74678,6.07999,2.47552
53.881,45.73526,53.13794,8.04527,8.74631,6.07983,2.47485
53.88335,45.73492,53.13453,8.04487,8.74601,6.07848,2.47373
53.88317,45.73137,53.13711,8.04446,8.74451,6.07803,2.4733
53.88471,45.73408,53.13675,8.04488,8.74417,6.07724,2.47283
53.88838,45.73363,53.13629,8.04465,8.74367,6.07701,2.47203
53.8909,45.73324,53.13289,8.04425,8.74332,6.07681,2.47186
53.89049,45.72982,53.13528,8.04183,8.74277,6.07641,2.47167
53.89009,45.7324,53.13507,8.04143,8.74223,6.07574,2.47114
53.88676,45.7319,53.13466,8.04102,8.74193,6.07559,2.47047
53.88935,45.73157,53.13126,8.04062,8.74163,6.07524,2.47035
53.88892,45.72814,53.13385,8.04021,8.74108,6.07478,2.46893
53.88847,45.73052,53.13348,8.0398,8.74079,6.07313,2.46846
53.88501,45.73027,53.13302,8.0394,8.74029,6.07297,2.46779
53.88766,45.72988,53.12962,8.03881,8.73994,6.07257,2.46767
53.88725,45.72646,53.13226,8.03859,8.73844,6.07216,2.46729
53.88685,45.72904,53.1318,8.03818,8.7381,6.07151,2.46677
53.88352,45.72855,53.13139,8.03778,8.73755,6.07136,2.4661
53.88611,45.7282,53.12791,8.03836,8.737,6.07099,2.46598
53.88568,45.72483,53.13058,8.03796,8.7367,6.07054,2.46456
53.88523,45.72741,53.13021,8.03755,8.73633,6.06989,2.46409
53.8819,45.72692,53.12975,8.03515,8.73586,6.06974,2.46342
53.88424,45.72652,53.12635,8.03474,8.73556,6.06832,2.46329
53.87601,45.72298,53.12894,8.03434,8.73506,6.06792,2.46292
53.87661,45.72568,53.12853,8.03375,8.73471,6.06714,2.4624
53.87228,45.72519,53.12812,8.03353,8.73422,6.06692,2.46161
53.87487,45.72484,53.12471,8.03312,8.73387,6.06675,2.46144
53.87444,45.72141,53.12711,8.03272,8.73332,6.0663,2.46019
53.87399,45.72405,53.12695,8.03231,8.73177,6.06565,2.45971
53.87066,45.72355,53.12649,8.0319,8.73147,6.0655,2.45904
53.87325,45.72316,53.12307,8.03149,8.73118,6.06509,2.45892
53.87277,45.71974,53.12566,8.03209,8.73063,6.06468,2.45855
53.87236,45.72212,53.12526,8.03168,8.73033,6.06303,2.45803
53.86891,45.72182,53.12485,8.03128,8.72983,6.06287,2.45736
53.87163,45.72148,53.12144,8.02869,8.72949,6.06252,2.45724
53.8712,45.71806,53.12408,8.02847,8.72899,6.06206,2.45582
53.87075,45.72064,53.12368,8.02806,8.72864,6.06141,2.45535
53.86741,45.72019,53.12322,8.02766,8.72809,6.06125,2.45467
53.86994,45.7198,53.11974,8.02725,8.72755,6.06085,2.45455
53.86953,45.71743,53.1224,8.02684,8.72725,6.06044,2.45418
53.86912,45.72002,53.122,8.02643,8.72587,6.05979,2.45366
53.86579,45.71947,53.12159,8.02603,8.7254,6.05963,2.45299
53.86814,45.71913,53.11818,8.02562,8.7251,6.05928,2.45287
53.86896,45.71558,53.12077,8.02522,8.72461,6.05782,2.45145
53.86751,45.71829,53.12541,8.02463,8.72426,6.05704,2.45098
53.86418,45.71784,53.12895,8.02541,8.72376,6.05681,2.45017
53.8667,45.71745,53.12554,8.02501,8.72341,6.0566,2.45
53.8663,45.71402,53.12793,8.0246,8.72287,6.0562,2.4498
53.86589,45.71661,53.12773,8.0222,8.72232,6.05555,2.44928
53.86256,45.71611,53.12732,8.02179,8.72202,6.05539,2.44861
53.86516,45.71577,53.12391,8.02138,8.72172,6.05503,2.44849
53.86473,45.71235,53.1265,8.02097,8.72117,6.05458,2.44807
53.86427,45.71473,53.12215,8.02057,8.71988,6.05393,2.4466
53.86082,45.71448,53.11769,8.02017,8.71938,6.05277,2.44593
53.86346,45.71409,53.11428,8.01959,8.71903,6.05236,2.4458
53.86306,45.71067,53.11692,8.01936,8.71853,6.05196,2.44543
53.86265,45.71325,53.11647,8.01895,8.71819,6.0513,2.44491
53.85933,45.71275,53.11605,8.01855,8.71764,6.05115,2.44424
53.86192,45.71241,53.11257,8.01915,8.71709,6.05079,2.44412
53.86149,45.70904,53.11523,8.01873,8.71679,6.05033,2.4437
53.86104,45.71162,53.11488,8.01833,8.71642,6.04968,2.44223
53.85772,45.71112,53.11442,8.01592,8.71595,6.04953,2.44156
53.86006,45.71073,53.11101,8.01552,8.71565,6.04912,2.44144
53.86083,45.70718,53.1136,8.01511,8.71515,6.04771,2.44107
53.85942,45.70989,53.1132,8.01453,8.71381,6.04693,2.44054
53.85609,45.70939,53.11279,8.01431,8.71331,6.0467,2.43974
53.85869,45.70905,53.10938,8.0139,8.71296,6.04655,2.43957
53.85826,45.70563,53.11177,8.01349,8.71242,6.0461,2.43932
53.8578,45.70826,53.11161,8.01308,8.71187,6.04543,2.43785
53.85447,45.70776,53.11116,8.01268,8.71157,6.04528,2.43718
53.85707,45.70737,53.10775,8.01227,8.71127,6.04488,2.43706
53.85659,45.70395,53.11034,8.01187,8.71073,6.04447,2.43669
53.85619,45.70633,53.10993,8.01247,8.71044,6.04382,2.43617
53.85273,45.70603,53.10953,8.01206,8.70994,6.04366,2.4355
53.85545,45.70569,53.10612,8.01148,8.7096,6.0423,2.43538
53.85502,45.70227,53.10876,8.00924,8.7091,6.04185,2.43496
53.85458,45.70485,53.10835,8.00884,8.70775,6.04119,2.43349
53.85124,45.7044,53.1079,8.00844,8.7072,6.04104,2.4328
53.85477,45.70401,53.10441,8.00803,8.70666,6.04064,2.43268
53.85336,45.70064,53.10708,8.00763,8.70636,6.04022,2.43231
53.85296,45.70322,53.10667,8.00722,8.70599,6.03957,2.43179
53.84963,45.70267,53.10626,8.00681,8.70552,6.03942,2.43112
53.85197,45.70233,53.10286,8.00641,8.70522,6.03906,2.431
53.85179,45.69879,53.10544,8.006,8.70472,6.03861,2.43058
53.85734,45.70149,53.10508,8.00643,8.70437,6.03782,2.42911
53.85701,45.70105,53.10462,8.00519,8.70388,6.03659,2.42831
53.85953,45.70065,53.10121,8.00579,8.70353,6.03639,2.42814
53.85913,45.69724,53.10361,8.00539,8.70198,6.03598,2.42795
53.85973,45.69981,53.1034,8.00497,8.70144,6.03533,2.42743
53.8554,45.69932,53.10299,8.00257,8.70114,6.03518,2.42675
53.85799,45.69897,53.09958,8.00217,8.70084,6.03482,2.42663
53.85756,45.69555,53.10217,8.00176,8.70031,6.03436,2.42621
53.85711,45.69793,53.10182,8.00136,8.70001,6.03371,2.42574
53.85365,45.69769,53.10136,8.00096,8.69951,6.03355,2.42406
53.8563,45.69729,53.09795,8.00037,8.69916,6.03315,2.42394
53.85589,45.69387,53.10959,8.00014,8.69867,6.03175,2.42357
53.85549,45.69646,53.10914,7.99974,8.69832,6.03108,2.42305
53.85216,45.69596,53.10873,7.99933,8.69777,6.03093,2.42238
53.85475,45.69562,53.10525,7.99893,8.69723,6.03057,2.42226
53.85433,45.69224,53.10791,7.99853,8.69593,6.03012,2.42184
53.85388,45.69483,53.10755,7.99912,8.69556,6.02947,2.42137
53.84355,45.69433,53.1071,7.99872,8.69509,6.03031,2.4197
53.8449,45.69394,53.10169,7.9983,8.69479,6.0289,2.41958
53.84467,45.6904,53.09828,7.9959,8.69429,6.0285,2.4192
53.84426,45.6931,53.09787,7.99533,8.69395,6.02872,2.41869
53.84093,45.69261,53.09746,7.99509,8.69346,6.02749,2.41788
53.84353,45.69226,53.09406,7.99469,8.69311,6.02634,2.41771
53.8431,45.68884,53.09645,7.99428,8.69256,6.02588,2.41746
53.84264,45.69147,53.09629,7.99387,8.69202,6.02523,2.41699
53.83931,45.69098,53.09583,7.99347,8.69172,6.02508,2.41532
53.84192,45.69059,53.09243,7.99307,8.69042,6.02466,2.4152
53.84144,45.68716,53.09502,7.99266,8.68988,6.02426,2.41483
53.84104,45.68955,53.09461,7.99225,8.68958,6.0236,2.41431
53.83758,45.68925,53.0942,7.99285,8.68908,6.02345,2.41364
53.8403,45.68891,53.0908,7.99227,8.68874,6.0241,2.41351
53.83987,45.68548,53.09344,7.99204,8.68824,6.02264,2.41309
53.83942,45.68806,53.09303,7.98964,8.68789,6.02198,2.41262
53.83609,45.68762,53.09257,7.98923,8.68735,6.02083,2.41095
53.83862,45.68723,53.08909,7.98882,8.68681,6.02142,2.41083
53.83822,45.68386,53.09176,7.98842,8.68651,6.02002,2.41046
53.83781,45.68643,53.09235,7.98802,8.68614,6.01937,2.40994
53.83448,45.68589,53.09094,7.98761,8.68566,6.01921,2.40927
53.83683,45.68554,53.08754,7.9872,8.68437,6.01886,2.40915
53.83665,45.682,53.09013,7.9868,8.68387,6.0184,2.40873
53.83619,45.68471,53.08977,7.98622,8.68352,6.01762,2.40826
53.83287,45.68426,53.08931,7.98599,8.68302,6.01739,2.40646
53.8354,45.68387,53.08591,7.98559,8.68268,6.01718,2.40629
53.83499,45.68045,53.0883,7.98618,8.68214,6.01578,2.40608
53.83459,45.68303,53.08809,7.98577,8.68159,6.01513,2.40556
53.83126,45.68253,53.08768,7.98537,8.68129,6.01497,2.40489
53.83385,45.68219,53.08428,7.98297,8.68099,6.01462,2.40477
53.83342,45.67877,53.08687,7.98256,8.68044,6.01416,2.40435
53.83297,45.68115,53.08651,7.98215,8.68015,6.0135,2.40388
53.82952,45.68091,53.08606,7.98175,8.67865,6.01335,2.40221
53.83217,45.68051,53.08265,7.98117,8.6783,6.01294,2.40208
53.83177,45.67709,53.08529,7.98093,8.6778,6.01254,2.40171
53.83136,45.67968,53.08483,7.98053,8.67745,6.01189,2.40119
53.82803,45.67917,53.08443,7.98013,8.67691,6.01173,2.40052
53.83063,45.67883,53.08095,7.97973,8.67637,6.01038,2.4004
53.8302,45.67546,53.08362,7.97932,8.67607,6.00992,2.39998
53.82975,45.67804,53.08326,7.97891,8.67569,6.00926,2.39951
53.82642,45.67754,53.08281,7.97951,8.67522,6.00911,2.39783
53.82877,45.67715,53.0794,7.97911,8.67492,6.0087,2.39771
53.82854,45.67361,53.08199,7.9777,8.67442,6.0083,2.39734
53.82814,45.67631,53.08158,7.97612,8.67307,6.00752,2.39682
53.82481,45.67581,53.09017,7.97589,8.67259,6.00729,2.39602
53.8274,45.67546,53.08677,7.97548,8.67224,6.00714,2.39585
53.82698,45.67205,53.08916,7.97508,8.67169,6.00668,2.3956
53.82653,45.67468,53.089,7.97468,8.67114,6.00603,2.39513
53.8232,45.67418,53.08854,7.97427,8.67084,6.00488,2.39346
53.8258,45.67379,53.08514,7.97386,8.67054,6.00546,2.39334
53.82532,45.67037,53.08773,7.97346,8.66999,6.00406,2.39297
53.82491,45.67275,53.08732,7.97306,8.6697,6.00341,2.39245
53.82147,45.67245,53.07991,7.97265,8.66921,6.00325,2.39178
53.82419,45.6721,53.07551,7.97307,8.66886,6.0029,2.39165
53.82376,45.66869,53.07815,7.97284,8.66836,6.00245,2.39123
53.8233,45.67127,53.07774,7.97244,8.66701,6.00179,2.39076
53.81997,45.67082,53.07728,7.97004,8.66646,6.00164,2.38909
53.8225,45.67043,53.0738,7.96962,8.66591,6.00124,2.38897
53.8221,45.66705,53.07647,7.96922,8.66562,6.00083,2.3886
53.8287,45.66963,53.07607,7.96882,8.66524,5.99918,2.38808
53.82737,45.66909,53.07567,7.96842,8.66478,5.99903,2.3874
53.82971,45.66874,53.07226,7.968,8.66448,5.99866,2.38728
53.82953,45.6652,53.07485,7.9676,8.66398,5.99821,2.38686
53.82908,45.6679,53.07449,7.96702,8.66363,5.99743,2.38639
53.82576,45.66745,53.07403,7.9668,8.66314,5.9972,2.38459
53.82828,45.66706,53.07063,7.96639,8.66279,5.997,2.38442
53.82787,45.66363,53.07302,7.96698,8.66124,5.99659,2.38422
53.82747,45.66622,53.07281,7.96658,8.66069,5.99594,2.3837
53.82414,45.66572,53.07241,7.96618,8.6604,5.99579,2.38303
53.82674,45.66537,53.069,7.96377,8.6601,5.99543,2.38291
53.82632,45.66196,53.07159,7.96336,8.65956,5.99398,2.38249
53.82586,45.66433,53.07124,7.96296,8.65926,5.99333,2.38202
53.82241,45.66409,53.07078,7.96255,8.65876,5.99317,2.38034
53.82505,45.6637,53.06737,7.96198,8.65841,5.99277,2.38022
53.82465,45.66027,53.07001,7.96175,8.65791,5.99236,2.37985
53.81625,45.66285,53.06957,7.96133,8.65757,5.9917,2.37933
53.81292,45.66236,53.06916,7.96093,8.65703,5.99154,2.37866
53.81552,45.66201,53.06568,7.96053,8.65548,5.99119,2.37854
53.81509,45.65864,53.06835,7.96013,8.65518,5.99074,2.37812
53.81464,45.66121,53.06799,7.95972,8.65481,5.99008,2.37764
53.81131,45.66072,53.06753,7.96032,8.65434,5.98993,2.37597
53.81366,45.66033,53.06413,7.95991,8.65404,5.98852,2.37585
53.81343,45.65678,53.06672,7.9595,8.65354,5.98812,2.37548
53.81303,45.65949,53.06631,7.95692,8.6532,5.98733,2.37496
53.8097,45.659,53.0659,7.9567,8.6527,5.98711,2.37416
53.81229,45.65864,53.0625,7.95629,8.65235,5.98795,2.37399
53.81187,45.65523,53.06489,7.95588,8.65181,5.9865,2.37374
53.81142,45.65786,53.06473,7.95548,8.65126,5.98584,2.37327
53.80809,45.65736,53.06429,7.95507,8.64996,5.98569,2.3716
53.81069,45.65697,53.06088,7.95467,8.64967,5.98528,2.37148
53.81021,45.65355,53.06347,7.95427,8.64912,5.98488,2.37111
53.8098,45.65592,53.06307,7.95386,8.64882,5.98422,2.37059
53.80636,45.65563,53.06266,7.95345,8.64833,5.98307,2.36992
53.80908,45.65528,53.05925,7.95287,8.64798,5.9827,2.3698
53.80865,45.65186,53.0619,7.95364,8.64748,5.98225,2.36937
53.80819,45.65445,53.06149,7.95324,8.64713,5.98159,2.3689
53.80487,45.654,53.06103,7.95083,8.64659,5.98243,2.36723
53.8074,45.6536,53.06655,7.95043,8.64604,5.98203,2.36711
53.80699,45.65024,53.06922,7.95003,8.64574,5.98062,2.36674
53.80659,45.65281,53.06882,7.94962,8.64437,5.97997,2.36622
53.80326,45.65227,53.06841,7.94921,8.6439,5.97981,2.36555
53.80561,45.65193,53.065,7.94881,8.6436,5.97946,2.36543
53.80543,45.64838,53.0676,7.9484,8.64311,5.98,2.365
53.80498,45.65108,53.06724,7.94783,8.64276,5.97722,2.36453
53.80165,45.65064,53.06678,7.9476,8.64227,5.97699,2.36274
53.80417,45.65024,53.05638,7.94719,8.64192,5.97779,2.36257
53.80377,45.64682,53.05777,7.94679,8.64137,5.97638,2.36237
53.80337,45.64941,53.05756,7.94738,8.64082,5.97573,2.36185
53.80004,45.64891,53.05715,7.94697,8.64053,5.97557,2.36118
53.80264,45.64856,53.05376,7.94657,8.64024,5.97521,2.36106
53.80222,45.64515,53.05635,7.94417,8.63869,5.97476,2.36063
53.80176,45.64752,53.05599,7.94376,8.63839,5.9741,2.36016
53.79831,45.64728,53.05553,7.94336,8.63789,5.97395,2.3585
53.80095,45.64689,53.05213,7.94278,8.63754,5.97354,2.35838
53.80056,45.64346,53.05477,7.94254,8.63706,5.97214,2.35801
53.80016,45.64705,53.05431,7.94214,8.63671,5.97148,2.35749
53.79683,45.64655,53.0539,7.94174,8.63616,5.97233,2.35682
53.79942,45.6462,53.05042,7.94133,8.63561,5.97097,2.3567
53.799,45.64284,53.0531,7.94093,8.63532,5.97051,2.35628
53.79855,45.64542,53.05274,7.94052,8.63495,5.96986,2.3558
53.79522,45.64492,53.05228,7.94012,8.63448,5.9697,2.35413
53.79757,45.64453,53.04888,7.94072,8.63318,5.9693,2.35401
53.79734,45.64099,53.05147,7.9403,8.63269,5.96889,2.35364
53.79694,45.64369,53.05106,7.93972,8.63234,5.96811,2.35312
53.79361,45.64319,53.05065,7.9375,8.63184,5.96788,2.35232
53.79621,45.64285,53.04725,7.93709,8.6315,5.96672,2.35215
53.79578,45.63943,53.04965,7.93669,8.63096,5.96627,2.35191
53.79534,45.64206,53.04949,7.93629,8.63041,5.96561,2.35143
53.79501,45.64157,53.04904,7.93588,8.63011,5.96546,2.34976
53.8036,45.64117,53.04563,7.93548,8.62981,5.96505,2.34964
53.80312,45.63775,53.04822,7.93508,8.62927,5.96464,2.34927
53.80273,45.64013,53.04782,7.93467,8.62898,5.96399,2.34875
53.79928,45.63983,53.04742,7.93426,8.62748,5.96383,2.34808
53.802,45.63949,53.04401,7.93368,8.62714,5.96348,2.34796
53.80157,45.63608,53.04665,7.93345,8.62664,5.96302,2.34754
53.80112,45.63866,53.04625,7.93405,8.62629,5.96236,2.34706
53.7978,45.63821,53.04579,7.93364,8.62575,5.96121,2.34539
53.80032,45.63782,53.04231,7.93324,8.62521,5.9618,2.34528
53.79991,45.63445,53.04498,7.93084,8.62491,5.96039,2.34491
53.79951,45.63702,53.04457,7.93043,8.62454,5.95974,2.34439
53.79619,45.63648,53.04417,7.93003,8.62407,5.95958,2.34372
53.79854,45.63614,53.04077,7.92963,8.62377,5.95923,2.3436
53.79836,45.63259,53.04336,7.92922,8.62228,5.95977,2.34318
53.7979,45.6353,53.043,7.92865,8.62193,5.95799,2.3427
53.78858,45.63485,53.04254,7.92841,8.62144,5.95776,2.34091
53.7891,45.63446,53.03914,7.928,8.62109,5.95755,2.34074
53.7887,45.63104,53.04153,7.9276,8.62054,5.95715,2.34054
53.7883,45.63362,53.04132,7.9272,8.62001,5.95549,2.34002
53.78498,45.63313,53.04093,7.92679,8.61971,5.95533,2.33935
53.78757,45.63278,53.03752,7.92739,8.61941,5.95498,2.33923
53.78714,45.62936,53.04111,7.92699,8.61887,5.95552,2.33881
53.78669,45.63174,53.04876,7.92659,8.61857,5.95387,2.33834
53.78324,45.63149,53.0493,7.92418,8.61807,5.95372,2.33667
53.78589,45.6311,53.04489,7.9236,8.61673,5.95331,2.33655
53.78548,45.62768,53.04754,7.92338,8.61624,5.95291,2.33618
53.78608,45.63026,53.04709,7.92297,8.6159,5.95225,2.33566
53.78176,45.62976,53.04668,7.92257,8.61535,5.95209,2.33499
53.78436,45.62942,53.0432,7.92217,8.6148,5.95174,2.33486
53.78393,45.62605,53.04586,7.92176,8.61451,5.95028,2.33444
53.78348,45.62864,53.03851,7.92136,8.61414,5.94963,2.33397
53.78015,45.62814,53.03705,7.92096,8.61366,5.94947,2.3323
53.7825,45.62774,53.03365,7.92055,8.61338,5.94906,2.33218
53.78227,45.6242,53.03625,7.92015,8.61288,5.94866,2.33182
53.78188,45.6269,53.03584,7.92056,8.61153,5.94788,2.33129
53.77855,45.62641,53.03543,7.92033,8.61104,5.94765,2.3305
53.78114,45.62607,53.03202,7.91793,8.61069,5.94749,2.33033
53.78072,45.62265,53.03442,7.91753,8.61014,5.94703,2.33008
53.78027,45.62527,53.03427,7.91712,8.60961,5.94638,2.32861
53.77694,45.62478,53.03381,7.91672,8.60931,5.94623,2.32794
53.77954,45.62439,53.03041,7.91632,8.60901,5.94482,2.32781
53.77907,45.62096,53.033,7.91591,8.60846,5.94442,2.32744
53.77866,45.62334,53.03259,7.91551,8.60817,5.94376,2.32692
53.77521,45.62305,53.03219,7.91511,8.60768,5.9436,2.32626
53.77794,45.62271,53.02879,7.91453,8.60633,5.94325,2.32614
53.77751,45.61928,53.03143,7.9143,8.60584,5.94279,2.32572
53.77706,45.62186,53.03102,7.9139,8.60549,5.94213,2.32425
53.77373,45.62142,53.03056,7.91449,8.60495,5.94198,2.32358
53.77626,45.62103,53.02708,7.91409,8.60441,5.94157,2.32345
53.77585,45.61765,53.02975,7.91369,8.60411,5.94116,2.32308
53.77545,45.62024,53.02935,7.91128,8.60374,5.94051,2.32256
53.77212,45.61969,53.02894,7.91088,8.60327,5.93936,2.32189
53.77447,45.61935,53.02554,7.91048,8.60298,5.939,2.32178
53.7743,45.6158,53.02813,7.91007,8.60248,5.93855,2.32136
53.77384,45.61851,53.02777,7.9095,8.60214,5.93777,2.31989
53.77052,45.61806,53.02733,7.90927,8.60064,5.93754,2.31909
53.77304,45.61767,53.02392,7.90886,8.60031,5.93733,2.31892
53.77264,45.61425,53.02631,7.90846,8.59976,5.93692,2.31872
53.77223,45.61683,53.02611,7.90806,8.59921,5.93627,2.3182
53.76891,45.61634,53.0257,7.90766,8.59892,5.93611,2.31753
53.77151,45.61598,53.0223,7.90725,8.59862,5.93576,2.31741
53.77208,45.61257,53.02489,7.90785,8.59808,5.93531,2.317
53.77063,45.61495,53.02454,7.90745,8.59779,5.93365,2.31552
53.76718,45.61471,53.02408,7.90704,8.59729,5.93349,2.31485
53.76982,45.6143,53.02067,7.90446,8.59695,5.93308,2.31473
53.76942,45.61089,53.02332,7.90424,8.59546,5.93268,2.31436
53.76902,45.61347,53.02287,7.90383,8.59511,5.93202,2.31384
53.7657,45.61298,53.02246,7.90343,8.59457,5.93186,2.31317
53.76829,45.61262,53.01898,7.90303,8.59402,5.93151,2.31304
53.76787,45.60926,53.02165,7.90262,8.59372,5.93106,2.31262
53.77042,45.61184,53.02129,7.90222,8.59336,5.9314,2.31116
53.77309,45.61135,53.02085,7.90182,8.59289,5.93025,2.31049
53.77544,45.61095,53.01744,7.90142,8.5926,5.93084,2.31036
53.77521,45.6074,53.02003,7.90101,8.5921,5.92843,2.30999
53.77481,45.61011,53.01963,7.90043,8.59176,5.92765,2.30947
53.77149,45.60962,53.01922,7.90121,8.59027,5.92742,2.30867
53.77408,45.60928,53.02282,7.9008,8.58992,5.92727,2.3085
53.77365,45.60585,53.02722,7.9004,8.58937,5.92682,2.30826
53.77321,45.60848,53.02706,7.898,8.58884,5.92616,2.30679
53.76988,45.60799,53.0266,7.89759,8.58854,5.926,2.30612
53.77247,45.6076,53.0232,7.8972,8.58825,5.9256,2.306
53.772,45.60417,53.0258,7.8968,8.5877,5.92519,2.30563
53.7716,45.60656,53.02539,7.89639,8.58741,5.92453,2.30511
53.76814,45.60626,53.02498,7.89599,8.58692,5.92438,2.30443
53.77087,45.60592,53.02058,7.89541,8.58657,5.92303,2.30431
53.77044,45.6025,53.01622,7.89518,8.58507,5.92257,2.30389
53.76498,45.60508,53.01582,7.89478,8.58474,5.92192,2.30242
53.75866,45.60464,53.01537,7.89438,8.58419,5.92176,2.30176
53.76118,45.60424,53.01189,7.89398,8.58365,5.92135,2.30163
53.76078,45.60088,53.01455,7.89457,8.58335,5.92095,2.30126
53.76038,45.60345,53.01416,7.89417,8.58299,5.9203,2.30074
53.75705,45.60291,53.01375,7.89377,8.58252,5.92014,2.30007
53.7594,45.60257,53.01034,7.89136,8.58222,5.91978,2.29994
53.75921,45.59902,53.01294,7.89096,8.58173,5.91933,2.29953
53.75877,45.60173,53.01258,7.89038,8.58139,5.91855,2.29806
53.75544,45.60128,53.01213,7.89016,8.57989,5.91731,2.29726
53.75796,45.60089,53.00872,7.88976,8.57955,5.91711,2.29709
53.75756,45.59747,53.01112,7.88936,8.579,5.9167,2.29689
53.75715,45.60005,53.01091,7.88895,8.57847,5.91605,2.29637
53.75382,45.59956,53.01051,7.88855,8.57817,5.91589,2.2957
53.75643,45.59921,53.00711,7.88815,8.57787,5.91554,2.29559
53.756,45.59579,53.0097,7.88775,8.57734,5.91508,2.29516
53.75554,45.59817,53.00934,7.88734,8.57704,5.91442,2.29369
53.7521,45.59793,53.00888,7.88794,8.57655,5.91426,2.29302
53.75474,45.59753,53.00549,7.88736,8.5762,5.91386,2.2929
53.75433,45.59411,53.00813,7.88713,8.5747,5.91346,2.29252
53.75394,45.59669,53.00767,7.88474,8.57437,5.9118,2.292
53.75061,45.5962,53.00726,7.88434,8.57382,5.91164,2.29134
53.75321,45.59586,53.00379,7.88393,8.57328,5.91229,2.29122
53.75278,45.59249,53.00646,7.88353,8.57299,5.91183,2.2908
53.75232,45.59506,53.0061,7.88312,8.57262,5.91018,2.28932
53.749,45.59457,53.00565,7.88272,8.57215,5.91002,2.28865
53.75135,45.59418,53.00225,7.88232,8.57185,5.90961,2.28853
53.75112,45.59063,53.00484,7.88192,8.57137,5.90921,2.28816
53.75072,45.59334,53.00443,7.88134,8.57102,5.90842,2.28764
53.74739,45.59284,53.00403,7.88111,8.56952,5.90819,2.28685
53.74999,45.59249,53.00062,7.88071,8.56919,5.90804,2.28667
53.74956,45.58908,53.00302,7.88131,8.56864,5.90659,2.28543
53.74911,45.59171,53.00286,7.88091,8.5681,5.90593,2.28495
53.74578,45.59121,53.00241,7.88051,8.5678,5.90677,2.28428
53.74838,45.59081,52.99901,7.8791,8.56751,5.90536,2.28416
53.7479,45.58739,53.0016,7.8777,8.56697,5.90496,2.2838
53.7475,45.59078,53.00119,7.87729,8.56667,5.90431,2.28327
53.74405,45.59048,53.00078,7.87689,8.56618,5.90415,2.2826
53.74677,45.59014,52.99739,7.87632,8.56584,5.90379,2.28248
53.74635,45.58671,53.00003,7.87609,8.56434,5.90433,2.28106
53.74589,45.58929,52.99962,7.87569,8.564,5.90267,2.28059
53.74356,45.58885,52.99916,7.87529,8.56345,5.90352,2.27992
53.74509,45.58846,52.99569,7.87488,8.56292,5.90112,2.2798
53.74469,45.58509,52.99836,7.87448,8.56262,5.90071,2.27943
53.74428,45.58767,52.99795,7.87408,8.56225,5.90005,2.2789
53.74096,45.58712,53.00254,7.87468,8.56179,5.89989,2.27823
53.7433,45.58677,53.00315,7.87428,8.5615,5.89954,2.27812
53.74313,45.58323,53.00574,7.87388,8.561,5.89909,2.27669
53.74268,45.58594,53.00538,7.8713,8.56065,5.8983,2.27622
53.73934,45.58549,53.00492,7.87107,8.55917,5.89807,2.27543
53.74187,45.5851,53.00153,7.87066,8.55882,5.89786,2.27525
53.74147,45.58167,53.00392,7.87027,8.55828,5.89746,2.27505
53.74106,45.58425,53.00371,7.86987,8.55774,5.8968,2.27453
53.73874,45.58376,53.00332,7.86946,8.55745,5.89564,2.27387
53.74934,45.58341,52.99191,7.86906,8.55715,5.89528,2.27375
53.74891,45.58,52.9945,7.86865,8.55661,5.89484,2.27232
53.74846,45.58238,52.99414,7.86825,8.55632,5.89418,2.27185
53.745,45.58212,52.9937,7.86786,8.55582,5.89402,2.27118
53.74766,45.58173,52.99029,7.86728,8.55548,5.89361,2.27107
53.74725,45.57831,52.99293,7.86805,8.55399,5.8932,2.27069
53.74685,45.58089,52.99247,7.86764,8.55365,5.89255,2.27017
53.74352,45.5804,52.99208,7.86724,8.5531,5.8924,2.2695
53.74612,45.58006,52.98859,7.86484,8.55256,5.89204,2.26937
53.7457,45.57668,52.99126,7.86444,8.55227,5.89058,2.26795
53.74524,45.57926,52.99092,7.86404,8.5519,5.88992,2.26749
53.74191,45.57877,52.99046,7.86363,8.55143,5.88977,2.26682
53.74426,45.57838,52.98705,7.86323,8.55114,5.88936,2.26669
53.74403,45.57483,52.98964,7.86283,8.55065,5.88896,2.26632
53.74063,45.57754,52.98925,7.86226,8.5503,5.88817,2.2658
53.73231,45.57704,52.98884,7.86203,8.54882,5.88795,2.26501
53.7349,45.57669,52.98543,7.86162,8.54847,5.88779,2.26383
53.73448,45.57327,52.98783,7.86122,8.54793,5.88733,2.26359
53.73402,45.57591,52.98768,7.86082,8.54738,5.88667,2.26311
53.73169,45.57541,52.98722,7.86142,8.54709,5.88653,2.26244
53.7333,45.57502,52.98381,7.86102,8.5468,5.88512,2.26233
53.73282,45.57159,52.98641,7.86061,8.54625,5.88471,2.26195
53.73242,45.57397,52.98601,7.85921,8.54597,5.88405,2.26143
53.72896,45.57368,52.9856,7.8578,8.54547,5.8839,2.26076
53.73168,45.57334,52.9822,7.85824,8.54513,5.88354,2.25963
53.73126,45.56992,52.98484,7.85701,8.54364,5.88309,2.25922
53.73081,45.5725,52.98444,7.8566,8.54329,5.88243,2.25875
53.72748,45.57206,52.98398,7.8562,8.54275,5.88228,2.25808
53.73,45.57165,52.98051,7.8558,8.54221,5.88187,2.25795
53.7296,45.56828,52.98317,7.8554,8.54192,5.88146,2.25758
53.7292,45.57087,52.98277,7.85599,8.54155,5.88081,2.25707
53.72587,45.57032,52.98237,7.85459,8.54109,5.87965,2.25639
53.72822,45.56998,52.97896,7.85419,8.54079,5.8793,2.25527
53.72804,45.56644,52.98155,7.85379,8.5403,5.87884,2.25485
53.72858,45.56914,52.9812,7.85421,8.53995,5.87806,2.25437
53.72426,45.5687,52.98075,7.85398,8.53846,5.87783,2.25357
53.72678,45.5683,52.97734,7.85358,8.53812,5.87763,2.25341
53.72638,45.56488,52.98074,7.85118,8.53757,5.87722,2.25321
53.72598,45.56746,52.97953,7.85078,8.53704,5.87656,2.25269
53.72265,45.56697,52.97913,7.85038,8.53674,5.8764,2.25201
53.72525,45.56662,52.97573,7.84997,8.53645,5.87605,2.2509
53.72482,45.5632,52.97832,7.84958,8.53591,5.8756,2.25048
53.72437,45.56558,52.97796,7.84917,8.53561,5.87394,2.25
53.72091,45.56533,52.9775,7.84877,8.53512,5.87378,2.24933
53.72357,45.56494,52.97411,7.84819,8.53478,5.87338,2.24921
53.72316,45.56152,52.97675,7.84797,8.53329,5.87297,2.24884
53.72276,45.5641,52.97629,7.84756,8.53294,5.87232,2.24832
53.71943,45.56361,52.97589,7.84716,8.53241,5.87216,2.24765
53.72202,45.56326,52.97241,7.84775,8.53186,5.87181,2.24652
53.7216,45.55989,52.98208,7.84736,8.53156,5.87135,2.2461
53.72114,45.56247,52.98372,7.84695,8.53121,5.87069,2.24564
53.71782,45.56197,52.98327,7.84455,8.53073,5.87154,2.24496
53.72017,45.56158,52.97986,7.84415,8.53044,5.87013,2.24484
53.71993,45.55803,52.98245,7.84375,8.52994,5.86873,2.24447
53.71954,45.56074,52.98206,7.84317,8.52961,5.86795,2.24394
53.71621,45.56025,52.98165,7.84294,8.52811,5.86772,2.24316
53.71881,45.5599,52.97824,7.84255,8.52777,5.86756,2.24198
53.71838,45.55648,52.98064,7.84214,8.52723,5.8671,2.24173
53.71793,45.55911,52.97948,7.84174,8.52668,5.86645,2.24126
53.7146,45.55862,52.97203,7.84233,8.52639,5.86629,2.2406
53.7172,45.55822,52.96863,7.84194,8.5261,5.86588,2.24047
53.71672,45.5548,52.97122,7.84054,8.52556,5.86548,2.2401
53.71932,45.55718,52.97081,7.84113,8.52526,5.86483,2.23958
53.72187,45.55688,52.97041,7.84074,8.52478,5.86467,2.23791
53.72459,45.55654,52.967,7.84016,8.52443,5.86331,2.23779
53.72417,45.55312,52.96965,7.83793,8.52294,5.86286,2.23737
53.72371,45.5557,52.96925,7.83752,8.5226,5.8622,2.23689
53.72039,45.55526,52.96879,7.83713,8.52205,5.86204,2.23622
53.72291,45.55486,52.96531,7.83672,8.52151,5.86164,2.23611
53.72251,45.55149,52.96798,7.83632,8.52122,5.86123,2.23573
53.7221,45.55407,52.96757,7.83592,8.52085,5.86157,2.23521
53.71877,45.55452,52.96717,7.83552,8.52038,5.86041,2.23354
53.72112,45.55418,52.96377,7.83511,8.5201,5.86006,2.23342
53.72094,45.55063,52.96636,7.83472,8.5196,5.8596,2.233
53.7205,45.55334,52.966,7.83414,8.51826,5.85881,2.23253
53.71716,45.5529,52.96555,7.83391,8.51777,5.85858,2.23173
53.71369,45.5525,52.96214,7.83351,8.51743,5.85738,2.23156
53.71129,45.54907,52.96453,7.83411,8.51689,5.85697,2.23136
53.71089,45.55165,52.96434,7.83371,8.51635,5.85631,2.23084
53.70756,45.55116,52.96393,7.8333,8.51605,5.85615,2.22917
53.71016,45.55082,52.96052,7.83091,8.51576,5.85579,2.22905
53.70973,45.5474,52.96312,7.8305,8.51522,5.85533,2.22863
53.70928,45.54978,52.96276,7.8301,8.51492,5.85468,2.22815
53.70583,45.54953,52.9623,7.8297,8.51444,5.85452,2.22748
53.70847,45.54914,52.95891,7.82912,8.51309,5.85411,2.22737
53.70807,45.54572,52.96155,7.82889,8.5126,5.85371,2.22699
53.70767,45.5483,52.96109,7.8285,8.51226,5.85305,2.22647
53.70435,45.5478,52.96069,7.82809,8.51172,5.85189,2.2248
53.70694,45.54745,52.95721,7.82768,8.51117,5.85154,2.22468
53.70652,45.54408,52.95988,7.82729,8.51088,5.85108,2.22426
53.70606,45.54667,52.95953,7.82688,8.51051,5.85042,2.22379
53.70274,45.54617,52.95907,7.82748,8.51004,5.85026,2.22311
53.70508,45.54578,52.95567,7.82708,8.50976,5.84986,2.223
53.70486,45.54223,52.95826,7.82667,8.50926,5.85045,2.22262
53.70445,45.54494,52.95785,7.82409,8.50792,5.84866,2.2221
53.70113,45.54444,52.95745,7.82387,8.50743,5.84844,2.2203
53.70372,45.5441,52.95405,7.82347,8.50709,5.84828,2.22014
53.7033,45.54067,52.95644,7.82306,8.50654,5.84782,2.21989
53.70284,45.5433,52.95629,7.82266,8.506,5.84617,2.21942
53.69952,45.54281,52.95583,7.82226,8.50571,5.84601,2.21874
53.70211,45.54241,52.95242,7.82185,8.50542,5.8456,2.21863
53.70163,45.53899,52.95502,7.82145,8.50488,5.8452,2.21825
53.70123,45.54137,52.95462,7.82105,8.50458,5.84454,2.21673
53.69778,45.54108,52.95422,7.82064,8.50309,5.84439,2.21606
53.7005,45.54074,52.95081,7.82007,8.50275,5.84403,2.21594
53.70007,45.53732,52.95345,7.82084,8.50225,5.84357,2.21552
53.69963,45.5399,52.95305,7.82143,8.50192,5.84392,2.21505
53.69629,45.53945,52.95259,7.82004,8.50137,5.84276,2.21437
53.69882,45.53906,52.94911,7.81763,8.50082,5.84235,2.21426
53.69841,45.53569,52.95179,7.81724,8.50054,5.84095,2.21389
53.69802,45.53827,52.95138,7.81683,8.50017,5.84028,2.21236
53.69468,45.53772,52.95098,7.81642,8.49971,5.84012,2.21169
53.69704,45.53737,52.94757,7.81603,8.49941,5.83977,2.21158
53.69685,45.53383,52.95417,7.81562,8.49791,5.83931,2.21115
53.69641,45.53654,52.95882,7.81504,8.49758,5.83953,2.21068
53.69307,45.53609,52.95836,7.81482,8.49708,5.8383,2.20988
53.6956,45.5357,52.95495,7.81541,8.49674,5.83809,2.20972
53.69519,45.53228,52.95735,7.81401,8.4962,5.83768,2.20952
53.6948,45.53486,52.95714,7.81361,8.49565,5.83702,2.20799
53.69146,45.53437,52.95674,7.8132,8.49537,5.83686,2.20733
53.69407,45.53402,52.95334,7.8138,8.49507,5.83551,2.20721
53.69363,45.5306,52.95593,7.8134,8.49453,5.83505,2.20678
53.69319,45.53298,52.95558,7.813,8.49324,5.83439,2.20631
53.68973,45.53274,52.95512,7.81059,8.49275,5.83423,2.20565
53.69338,45.53235,52.94471,7.81001,8.49241,5.83382,2.20552
53.70097,45.52892,52.94636,7.80979,8.49191,5.83341,2.20515
53.70058,45.5315,52.94591,7.80938,8.49157,5.83276,2.20362
53.69724,45.531,52.94551,7.80899,8.49103,5.83359,2.20296
53.69985,45.53066,52.94202,7.80858,8.49049,5.83224,2.20284
53.69941,45.52729,52.94469,7.80817,8.4902,5.83178,2.20241
53.69897,45.52987,52.94434,7.80778,8.48983,5.83112,2.20195
53.69563,45.52938,52.94388,7.80737,8.48936,5.82996,2.20128
53.69799,45.52898,52.94047,7.80697,8.48807,5.82955,2.20115
53.69775,45.52544,52.94308,7.80657,8.48758,5.82914,2.19978
53.69735,45.52815,52.94267,7.80599,8.48723,5.82836,2.19927
53.69402,45.52765,52.94227,7.80676,8.48674,5.82812,2.19847
53.69662,45.52731,52.93886,7.80636,8.4864,5.82797,2.19829
53.69619,45.52389,52.94125,7.80596,8.48585,5.8275,2.19805
53.69274,45.52652,52.9411,7.80355,8.48532,5.82684,2.19758
53.6844,45.52603,52.94065,7.80315,8.48502,5.82668,2.19691
53.687,45.52563,52.93725,7.80275,8.48473,5.82627,2.19679
53.68652,45.52221,52.93984,7.80234,8.48419,5.82587,2.19542
53.68612,45.52459,52.93943,7.80195,8.48289,5.8242,2.1949
53.68266,45.52429,52.93903,7.80154,8.4824,5.82404,2.19423
53.68538,45.52395,52.93562,7.80097,8.48206,5.82369,2.1941
53.68495,45.52053,52.93827,7.80074,8.48156,5.82322,2.19369
53.6845,45.52411,52.93787,7.80033,8.48122,5.82257,2.19321
53.68117,45.52367,52.93741,7.79993,8.48068,5.8224,2.19254
53.68369,45.52327,52.93393,7.79953,8.48014,5.82199,2.19243
53.68328,45.51991,52.9366,7.80013,8.47985,5.82159,2.19105
53.68288,45.52249,52.9362,7.79972,8.47947,5.82092,2.19053
53.67955,45.52194,52.93579,7.79933,8.47801,5.82077,2.18986
53.6819,45.5216,52.93238,7.79692,8.47772,5.8204,2.18974
53.68172,45.51806,52.93499,7.79652,8.47723,5.81894,2.18932
53.68126,45.52076,52.93463,7.79594,8.47688,5.81816,2.18885
53.67794,45.52032,52.93418,7.79572,8.47639,5.81792,2.18806
53.68045,45.51992,52.93077,7.79531,8.47605,5.81771,2.18789
53.68005,45.51651,52.93316,7.79491,8.47551,5.8173,2.18669
53.67964,45.51909,52.93296,7.79451,8.47497,5.81664,2.18618
53.67632,45.51859,52.93255,7.7941,8.47467,5.81648,2.1855
53.67891,45.51825,52.92916,7.7937,8.47438,5.81611,2.18538
53.67848,45.51483,52.93175,7.7933,8.47284,5.81566,2.18496
53.67803,45.51721,52.93139,7.7929,8.47254,5.81499,2.18449
53.67458,45.51697,52.93094,7.79349,8.47206,5.81484,2.18382
53.67722,45.51657,52.92753,7.79292,8.47171,5.81342,2.1827
53.67682,45.51315,52.93018,7.79269,8.47121,5.81301,2.18233
53.67641,45.51573,52.92972,7.79229,8.47088,5.81235,2.18181
53.67308,45.51524,52.92931,7.78989,8.47033,5.81218,2.18114
53.67567,45.51489,52.92584,7.78948,8.4698,5.81183,2.18101
53.67525,45.51152,52.9285,7.78908,8.4695,5.81136,2.1806
53.6748,45.5141,52.92816,7.78867,8.46913,5.81071,2.18013
53.67146,45.5136,52.9287,7.78828,8.46767,5.81054,2.17946
53.67381,45.51321,52.92429,7.78787,8.46737,5.81012,2.17834
53.67358,45.50966,52.92689,7.78747,8.46688,5.80972,2.17797
53.67418,45.51237,52.92648,7.78689,8.46654,5.80893,2.17746
53.66984,45.51188,52.92608,7.78667,8.46604,5.8077,2.17666
53.67245,45.51153,52.92267,7.78626,8.46571,5.80753,2.17648
53.67201,45.50811,52.92507,7.78586,8.46516,5.80707,2.17625
53.67156,45.51074,52.92491,7.78546,8.46462,5.80741,2.17577
53.66823,45.51025,52.92445,7.78606,8.46433,5.80624,2.1751
53.67083,45.50985,52.92105,7.78565,8.46304,5.80583,2.17397
53.67034,,,7.78525,8.4625,5.80542,2.17361
