1024B,128B,12B
59.34648,25.17816,19.66188
81.34692,35.2906,59.67348
61.324,45.20404,9.67952
63.57436,25.2104,19.68788
51.33836,35.2136,29.70516
61.34332,72.1946,9.71316
41.35628,25.2416,19.71468
51.38288,65.23656,29.72328
65.5288,45.24728,9.73032
41.36756,25.35624,19.73972
58.04928,35.27156,29.76072
91.39356,45.27196,9.76516
62.40548,55.28336,19.76652
51.40964,35.38928,59.7762
61.41328,45.30752,9.782
41.41464,25.30296,19.7902
51.4182,35.32876,29.80852
61.41468,45.42368,9.81684
41.4372,25.34088,19.81736
51.47228,35.33704,29.82572
61.45748,45.34848,9.83264
41.45704,25.4568,19.8432
51.46048,62.76392,29.86436
91.50656,45.37164,9.86768
41.48004,55.39196,19.869
60.91812,35.48616,29.87728
80.69024,45.29152,9.88564
49.42232,55.29564,19.894
81.51064,35.304,29.91116
61.51612,45.32016,9.9194
41.51352,25.32768,19.92388
51.55768,35.32816,29.9292
64.47488,15.33536,9.9372
41.54448,25.35252,19.94576
51.5468,65.36316,29.96704
70.94288,15.36128,9.9702
41.5712,25.3698,19.97248
81.6186,35.39104,29.98076
71.03596,15.39532,9.98816
71.84932,55.39668,19.9964
68.37276,35.40416,60.01492
61.60724,45.4204,10.0228
41.60004,25.42976,20.02328
81.67936,35.43004,30.03176
77.1564,15.43704,40.04116
45.82916,25.45648,20.048
70.96928,35.44568,30.07048
91.63772,15.46328,10.078
53.42836,25.47156,20.07512
74.48064,35.50512,30.08348
61.68592,15.47884,10.09052
65.70212,25.49756,20.10428
51.67492,62.47612,30.11836
61.69824,15.53828,10.12532
41.7072,25.51588,50.12716
53.412,35.53192,30.13408
78.51408,15.53904,40.1448
71.78148,25.5728,20.15168
68.50716,35.5526,30.1732
61.74188,15.56492,10.18064
57.27504,55.57468,20.17756
111.81512,35.60716,30.18712
61.79492,15.58572,10.19416
41.78336,25.59956,20.20684
51.77864,35.60776,30.22072
91.82972,15.64044,10.22776
41.77996,55.63388,20.22948
58.521,35.63492,30.23776
91.8446,15.64104,10.24596
47.24956,25.67448,50.28836
68.59456,35.66692,30.27264
61.83316,15.66704,40.2732
71.82608,25.67556,20.28124
51.85336,35.70912,30.28964
61.88352,15.6998,10.29684
71.87232,25.68708,20.31488
51.86844,35.70988,30.3244
91.92004,15.74232,10.32356
41.8686,55.73556,20.33192
51.89264,35.73892,30.34052
71.3472,45.74428,10.34944
72.16224,25.77668,20.37072
71.81048,35.76884,60.37644
61.89876,15.75464,10.37448
71.92628,25.77748,20.38352
51.93848,35.811,30.39304
91.99876,15.80204,10.4004
41.97832,25.80224,50.41884
51.9662,61.93164,30.42704
67.2438,15.84428,40.42736
41.95388,25.83632,20.43544
62.50724,65.83804,30.44384
84.80208,15.84604,10.452
44.95928,25.87836,20.47328
82.19736,35.87084,30.47752
62.01144,45.87132,10.47792
42.01652,25.86584,20.4874
54.97108,35.91296,60.4968
75.062,15.90368,10.50288
72.11556,25.90436,20.51988
58.72412,35.91384,30.53048
86.08696,15.94632,10.52956
57.58696,25.93832,20.53804
82.07616,35.93844,30.54644
62.081,45.9472,10.5544
64.41844,25.96204,20.57672
52.27692,35.97284,30.5812
62.1072,45.97316,10.58048
42.10768,25.98,20.58972
82.13896,36.00052,30.59796
75.1542,16.00588,10.60644
72.20852,26.00616,50.62924
68.90856,36.01472,30.63304
62.14348,16.03236,40.63344
72.1512,26.04024,20.6406
52.16036,66.04192,30.64988
62.17136,42.17212,10.65812
42.20064,26.06808,20.67936
52.19112,36.07436,30.68376
62.18584,16.0738,10.68288
42.1918,26.08228,20.69332
82.26128,36.11588,30.7016
75.24236,16.0896,10.7088
45.19188,26.10796,20.72608
65.25248,36.11656,30.7354
62.24308,16.149,10.7356
63.20328,26.12588,20.74408
52.2322,36.14264,30.75248
62.25292,16.14948,10.76068
42.287,26.18344,20.78176
52.1358,36.16308,30.78724
62.13408,46.17684,40.79212
42.14404,26.18432,20.7958
52.14944,36.21748,30.80416
76.58304,16.19636,10.81136
72.1984,26.21016,20.82956
67.83688,36.2186,30.83892
62.17824,16.251,10.83824
57.8602,26.22552,20.85104
52.19596,36.24464,30.855
62.2112,16.25172,10.86416
72.24728,26.28524,20.88552
52.2248,66.27884,30.88984
62.30164,16.27744,10.88916
42.22752,56.28748,20.89836
52.24312,36.3198,30.90764
69.84312,43.8144,10.91508
42.28996,26.31508,20.9322
57.29196,36.32016,30.94152
82.30904,16.35272,10.94068
72.27664,26.34504,20.95008
64.21348,36.34856,30.96296
92.29816,16.35364,10.96656
72.5072,26.38716,20.98792
67.9752,36.37944,30.99236
92.32564,16.36528,40.9938
49.92928,26.38792,21.002
82.3322,36.4216,31.0104
62.34708,16.4124,11.01752
72.38428,26.41292,21.0346
52.36628,36.4254,31.04512
92.37496,16.4548,11.0444
42.36456,26.44688,21.05268
56.14828,36.44712,31.06548
79.85876,46.4424,11.069
45.508,26.48924,21.09156
72.22704,36.4816,61.0972
62.4218,16.4806,11.09516
66.59832,26.47616,51.10584
52.42332,36.52368,31.11384
62.43396,16.51448,41.1508
72.47436,26.51508,21.13928
52.453,36.5234,31.13976
62.44808,16.55652,11.14708
42.4576,26.54884,21.15628
52.467,36.5492,31.16456
70.08516,16.5574,11.1856
42.51708,26.5728,21.19016
55.56916,36.58336,31.19032
79.95884,16.58252,11.19852
48.79808,26.5908,21.20804
82.5214,36.61208,31.24508
62.52608,16.61664,11.23256
65.4754,26.61688,51.234
52.5756,36.6254,31.24328
92.55508,42.7966,41.25164
42.54864,26.6428,21.25884
56.33272,36.65104,31.28008
86.77856,16.65848,11.28396
53.49812,26.84396,21.28548
73.72196,36.68016,31.29408
92.5858,16.6834,11.302
46.36636,26.69156,21.31052
72.39932,36.72812,31.32776
62.6256,16.70844,11.33616
102.63768,26.71684,21.3366
52.66664,36.74236,31.34584
65.17032,16.74052,11.35292
42.63744,26.7458,21.36116
56.43612,66.75244,61.3892
85.5644,16.78364,11.38776
48.96468,54.27952,51.38944
112.69008,66.77716,31.39664
62.71888,16.78444,11.40364
102.69464,26.81804,21.41408
52.69336,36.81024,31.4314
62.69776,44.32104,11.4386
42.70992,26.81852,21.43904
52.72264,36.8524,31.44832
65.27324,16.84328,11.45652
42.74004,26.84472,21.46488
52.73636,36.85528,31.48608
70.34036,16.88528,11.49028
72.76624,26.87772,21.49068
82.771,66.87924,31.50448
79.03676,16.88936,41.50844
49.08844,56.9212,21.51664
72.5786,36.91192,31.53384
92.81308,16.9112,11.54084
49.0834,26.90724,21.54788
71.68768,36.9544,31.55184
62.82864,16.94528,11.55912
65.7852,26.94548,21.5674
52.87128,66.95552,31.58848
62.85728,16.98748,11.59384
42.8472,56.98104,21.59428
82.86804,36.98008,31.60264
73.53372,43.10708,41.61112
42.87556,27.0218,21.61904
56.69048,37.014,31.63748
77.8578,17.01312,11.64904
72.90624,27.02168,21.64596
69.11536,37.04152,31.65432
62.91724,17.04724,11.6614
65.3256,27.04752,21.67104
52.9748,67.05712,31.69228
62.94524,17.07392,11.69648
72.93956,57.08264,21.69688
52.94588,37.08204,31.70936
62.96036,43.20916,11.71416
42.97008,27.11032,21.7228
53.0082,37.11592,61.7412
92.98724,17.11484,11.75152
42.98256,27.12364,21.74848
52.98888,37.15712,31.75788
93.0138,17.1492,41.76616
73.01796,27.14948,21.77352
66.78308,37.1578,31.79472
63.06248,17.19024,41.80004
103.0414,27.16616,21.80036
53.03796,37.1838,31.8088
66.8282,47.19236,11.81684
43.05832,27.22436,21.82532
56.86044,37.2044,31.8424
85.45876,17.21692,11.85072
45.59248,27.22552,21.85204
68.03252,37.25916,31.86052
80.57996,17.23744,11.8676
46.75816,27.25144,21.8758
72.00084,37.2598,31.89828
93.14948,17.29216,11.90236
49.41556,27.26904,21.903
68.09112,67.27372,31.91144
93.13392,17.29304,11.91932
51.38756,57.32784,21.9288
72.9956,37.31888,31.94592
93.1754,47.32328,11.9532
60.67124,27.32732,21.95468
53.2074,37.36108,31.96392
63.18276,17.352,11.97104
43.1908,27.35548,21.97948
53.20244,37.36172,32.0008
93.221,17.39396,12.00488
43.24948,27.38644,22.00648
83.22596,37.37436,32.01484
71.48352,17.39488,12.02296
73.24852,27.42872,22.03124
70.72928,37.42092,62.0498
63.25756,17.40752,12.05672
62.22944,57.43272,22.0582
53.30308,37.463,32.06644
63.27996,47.45488,12.07364
43.27516,27.45428,22.08196
83.30228,37.46388,32.10432
73.97272,17.49616,12.1086
73.31688,27.48832,22.10892
68.29752,37.48844,32.11732
63.35344,17.49692,12.12528
62.6472,27.53048,22.13484
53.3384,37.52288,32.15224
63.34124,17.52192,12.15932
43.34952,27.51764,22.16068
53.36236,37.565,32.16908
74.09848,17.55588,12.17724
44.67992,53.67624,22.18556
69.58728,37.56764,32.20688
63.38928,17.5978,12.21096
65.7928,57.59156,22.21148
75.82624,37.59052,32.22088
72.82184,17.60184,42.2292
43.46012,27.6142,22.23724
83.42668,37.62432,32.25472
67.21268,17.62384,12.2616
43.43776,27.63208,22.2644
54.71948,37.65152,32.27268
78.4496,17.65784,12.27976
44.75044,27.65788,22.28832
57.25392,37.66652,32.3094
82.83316,43.83884,12.31452
45.30696,27.68424,22.31512
71.83472,37.69272,62.32448
63.50152,17.6996,12.33156
63.06632,27.74756,22.33996
53.53276,37.7176,32.35828
93.53132,17.72484,42.36672
43.52612,27.73312,22.36684
57.86264,37.7648,32.3752
84.70312,17.74984,12.382
46.08144,27.75816,22.39164
77.19308,37.78392,32.413
63.56152,17.76456,12.4172
62.89188,57.77184,22.4176
53.57436,37.79244,32.42592
63.59804,17.8248,12.43512
43.6288,27.81708,22.44332
53.61068,37.80516,62.46204
93.61856,17.82552,12.46808
43.61204,27.85924,52.46944
53.62576,37.8516,32.4788
74.36544,17.8548,12.48588
48.00816,27.86012,22.49444
68.62456,37.89336,32.5156
63.66844,17.88476,12.51964
73.6638,27.87152,22.52116
53.676,67.89892,32.52952
68.02168,17.92692,12.53676
73.71252,27.91888,22.54612
57.4724,37.91944,32.56328
86.0888,17.92768,42.57276
50.52404,55.8082,22.57296
83.71436,37.95656,32.58128
63.73044,47.95352,42.5896
43.7652,27.964,22.59672
53.74412,37.99564,32.61912
65.01412,17.98652,12.62332
43.74676,27.98708,22.62376
68.17492,37.98264,32.63228
87.42716,18.02884,12.63912
48.12272,28.02088,22.64956
77.44908,38.02152,62.66812
63.79432,18.01604,12.6784
43.795,28.06304,22.67464
53.80632,38.05536,32.68372
63.81356,45.747,12.69208
43.85276,28.06984,22.70056
58.15044,38.09744,32.726
78.26084,18.08816,12.72572
43.8392,28.089,22.7262
68.2674,38.09728,32.73572
93.86652,18.13068,12.74276
59.53928,28.12288,22.75228
53.8798,38.123,62.77072
63.87496,18.13036,12.78092
43.88352,28.14864,22.77808
53.89484,38.15724,32.78736
63.90404,18.15644,12.79456
43.94312,28.16476,22.80292
83.91564,38.186,32.82512
74.60512,18.1906,12.82936
43.9276,28.19092,22.82976
60.77952,38.1992,32.8384
77.12888,18.219,12.84536
44.51628,28.22472,22.85576
67.16904,38.22528,32.87308
87.6142,18.23256,12.88024
55.90228,58.267,22.885
83.98516,38.24092,32.88984
63.99768,48.25972,12.89816
44.00256,28.26684,22.90652
54.04088,38.3002,62.92912
86.40232,18.27396,12.93204
60.93964,28.29276,22.9324
54.02644,38.30128,32.9418
64.038,18.3334,12.94888
44.04764,28.31144,22.9584
54.08604,38.327,32.97572
77.23092,18.33432,12.98276
74.0628,28.36792,22.98412
58.38792,38.3468,32.99344
73.44372,18.36024,13.00064
74.1018,28.36852,23.0092
58.4412,38.40228,33.03036
86.53472,18.38092,13.03564
44.18724,28.39476,23.03616
63.48576,38.40316,33.04448
85.23268,18.43528,13.05584
57.30104,28.42768,23.06072
71.0434,38.43032,63.08052
64.18696,48.4376,13.08632
56.04104,28.46988,53.08792
84.16628,38.46192,33.09624
64.17432,18.46232,13.1032
63.52792,28.47072,23.11272
54.19976,38.50436,33.13384
64.8066,18.49532,13.13812
44.23896,28.4996,23.13848
54.21,38.50504,33.14672
71.0444,18.53736,13.15504
74.2356,58.53088,23.16452
71.12904,38.53412,33.18176
64.28156,48.5392,13.18896
62.43784,28.57192,53.19052
54.26156,38.56396,33.1998
64.267,18.5498,13.20676
44.27912,28.5726,23.21528
54.28828,38.60596,33.23656
94.32188,18.59708,13.24052
44.30436,28.59752,23.24204
63.19364,38.609,33.25056
87.22152,45.62932,13.25764
61.2344,28.63132,23.26692
54.33232,38.63204,33.2842
64.37204,18.64008,13.29252
74.35276,28.67368,23.29292
54.34696,38.66596,33.3024
64.35648,18.66496,13.31236
44.36452,28.66116,23.32092
54.37672,38.70804,33.49836
64.98964,18.69916,13.43196
44.42088,28.69964,23.42724
54.39228,68.70896,33.43112
64.4808,18.7412,13.4406
44.41192,28.7336,23.45176
56.26776,38.73388,33.49148
68.79148,48.74228,13.47212
44.46612,28.77552,23.47368
57.51332,38.76796,33.48328
84.27264,18.76716,13.49328
74.4756,28.77552,23.49896
62.21176,38.79472,63.546
94.50896,18.80076,13.52496
52.20568,28.80168,23.5266
74.31508,38.80984,33.53636
64.50584,18.82468,13.54224
65.58948,28.83548,53.55176
54.52604,38.83556,33.59392
64.52584,48.8442,13.58
44.56228,28.86216,23.57784
54.54308,38.86996,33.589
68.85672,18.86912,13.59736
44.54384,28.87728,23.60512
60.11772,38.89552,33.64736
78.98052,18.903,43.63096
44.5824,28.90344,23.63256
65.28876,38.91184,33.64052
94.59996,18.93152,13.64744
55.22844,28.91892,23.65328
72.22852,38.93788,33.6976
64.61284,18.94492,13.68336
53.53288,28.97856,23.68352
75.7828,38.9552,33.6924
64.6802,48.97224,13.70032
60.31728,28.97936,23.70988
54.64864,39.01312,63.75732
64.66008,18.98644,13.72972
44.67188,29.00512,53.73244
54.7092,39.01372,33.7406
75.3488,19.04604,43.74884
44.68644,29.02492,23.75608
70.37088,69.04076,33.80468
94.70964,19.04672,13.78596
59.1342,59.08176,23.78736
84.76,39.05732,33.79228
64.73844,19.07296,13.8004
74.734,29.08124,23.8088
54.74012,39.11504,33.85416
64.75368,19.0934,13.8374
44.76452,29.10728,23.8386
84.80328,39.11568,33.84712
79.20348,19.14812,13.85288
74.79736,29.1402,53.91392
61.0816,39.14472,33.88004
94.80424,19.14888,13.87744
49.84396,29.18236,53.88996
74.66528,39.1744,33.89572
64.8654,19.17468,13.90144
69.00092,29.18308,23.9526
54.83728,39.21684,33.93324
64.84332,19.20772,13.93204
44.85056,29.21304,23.94088
54.86164,39.21764,33.949
64.89984,19.25016,13.95712
44.87956,29.2422,23.99912
54.87496,39.2466,33.98292
64.88244,19.25052,13.983
44.89372,29.28432,23.99124
54.90488,39.27672,34.00072
75.62656,19.26328,44.06664
48.02052,29.28524,24.0264
68.1042,39.31864,34.0268
82.62608,19.3098,14.03216
51.09088,29.31012,24.0396
76.12056,39.32168,34.04904
64.98748,49.35316,14.08588
44.97324,29.34392,24.00412
54.9686,39.34472,64.00216
66.79588,19.35392,14.00848
44.9854,29.38632,24.01404
57.51492,39.37848,34.05504
76.9718,19.37752,44.03968
75.01484,29.37264,24.03972
74.84012,39.4208,34.04928
65.031,19.41164,14.06088
75.03472,29.41224,24.0648
55.0406,39.42424,34.08316
65.07872,19.45388,14.09024
45.06064,29.44608,24.09176
85.07576,39.44644,34.10444
80.03212,19.44128,14.10824
55.73932,29.48796,24.11656
55.0876,39.4804,34.13784
65.12436,19.47968,14.14204
63.80704,59.48932,54.14492
55.1064,39.50616,34.1518
65.11292,19.5134,14.159
45.12296,29.514,24.1674
55.13236,39.52248,34.18664
95.17032,19.5374,14.19388
45.14532,29.54796,24.19432
55.14272,39.54828,34.20708
95.17132,19.55564,14.21084
45.1626,29.57568,24.22016
64.08472,69.5652,34.24144
65.21304,19.58164,14.24468
68.11336,29.58972,24.24608
55.19932,39.6102,34.25432
65.20044,19.6156,14.2626
45.21072,29.616,54.30088
55.22808,39.62444,34.28936
77.18908,19.64412,14.2886
45.24188,29.63164,24.29664
62.81008,66.64032,34.30644
81.46056,19.65748,44.31564
75.26656,29.69116,24.33564
70.2622,66.66716,34.34008
125.30392,19.68356,14.33916
61.47536,29.692,24.34972
85.29088,39.72564,64.3594
65.29716,19.69904,14.36516
67.70216,29.7176,54.384
55.32176,39.72636,34.39092
65.35484,19.75872,14.39228
75.33476,29.73652,24.40036
55.32908,39.75244,34.40888
71.7604,19.7592,14.41624
45.34748,29.79308,24.43824
59.1272,69.78636,34.44376
83.1074,19.78544,14.44276
75.4054,29.79392,54.45256
62.9442,69.82864,34.46072
87.7834,19.80608,14.46772
75.39592,59.82328,24.48636
64.82448,39.82816,34.4946
125.44024,19.86052,44.49596
67.80872,29.83516,24.50312
55.42384,39.85628,34.51244
65.42716,19.86124,14.52404
45.44164,29.89488,24.54196
55.44836,39.88728,34.54624
76.17764,19.88712,14.54568
75.49468,29.89576,24.55504
85.46412,39.92944,34.56436
65.47236,49.92156,14.57152
66.61252,29.92476,24.58876
55.494,39.93036,34.59708
95.53432,19.96276,14.59844
45.50768,29.95476,24.60668
85.52764,39.94284,34.61512
84.2414,19.96336,14.62668
75.54356,29.99696,24.6444
68.043,39.9892,34.65004
95.5836,19.97596,14.64912
51.96644,29.99768,54.65872
85.55376,40.03108,34.666
65.56208,20.0224,14.67392
45.56996,30.02396,24.69232
55.58332,40.03212,34.70068
72.47916,20.06452,14.70096
75.62992,30.05632,24.70924
68.05728,40.05708,34.71768
95.61512,20.06516,14.72592
59.3306,30.09888,24.74824
55.63096,40.09104,34.75264
65.63716,50.09144,14.75196
45.6742,30.10244,24.76012
55.655,40.13328,34.76944
73.73208,20.12412,14.77772
45.65992,30.1246,24.79504
65.04512,40.12036,34.80352
86.82992,20.16632,14.80252
75.69388,30.15864,24.81292
70.71348,70.16036,34.82132
65.73304,20.15392,14.82844
52.76736,57.19156,24.84972
73.90864,40.19304,34.855
65.73004,20.19212,14.85536
62.1428,60.2018,24.86372
79.42556,40.21688,64.8734
65.7598,20.22596,14.88028
45.75664,60.22784,54.89884
55.76276,40.23496,34.90704
68.28276,20.25008,44.90744
45.78428,30.26048,24.91544
61.40552,40.26068,34.92396
65.8338,20.2682,14.93112
66.94324,30.2882,24.95352
55.81132,70.27776,34.95792
65.8188,20.29408,14.95804
45.83068,30.30236,24.96644
57.13492,40.3238,34.9748
82.40128,20.328,14.98396
75.85464,30.32852,25.00112
69.5616,40.33688,35.00976
95.8654,20.35672,15.00876
58.37936,30.34408,55.01836
74.07744,40.36304,35.02764
65.89336,20.37008,45.06876
61.56516,60.40492,25.05216
55.89512,40.39664,35.05252
65.90652,50.3972,45.0618
69.57696,30.40436,25.07004
55.96712,40.43804,35.07836
65.94152,20.43008,15.09452
45.9348,30.43024,25.1038
55.94232,40.43892,35.10416
95.95056,20.47116,15.11252
45.96888,30.44892,25.12092
58.50628,40.46496,35.16284
81.64608,20.47172,15.14624
48.50688,30.5056,25.14644
68.46908,70.49908,65.15756
85.33264,20.4982,15.16432
49.77444,60.50764,25.17276
86.0478,40.5556,35.19004
66.02516,20.5186,15.197
69.67312,30.54684,55.19984
56.03548,40.55656,35.208
66.04764,20.58924,15.21508
76.05648,30.58256,25.22352
56.0918,40.58452,35.2448
96.0662,20.59068,45.2512
46.06792,30.61068,25.2504
63.14,40.6074,35.2588
90.97844,20.60932,15.26692
56.82832,30.61148,25.2752
56.1392,40.64196,35.29356
66.116,20.63424,15.3008
71.00452,30.63816,25.3022
56.12128,40.64268,35.31056
96.14064,20.67516,15.31764
46.13908,30.67224,25.3272
56.18052,40.6566,65.3496
76.82596,20.67684,15.35264
76.17504,30.70924,25.35308
69.8764,40.70172,35.36236
96.17784,20.6884,15.36944
55.60892,30.71024,25.379
116.22656,69.4732,35.39624
66.20868,20.73076,15.40336
46.20176,60.73268,25.4048
56.21132,40.74136,65.41464
96.2364,47.76684,15.42136
46.23084,30.77908,25.42972
56.27128,40.77124,35.45088
75.60308,20.77932,15.45616
76.26584,30.81636,25.4566
68.7306,40.81364,35.46496
66.27028,20.81348,15.47216
63.16812,30.81684,25.48132
86.32368,40.85256,35.49992
66.3034,20.83848,15.507
46.29672,30.83956,25.50748
86.31564,70.85752,35.51592
78.79016,20.88008,15.52384
52.07228,59.5968,25.53328
56.36704,40.8682,35.55464
66.34292,20.86412,15.55792
46.33704,30.91008,25.55932
56.3446,40.90192,35.56768
96.37136,20.90116,15.57588
46.36804,30.9092,25.58432
60.7298,40.92688,35.6024
84.58512,20.94228,15.60964
76.40084,30.93932,25.60996
75.74716,40.944,35.61948
126.4214,50.9656,45.62892
64.59824,30.9692,25.63608
56.4516,40.96948,35.6574
66.43152,20.97708,15.66052
46.42556,30.99704,25.66292
56.43336,70.98684,35.67124
66.45104,21.01092,15.67836
46.45468,31.02356,25.68676
63.35348,41.03532,35.70516
129.60972,21.03888,45.71464
58.41024,31.04796,25.71376
79.40968,41.04748,35.72212
66.49168,21.07104,15.73028
64.70236,31.05472,25.7384
56.56056,41.07172,35.76088
66.52436,21.0788,15.76404
76.5198,31.11236,25.76548
56.52612,41.089,35.77392
96.553,21.10596,15.78116
46.54708,31.121,25.79048
63.44872,71.14872,35.80772
84.78684,21.12856,15.81588
54.64164,31.13976,25.81636
86.57372,41.14768,35.82468
66.5838,21.181,15.83292
70.80584,31.16036,55.87624
56.63852,41.17588,35.85968
66.61416,21.18272,45.86008
76.60964,31.19812,25.86704
56.6156,69.93996,35.8776
66.6274,21.21324,45.88608
76.6404,31.22116,25.90216
56.67772,41.23628,35.91048
96.658,21.23148,15.91052
46.6514,31.24732,25.92
56.6592,41.25564,5.92736
72.38532,21.2696,15.93552
46.68064,31.26176,25.95796
72.50908,68.24956,5.96088
96.73048,21.2886,15.96252
61.12096,61.3056,55.97224
56.70472,41.29628,5.97892
66.71212,48.28344,15.98752
46.72872,31.32284,26.0046
86.74304,41.33864,6.013
75.6562,21.32948,16.01324
46.75352,31.3352,26.02288
65.65896,41.35736,6.02976
126.77824,21.3716,16.0382
57.44488,58.88364,26.06048
77.9158,41.38344,6.06464
66.8192,48.9002,16.0652
46.80288,31.40584,26.07348
56.79836,41.39776,6.0806
66.8056,21.4014,16.09112
46.8182,31.4254,26.10836
56.8272,41.44044,6.11556
66.86776,21.43044,16.116
46.8462,31.45044,26.12536
56.84588,41.44448,6.13356
69.90788,21.47372,16.14184
46.86488,31.46544,26.16316
64.45968,41.4846,6.16732
66.91108,21.47732,16.1678
65.59532,61.50968,56.1784
56.89304,41.50016,6.18432
66.89868,21.5178,46.2226
76.91028,61.52704,26.211
56.91812,41.5424,6.21
96.9498,21.53304,16.21976
46.93116,31.55248,26.228
86.94296,41.5604,6.23632
81.36188,21.57516,16.2576
47.5046,31.5676,26.26276
79.8916,41.5864,6.26316
67.00716,21.59424,16.27144
62.77968,31.6098,26.27992
86.97324,11.60092,6.28704
66.98156,21.61996,16.30532
76.99092,31.62784,26.3146
57.0028,11.64296,6.3138
67.0392,21.63496,16.32212
47.01992,31.6538,26.33052
57.01544,11.6614,6.33988
78.95348,21.67912,16.36108
52.19648,31.66812,26.36548
76.89968,11.68552,6.3648
67.09924,21.69456,16.37384
77.06652,31.7154,56.38468
117.07744,11.70228,6.39068
67.07052,21.72128,16.40796
47.08068,61.73084,26.41736
57.09168,11.74856,6.41648
67.14824,21.7354,16.42592
47.11072,31.75432,26.43424
57.10652,11.76204,6.44244
67.11392,21.77776,16.46376
47.12608,31.7716,26.46808
57.13672,11.78824,6.4684
72.3186,21.79708,16.47676
77.15168,31.81936,26.4862
62.32272,11.80336,6.49324
97.1594,21.82228,16.5104
54.75692,61.8312,26.51992
87.18192,11.86244,6.52012
67.22104,21.84248,16.52856
47.19956,31.85608,26.53676
57.19512,11.863,6.54404
67.20248,21.89684,16.56736
47.21924,61.89048,26.5718
57.22836,11.88884,6.57108
76.14788,21.89728,16.57936
47.2442,31.91328,56.58892
74.70464,11.91892,6.59676
127.26456,49.43596,16.61424
68.36504,31.93364,26.62276
57.28692,11.9472,6.62276
67.28084,51.93984,16.6312
47.31468,31.96116,26.64056
57.29604,41.9666,6.64764
67.29148,21.99864,16.66908
107.31408,31.9908,26.67444
57.31552,11.9942,6.67328
67.32104,21.99956,46.6844
47.37332,32.01496,26.69148
57.33948,12.02396,36.72952
67.3348,22.01156,16.71692
47.34096,32.03372,26.7172
57.35244,12.066,6.72552
69.8828,22.05828,16.73492
47.408,32.05868,26.74312
69.8122,12.0664,6.76308
67.38944,22.10028,16.76764
70.31376,32.09244,26.77016
57.41348,12.0958,6.7772
67.4168,22.10116,16.78564
47.45672,58.27352,26.82272
57.43676,12.1176,6.81108
71.19476,22.12616,16.81256
47.44,32.1386,26.82104
87.45824,12.17996,6.82816
81.1982,22.15084,16.8364
77.48616,32.15956,26.85868
73.67776,12.16968,6.86292
67.47724,22.19956,16.86328
68.58208,62.18584,26.87176
57.4798,12.19152,6.87984
67.49988,22.20484,16.8882
47.54032,32.21764,26.9068
57.53068,42.21892,6.9138
97.52964,22.226,16.91524
47.52884,32.25944,26.9236
62.69508,12.25172,6.93068
88.67352,22.25212,16.94012
51.3308,32.26064,56.96276
87.56476,12.29288,6.96568
67.558,22.26952,46.96748
107.58084,59.7982,26.97428
57.57976,12.2936,6.98356
67.58708,52.32856,16.99192
47.63292,32.30696,27.00928
57.60852,42.32068,37.01776
81.31156,22.32824,17.01788
77.62456,32.3616,27.02732
68.31468,12.33916,37.03556
97.64308,22.35404,17.04288
48.90312,32.3622,27.06424
78.80736,12.39468,7.0682
67.6628,48.49896,17.06968
58.34028,32.39232,57.07932
87.66924,12.39552,7.08616
67.67356,22.42908,17.09472
68.83884,32.4214,27.11308
57.73708,12.42156,37.1212
67.70584,22.43,17.12052
47.70132,32.46364,27.12988
57.71604,12.45432,7.13704
75.31992,22.45908,17.14644
49.002,32.46456,27.16768
65.87416,12.49672,7.17192
97.78004,22.48892,17.1724
63.95572,32.47696,27.18084
57.75628,12.49752,7.18888
67.76556,22.53124,17.19836
47.7806,32.52344,57.21688
57.78412,12.5102,7.22276
75.93308,22.53192,17.22324
47.83032,32.56544,27.23364
68.44396,12.55636,7.24068
97.80844,22.55692,17.24908
51.59476,32.56604,27.27044
71.528,12.59872,37.27472
127.84668,22.59092,17.27608
67.1808,32.5912,27.2844
57.90544,12.59948,7.2916
67.86988,22.63276,17.29988
47.87236,32.62532,27.31816
57.87496,40.13612,7.32628
97.8732,22.62052,17.32676
47.8912,32.66748,27.33516
57.92888,12.65816,7.3434
97.90472,22.65892,17.35156
47.90464,32.67144,27.37412
87.9142,12.70056,7.37728
80.38576,22.69288,47.37996
47.93808,32.69296,27.3872
57.94556,12.70352,7.39412
77.36792,22.71664,17.4036
77.97784,32.72728,27.42204
66.03232,12.72652,7.42908
97.97604,22.73468,17.4294
51.73936,32.75304,57.43912
74.23748,12.76036,7.44692
98.0334,22.76084,47.48932
56.07544,32.76924,27.47268
76.20544,12.78584,37.47328
68.01472,22.79484,17.48016
66.21004,32.7952,27.49084
58.03996,12.80252,7.49796
68.07816,22.82356,17.51528
48.06052,32.829,27.5236
58.05568,12.8284,7.52368
74.89348,22.8368,17.53308
48.0754,32.87044,27.54144
73.2076,12.84396,7.54864
68.12424,22.86248,17.57096
63.75652,32.87128,57.57648
58.10188,12.88604,7.57564
68.10744,22.87824,17.58388
78.1218,32.89712,27.59336
58.13032,12.90412,7.60032
68.16828,22.93784,17.61776
48.14848,32.9176,27.62732
88.15964,12.93028,7.62748
78.85056,22.9388,17.63584
51.24428,32.97216,27.64424
73.83912,12.95092,7.6556
90.60244,22.9648,17.67364
53.74036,32.97312,27.67912
71.90204,13.0054,7.67836
68.19784,22.98508,17.68664
62.77728,32.99908,57.69632
88.2218,13.00636,7.7042
68.26,23.04,17.72156
70.61876,33.03204,27.72988
58.22516,13.03204,7.72904
68.24184,23.0408,47.73972
48.2542,33.07436,27.74788
58.26936,13.06516,7.75504
98.30092,23.06868,17.77636
48.28104,59.19488,27.78172
88.29336,13.10744,7.78084
85.19772,23.09952,17.7902
51.37,33.08656,27.79864
79.43948,39.22812,7.80684
68.35388,23.14172,17.824
60.75336,33.13408,27.83232
58.33184,13.12084,7.83288
68.33712,23.14268,17.84208
78.3508,33.17612,27.85068
58.35716,13.16696,7.85768
68.39284,23.16764,17.87876
48.37352,33.17912,57.88552
88.38456,13.20944,7.88472
77.7534,23.20148,47.89416
48.394,63.2032,27.90148
88.40844,13.2112,37.93928
75.30248,50.7558,17.92792
48.44428,33.23536,27.92812
62.88652,13.23512,7.93536
81.60104,53.2448,17.94824
50.25124,33.27804,27.95404
74.10852,13.26912,7.97428
68.4852,50.78116,17.9786
72.1,33.27912,27.97908
58.45988,43.31256,7.98728
68.4708,23.30348,17.9966
48.48308,33.30384,28.03368
58.49636,13.31308,8.021
98.53048,23.34572,18.0224
48.5054,33.338,28.0308
58.50464,13.33704,8.03904
98.52664,23.34556,18.04736
48.5248,33.36576,28.06892
88.53932,13.37116,8.07304
86.73516,23.37148,18.07324
55.36476,33.37984,28.0828
76.7316,13.39696,8.09092
68.55852,23.40552,18.09932
78.57116,33.40576,28.11656
58.5832,13.41328,8.12352
68.61772,23.43112,48.12644
48.59808,33.42156,28.13464
88.60928,13.43896,38.14284
80.52636,23.44724,18.15016
78.6242,33.48112,28.1714
65.50164,13.45472,8.17648
128.65824,23.47344,18.17688
63.18564,60.99348,28.1854
88.63976,13.51396,8.19692
128.66432,23.491,18.20172
63.21656,33.50792,28.22024
79.80216,43.51632,8.22748
68.70604,23.5488,18.22788
66.86472,33.52824,58.23756
,13.54088,8.2442
