TEST 1,TEST 2,TEST 3,TEST 4,TEST 5,TEST 6,TEST 7,TEST 8,TEST 9
131.53897,197.35281,27.24326,125.41561,185.73513,244.59005,92.63982,34.33876,80.21269
131.24198,183.28161,31.17449,127.51516,192.22233,242.89303,89.60293,33.93658,79.7765
136.12235,183.00499,35.77822,124.6125,186.77739,243.58889,93.13794,33.06247,80.39138
134.00867,185.66373,28.44123,123.96981,185.17627,244.04192,91.14411,35.72182,91.94178
135.50904,181.52874,30.43872,128.4714,191.27132,244.0268,90.93799,33.68579,86.20414
138.4449,179.16695,32.89115,124.75916,189.6132,247.12808,88.65434,35.08756,80.46196
134.59924,185.95422,27.66147,136.71677,191.28429,240.65392,90.6844,33.19076,78.10223
135.95218,184.35172,28.25877,130.3945,186.49711,245.17678,92.01356,33.65342,84.33713
141.23484,180.82185,27.59123,127.69772,186.06424,244.30521,97.98704,32.94386,79.4507
135.56187,184.63655,30.62671,129.29915,187.35958,241.96708,92.09574,31.39253,84.34913
138.47788,185.75615,31.93755,127.14565,184.78454,241.76379,93.31465,35.97899,79.37721
134.77269,179.43985,36.41681,126.68578,184.44558,247.29776,96.74483,38.29272,79.03773
135.48098,180.04874,28.95379,126.04343,187.57275,245.63759,92.608,31.66662,78.1573
138.49648,180.15584,29.50198,128.20375,184.72853,245.77382,88.85146,32.22563,81.03094
133.85435,181.73283,33.33573,137.50627,184.77756,240.40599,91.57572,32.85891,79.11223
132.10394,181.63595,29.30119,126.9235,184.68195,245.94179,92.35062,32.27149,78.00894
139.65112,181.46787,27.02254,125.02738,186.51165,242.82927,93.07616,36.02702,79.86248
140.98825,180.41136,27.51694,133.18633,186.84448,243.01537,89.92137,37.19966,78.77135
134.79002,184.95071,32.31481,127.30076,187.69692,246.87085,94.65372,33.09992,82.2177
135.01305,182.55702,39.17178,127.59141,185.81981,244.73622,93.87343,33.99161,82.36588
132.00875,183.92192,28.26517,128.19353,188.43673,240.5727,93.50968,40.22702,81.12021
134.83105,179.1902,27.52047,129.75099,189.91184,244.25911,90.01577,32.72769,78.26793
136.26832,183.06921,29.37084,125.61366,186.33713,241.40413,89.64101,33.38001,79.73892
134.09885,192.60691,26.93528,129.61533,188.37995,242.81488,98.96788,36.95372,78.47702
132.27672,180.5241,29.43772,127.73052,185.75478,243.32132,93.01223,32.09303,86.88672
140.48177,180.79433,28.94608,127.5226,188.39931,241.3883,89.30764,34.97974,80.06829
133.56015,179.83119,30.96557,131.38132,189.4187,242.31813,94.27989,39.37989,79.80258
132.21197,179.75808,28.46527,129.28313,191.44171,240.15971,90.34749,33.01566,80.938
136.7228,179.75399,42.97535,132.12134,189.97166,252.34356,92.56258,33.73549,83.22408
134.3512,180.19226,32.58373,129.68012,187.63228,244.802,96.45741,31.85063,77.89369
134.2874,178.96223,28.73698,127.64039,189.7262,255.83394,91.99308,32.16003,81.75409
136.23994,180.73863,30.19296,125.29685,189.21715,252.60091,89.47368,35.40982,82.47482
135.52258,178.9697,33.53291,125.28166,187.53196,241.09129,91.49492,34.34611,81.99105
139.38383,182.91062,27.76324,125.22853,188.54149,243.78823,91.19576,31.19979,86.43091
132.59406,183.62278,27.38565,126.46296,192.75918,247.13156,91.39629,39.63907,78.53305
132.76707,183.10814,28.5244,126.42419,189.13896,241.9105,89.20774,33.73982,82.01009
135.21279,181.327,36.89434,131.42652,186.04119,245.66305,94.59339,33.41569,80.94222
135.04822,178.93556,29.94288,126.48712,186.40221,240.9622,94.74542,34.29216,82.35671
134.97048,178.78635,34.63466,126.63747,186.25814,242.12596,98.9005,36.2881,78.5181
133.96894,187.09308,30.58168,125.24989,191.50435,240.77318,95.66975,43.07083,79.02178
134.89441,185.908,33.67692,128.91052,192.39712,241.49757,95.68176,32.15616,78.96126
132.29627,179.85958,29.44439,129.52969,187.02446,243.78347,92.7785,37.05299,82.88843
132.15007,178.67544,28.93149,127.31717,188.25141,241.99231,92.63624,36.38521,79.7317
131.53598,180.50821,61.91143,127.42737,186.12087,245.2357,92.68596,35.73398,80.11045
132.08979,180.64507,29.10608,125.12094,201.53835,247.03994,93.58243,36.38722,80.51241
134.63219,179.04264,65.50429,133.23122,189.16653,242.50836,95.18365,34.35648,81.4697
133.94636,182.46164,38.67843,128.59365,188.20352,243.18373,96.53958,46.85447,77.78312
133.60903,180.86542,27.05747,125.24205,188.9433,240.56729,92.87353,31.01696,80.73583
134.91103,186.76076,27.78839,128.35986,189.29216,241.66371,92.95246,31.22024,88.84426
136.53053,180.11558,28.94173,127.66127,186.6125,239.71261,95.51594,36.33105,77.84185
133.30192,179.24647,28.99618,127.09229,186.85649,240.75844,96.56777,40.94414,80.46373
135.786,181.72735,28.49148,128.69396,190.21742,247.08786,93.42578,35.31801,87.74647
134.17281,180.91422,34.7744,128.05413,191.91009,242.375,93.8522,32.8983,84.63853
135.23529,180.43647,279.17993,128.12038,186.98466,241.43164,92.72884,46.02857,78.11281
135.94403,180.80344,32.31743,131.57066,189.00871,240.20925,98.68794,36.8447,79.74422
136.65895,189.93616,30.74884,124.02233,184.64246,242.94548,96.58863,37.10488,81.98386
133.53728,181.71262,29.46377,127.10585,189.13136,245.28491,94.91948,32.2953,81.66536
132.67962,184.67607,28.55923,133.65007,186.79175,244.31079,96.56376,32.5631,78.40008
135.49811,179.03151,27.71453,127.05539,188.22657,240.25762,94.65861,37.25828,81.51507
140.31092,180.8773,28.98985,128.50018,193.40047,242.7071,94.44621,32.68505,78.95257
136.17581,182.80428,27.59538,126.37744,187.28398,245.93214,89.32245,33.89729,83.23089
134.44822,181.51452,29.29392,129.44554,185.21735,247.36185,94.2674,31.15707,81.849
135.67044,181.28247,42.97237,127.08178,190.37566,248.89585,91.0479,33.86699,79.27821
137.50801,179.07026,27.30761,125.43022,189.38552,254.63749,96.51299,41.75175,78.69393
136.46231,193.53368,29.84297,130.59682,185.3366,244.15694,100.39418,34.93634,79.42626
132.62668,184.27236,29.69507,129.34835,184.83485,244.10292,92.27003,34.2703,81.36976
135.8032,185.17753,28.16086,126.57645,186.51873,241.62566,90.81575,35.47033,84.73402
137.18396,187.26235,29.09613,127.26648,189.44066,245.91188,92.30819,32.80007,79.36036
133.99484,184.2159,32.08168,125.10637,191.78703,246.05929,95.39054,33.63442,81.83888
137.09913,179.56366,30.70003,125.99668,187.80263,243.55919,89.10464,36.42205,82.88763
132.46036,193.45859,46.67568,125.06143,189.80183,245.95406,93.18721,36.63336,83.52647
131.94003,182.30063,29.40289,124.93633,186.97756,240.19979,90.98805,34.19535,78.07759
135.69341,179.81543,27.76522,127.5829,188.10586,242.06608,98.05275,34.8494,83.44137
135.40387,179.10771,28.41763,124.7945,191.73172,242.33495,92.09713,37.76507,78.74709
133.77303,190.44836,27.58608,132.6461,189.12625,244.0272,92.97045,35.30632,79.3952
135.63007,182.40856,27.38539,128.83437,186.44683,245.38115,89.61017,33.09203,81.77105
132.59824,179.85698,27.41884,128.29747,188.8939,240.53999,93.19357,32.4323,82.086
135.00935,185.24016,31.52827,129.3959,185.59363,247.25929,93.41799,40.08089,79.25091
137.82406,178.70972,29.49404,126.65913,190.21183,242.76249,91.35346,35.9303,79.65156
136.81906,180.18646,33.51961,130.32446,193.63362,244.30558,93.74183,34.65734,82.51412
137.0295,183.5759,31.88652,125.41707,188.87651,244.19129,94.10932,39.68703,81.07435
138.94489,180.87075,27.75881,127.24921,188.252,240.78418,93.90053,33.85606,82.25707
131.81602,179.04073,31.13028,129.99683,185.61988,242.61303,92.32049,34.04737,77.69713
132.57761,179.51762,52.03466,125.78745,186.47912,242.92854,90.39367,35.90107,83.64428
137.69047,191.49213,28.23893,124.82752,190.93214,240.62245,92.43029,34.50426,87.91998
131.92536,180.20518,28.89847,127.21792,188.59697,240.30334,90.06532,36.08898,81.84666
134.63801,180.87475,31.66083,130.14826,193.62269,242.89872,93.87907,35.3673,77.73495
133.38598,180.15854,31.52506,128.10368,187.14583,241.45471,89.93603,42.04286,86.038
134.6965,186.2386,28.57851,133.88511,188.66912,245.7025,92.79359,34.05087,84.904
136.10465,182.54181,33.67723,126.1704,185.94613,239.93332,99.79192,34.81498,79.675
132.91014,180.96179,29.64846,126.83081,185.76493,243.9692,92.19095,32.64631,88.88542
135.97377,187.10131,31.37279,130.13659,187.5228,240.95305,93.11933,33.27201,79.28003
135.59535,196.87679,28.01731,127.07072,184.79223,245.62667,89.55789,32.89438,79.62628
139.02463,185.10078,27.78866,125.78903,185.38591,245.19044,90.17552,33.3549,78.75371
134.11806,180.27769,33.96117,127.57733,196.25185,244.53185,97.01915,32.15503,81.29898
133.5441,182.25962,29.09342,129.42477,195.73778,250.93974,90.99327,32.39184,78.50919
132.89344,179.4118,45.12455,129.74924,187.41014,243.8536,93.27169,37.33307,81.17636
136.38362,183.67124,31.32732,128.95065,190.43907,248.38664,90.66915,45.58342,79.44111
137.89214,184.79391,27.63461,128.31647,190.4029,240.9035,101.43605,33.89246,80.93832
135.68965,181.53408,31.99399,131.87315,187.48899,241.90265,134.62402,34.73803,86.11799
137.95139,181.49103,30.14151,131.36488,186.37032,240.92183,93.62028,32.05142,85.85951
135.89938,184.2367,29.69877,127.93407,188.54401,240.73057,92.77162,32.54105,87.37249
134.70768,182.75288,27.54719,128.38325,185.34712,243.69798,93.62905,37.74842,79.1679
134.52209,181.31863,29.00764,126.61881,188.83946,241.13392,91.6393,34.27787,81.57175
133.4205,180.95814,33.54393,128.55534,188.55483,242.4428,93.49493,35.71399,79.42965
134.40897,183.41993,28.81943,129.53451,188.90021,249.24899,90.56827,36.04664,82.2161
136.4972,179.19985,32.77387,130.10209,189.94205,241.79148,100.23672,42.79647,81.5654
134.65462,181.01711,30.28616,125.99932,189.26687,240.64284,93.49686,33.51888,79.11817
136.78668,186.35863,34.14168,132.60222,187.33242,241.98292,95.50022,37.62627,80.23664
133.77045,181.2639,29.33009,143.30183,191.9972,241.46269,96.76336,35.42588,79.21466
137.99697,180.68897,33.98834,126.19496,190.88504,241.5311,90.51938,42.75312,77.65957
135.03603,182.18637,32.02682,125.40483,189.35438,241.40625,89.37119,33.52695,83.96184
139.14875,180.19014,278.47374,129.39034,190.9594,241.10988,91.71905,33.81534,80.17108
136.82675,179.62998,35.58997,129.09851,185.50425,243.64417,95.92153,35.38657,82.83214
135.74429,184.42789,31.10199,127.88818,187.38714,242.81571,93.72749,39.38894,80.19243
132.24159,182.52821,27.78139,129.67447,190.42439,242.99698,92.69995,47.00831,79.99515
134.20742,181.74326,28.26491,126.49423,189.73042,242.60428,94.19245,35.76018,79.27468
134.65441,192.63243,29.73833,133.36689,190.8132,241.35395,91.77678,38.98192,80.26914
135.11415,180.768,30.13662,125.08699,187.55844,243.08426,94.71862,34.32737,83.38102
136.1076,184.85441,28.06394,127.26297,190.20952,243.80532,92.4249,35.75063,77.79071
136.55057,184.8642,30.60747,126.71843,193.50703,246.13521,93.38537,33.3269,79.17109
134.15629,182.68559,33.19925,130.23897,188.35437,249.10643,91.13577,33.39723,80.72584
135.49234,182.86615,31.0783,134.75923,189.43416,252.26858,94.34009,36.7274,80.66146
135.54174,181.27434,29.5486,126.35054,188.25255,250.59508,95.09071,40.93175,84.30314
132.74828,185.2014,28.6161,130.3473,187.38164,247.65183,95.13761,36.89793,80.06667
136.75947,185.46574,29.99444,130.54809,187.87673,242.0102,92.27242,35.50265,77.68409
134.94473,194.25393,27.73883,126.81825,188.96908,247.58338,94.70591,32.85507,82.81965
140.30322,192.07446,28.36227,126.14829,193.25058,243.70036,91.52316,31.88938,80.86078
139.25481,181.54627,29.97772,125.19754,186.66337,245.53429,91.86258,32.5391,81.56301
137.13531,184.87713,30.08455,126.9888,194.18124,244.17668,95.79088,35.1295,77.80182
135.65936,181.72107,33.97171,126.49738,190.13727,241.39301,96.00225,34.10896,81.74049
137.12379,181.91937,32.44886,127.18072,187.73758,246.16645,92.80084,39.07492,82.34275
136.1698,182.39744,31.7703,125.94999,187.04765,245.69102,97.24164,32.4999,80.67759
135.42542,187.35818,33.91669,127.31842,188.39404,244.91723,89.74029,31.30956,87.11902
139.29462,186.53051,32.08811,130.98398,194.43197,241.72066,95.95108,36.68687,77.80944
132.28764,184.78465,31.11652,134.08182,188.67984,241.42749,91.29267,35.76653,84.1907
142.32448,183.79944,32.07395,128.31967,192.28405,242.32151,91.39075,34.94081,79.65106
133.6863,183.49119,33.2733,129.15136,193.72754,243.30115,93.9161,36.25472,80.55137
134.79733,182.63209,37.47111,125.30746,193.55348,243.55674,91.59942,35.31384,78.48845
132.51071,181.73744,28.31604,129.5257,188.55076,243.78747,99.43235,35.07211,79.62626
133.07422,181.37649,27.84046,132.15173,185.31485,240.51724,93.35343,39.68102,80.89351
135.36039,181.64999,32.4006,128.04149,186.49535,241.43748,92.00844,35.32769,80.17918
132.29476,182.56023,30.67526,126.95516,191.29145,240.98789,94.79187,32.08398,80.34363
132.65139,180.23263,31.31734,126.75537,184.92189,244.92173,91.72638,34.78362,79.13681
141.41235,181.15636,32.94212,127.8768,184.99264,246.03366,91.05683,32.08087,79.28563
146.09514,181.14026,32.33645,127.98896,186.94256,242.82201,90.78435,36.80361,80.08831
137.29835,186.61009,30.27192,127.10259,195.54785,245.26214,97.62505,35.38887,81.99802
137.04279,181.42151,39.83524,126.06388,186.85186,242.16308,90.95122,35.19409,78.91909
139.38626,183.74847,31.86075,130.2371,189.38583,241.42834,90.34155,37.5433,78.82761
136.33244,185.49008,34.29106,126.13773,189.45256,241.73969,97.12281,32.98053,82.80508
133.68378,180.41172,29.57628,128.15315,185.36255,242.62123,91.514,31.56887,82.61874
134.39315,186.58271,29.25783,133.63051,186.68814,242.78394,91.57352,34.24855,86.63808
135.57854,187.58604,43.8822,125.30788,186.80768,247.75614,94.22816,33.08693,83.25813
139.90129,182.34741,28.43162,129.71482,192.50239,245.21133,91.26246,33.96752,81.13186
133.95769,179.72028,31.71004,130.17178,188.16551,246.05931,98.94398,33.63977,79.42508
134.32968,193.53428,29.80751,131.12297,193.03023,243.61494,90.7654,37.79281,78.35735
133.10974,180.19948,48.37484,128.72126,188.60288,245.42653,101.31276,32.58739,85.77709
136.2703,186.73237,29.5081,130.06889,188.76552,246.93101,92.61615,33.11733,79.4361
135.97757,182.56255,29.05854,132.41411,185.92354,262.4981,97.17854,33.59693,79.74551
137.27146,181.7853,29.87587,129.14152,188.05702,243.88315,91.8066,34.6945,79.0573
132.48132,181.97348,28.96143,129.42203,185.91576,244.7401,93.38738,38.2169,80.32547
138.36115,184.21245,27.91068,126.35599,185.69381,243.65332,93.01466,37.12063,86.62315
136.91917,180.49288,33.07421,126.82392,188.68317,240.56645,91.14341,34.18174,78.57308
135.93061,182.39345,31.66653,126.95316,188.68194,248.72033,94.57924,32.4316,80.244
137.09179,181.71857,32.19878,126.05452,185.77499,248.03332,94.53191,35.77245,87.6086
135.69634,179.78539,29.76538,127.60398,192.34678,242.74324,92.5631,34.93376,80.37707
139.50544,179.6846,34.27361,130.00838,186.53686,244.85744,97.21385,34.07405,84.01047
136.849,179.66661,32.29016,128.86213,190.70016,244.89845,90.36474,34.93555,82.83628
132.79911,187.47014,30.41472,130.75201,186.74307,242.32539,91.14875,32.6068,83.09653
135.5612,179.86046,30.763,125.7091,186.80689,243.16451,91.71999,36.89653,83.72159
133.85856,181.46187,29.14938,130.38801,189.85923,240.87251,94.47845,36.4241,80.85516
132.43568,187.65298,30.98754,137.53899,190.57701,244.88647,92.28793,35.0254,90.47282
135.88827,182.31032,35.58272,126.93862,186.27927,244.04681,89.9953,32.61226,86.76367
134.50936,180.55029,43.88652,136.85713,188.04133,242.64019,92.62256,37.80882,81.89215
133.96467,181.93767,28.50394,131.21338,186.77073,244.47654,97.69436,38.49511,89.38978
136.71001,190.88969,42.68743,128.2989,192.63011,246.35442,95.52604,33.47653,80.43926
133.19488,185.1162,32.96886,135.42829,187.29586,243.39738,97.28446,34.1699,85.48923
139.57832,180.49447,31.16521,135.80883,187.25849,248.2042,93.00133,35.9196,82.67708
133.67934,181.18693,28.3499,125.29507,192.39509,248.17238,94.53252,36.25286,87.57694
146.05432,183.20709,31.30783,128.05354,190.48232,242.06007,93.32613,36.6706,86.24248
136.95819,181.34667,30.37344,125.95874,186.859,241.33094,90.59944,35.91091,82.56212
134.18623,186.84186,31.64314,132.43602,186.98892,242.37742,93.2118,34.03784,79.97512
132.77266,183.78071,28.50516,127.4027,186.20239,252.60573,94.16933,34.51421,80.8507
136.22002,181.74779,28.8026,126.32328,188.26762,242.13873,95.92643,35.04262,82.80534
137.51433,183.49716,27.92707,127.77555,190.88168,240.65458,90.8832,33.28385,80.03461
134.82577,195.11529,28.39043,132.99549,187.82911,243.66275,97.33762,36.31267,83.14931
134.30545,183.50399,30.32585,127.87629,187.12755,245.90379,91.46776,35.79187,82.1313
146.6263,180.51457,34.3592,126.92761,187.25441,244.27877,92.50938,31.75841,79.47581
139.65042,183.7734,29.68273,128.40789,190.17735,243.26075,92.18453,31.83177,82.15229
133.92622,182.02742,29.26551,126.83143,191.27942,241.004,91.72363,36.28158,78.51447
139.92284,185.10574,29.15249,133.65184,187.87658,243.4969,91.55841,36.55247,81.55567
134.87997,186.90811,28.36469,128.05106,192.48059,246.72508,93.23891,39.4693,81.69654
134.70316,182.60558,29.06223,130.93366,188.8813,242.30274,100.90892,35.34885,82.09664
133.00953,182.42078,27.92161,136.10557,187.18722,243.17021,96.43826,32.33564,79.80839
136.17589,189.64855,30.52287,127.51484,202.54137,242.14807,94.26223,36.12288,82.0112
134.24639,181.41064,28.87932,129.74878,187.86356,249.3899,94.94656,40.79141,86.75539
135.56915,184.06303,29.56793,129.4716,200.4355,244.34127,92.82794,32.53799,84.81174
136.77816,184.42351,30.09524,126.84981,187.94535,244.23923,92.25018,38.21892,80.92211
139.9008,181.71376,33.09165,135.49394,189.27366,244.27521,92.59669,38.50839,87.30167
135.39484,181.24878,29.4559,134.46603,190.50763,245.44127,91.89516,37.76091,83.6664
133.6301,187.02172,41.6193,134.90884,186.01541,249.12828,97.42787,34.76924,80.63167
134.79662,179.87774,35.59066,126.41903,187.23734,241.79509,89.63543,38.61259,79.49338
133.89477,183.21529,30.14533,132.7817,188.78374,244.40528,93.98395,35.00089,81.6656
142.02946,181.65261,30.7096,125.31791,188.83065,243.48203,99.01184,38.33849,87.34446
138.34076,184.85256,30.08309,128.27566,187.8276,246.96049,91.14913,35.54585,80.25143
134.20808,180.28042,35.5897,129.34673,188.13084,245.14234,94.34742,40.40089,89.6571
139.91937,181.29783,30.90333,126.00513,193.52367,241.49226,91.91876,38.07292,84.17779
134.88778,181.15361,41.46647,125.13899,187.70679,249.2537,93.86619,47.38496,82.38935
134.23518,182.08753,35.82315,133.22283,191.0275,243.7,94.0733,40.92708,79.30676
139.78908,187.02767,30.25216,129.09224,189.7186,242.27531,94.68561,34.66364,84.22195
142.78366,181.40104,33.62747,127.15912,191.22684,243.0093,90.17507,41.22787,83.9406
142.87534,190.68022,29.09388,133.79957,187.57975,241.04719,94.36285,39.34396,82.9785
143.09304,183.14471,28.37545,127.72294,191.40772,243.43467,98.12771,36.02791,88.05447
144.0862,181.57314,29.75677,126.61092,189.02707,241.7095,92.88554,36.59151,82.86617
143.30327,184.44658,31.97413,126.39825,193.217,243.66444,93.75,36.12684,83.38019
144.89163,188.12765,32.84883,130.27971,187.25717,248.17219,93.09447,38.76111,82.09659
144.4441,181.76761,29.23303,135.31207,187.22545,240.85936,95.72384,35.56244,80.32266
145.05032,183.25394,30.56439,126.56852,185.42102,248.18543,95.00888,42.74179,78.52046
144.17363,181.80764,32.72583,132.67069,190.49796,241.38358,98.64718,34.74886,80.46487
149.85461,193.57314,30.35213,129.45799,186.34177,245.23937,90.60677,35.22355,81.4275
144.11591,180.32568,58.04545,128.12508,187.57381,243.6058,92.26343,37.13191,79.47772
144.26937,183.81625,37.8049,127.84209,191.24904,241.88671,93.57128,33.68554,84.82517
150.15404,185.80445,39.1482,130.99932,190.00604,245.06263,97.81705,33.09593,83.17327
144.80108,197.19284,29.25624,126.05077,194.89581,241.60191,93.3631,32.82957,79.12517
146.84607,182.27462,34.32724,130.44623,188.52578,244.94442,98.70386,35.49038,78.59489
147.44941,182.90402,29.46763,128.80357,187.91513,247.26182,93.40625,43.27494,78.46546
143.21903,182.88313,29.29404,129.05676,186.205,246.74825,91.44342,34.99381,83.38383
142.60611,182.11784,29.45445,127.43725,186.7699,244.92155,92.61088,34.23652,78.75272
147.19347,188.14859,28.55691,125.96305,190.34187,244.02205,98.73961,54.59288,82.34215
145.05631,184.40315,30.78227,127.32019,189.67525,244.50566,98.03713,36.09863,78.57846
144.95226,181.54494,31.08254,138.98151,191.91814,244.40571,92.65127,41.02784,82.50279
156.24093,185.26302,29.15201,130.78992,194.80592,247.30942,97.61518,33.34759,117.42466
150.15063,185.9028,30.40453,132.76437,194.45318,246.86377,93.1636,34.6348,79.7325
144.95799,181.73326,46.74871,134.59658,186.47618,248.53005,91.81637,37.39413,81.03376
151.72007,181.5912,28.28788,127.99052,186.81517,253.65407,96.1567,35.05569,78.64211
147.49325,183.09282,34.10868,125.73457,189.91994,246.96971,91.82182,35.15942,82.8708
146.89337,185.47296,35.05123,128.72209,189.08454,246.89812,92.18329,33.58495,80.51919
142.90622,184.10525,29.86749,125.27129,188.15814,248.3178,95.295,36.64259,87.47553
143.22125,182.08603,32.80799,130.85959,189.39696,245.47594,95.34251,35.56591,83.81631
155.35086,187.2473,30.07429,128.93,186.65899,242.60417,92.16187,36.13858,79.90318
152.62945,186.18444,283.31698,133.51484,194.5262,246.09237,95.64132,37.52193,85.93412
143.43785,180.81178,38.29632,135.9336,186.54025,246.87015,96.33465,32.8682,83.36307
143.04961,182.49408,28.91653,129.26209,186.1372,244.91838,92.90997,36.48918,83.02216
143.21419,184.78594,28.76591,130.86054,186.85591,244.71844,99.00816,33.47754,81.04993
143.43043,180.12125,30.90944,130.14287,188.17396,252.14039,89.83445,43.42579,82.21524
142.98028,188.64578,28.44872,133.0846,185.79236,244.72273,91.56281,35.00859,84.74074
148.01233,182.98477,29.72714,125.95726,186.52097,242.74198,93.83864,35.76177,83.33954
144.92062,183.75607,41.87335,134.3423,188.74996,245.25714,93.17303,33.95148,79.25747
144.90186,184.1118,30.49598,130.08158,191.88948,242.37235,90.4113,38.18293,82.74874
144.19736,183.01411,35.07873,126.99595,187.49332,241.57344,93.43779,34.38267,80.83924
152.56148,181.90524,31.80876,129.72043,191.85531,241.28651,91.40922,38.12248,81.5552
145.60821,183.26876,33.37806,127.18267,186.88508,247.48488,101.53657,35.49645,81.21732
143.97725,182.07232,34.53363,129.76822,185.97579,246.13537,93.2226,34.96793,84.04346
149.24476,188.78689,31.61493,128.93979,190.77446,242.77719,92.04301,37.76289,80.70591
143.36032,185.43169,30.89933,128.64928,186.33743,245.91315,95.5138,37.08094,81.15421
144.1501,182.14157,34.68382,129.12885,188.35038,242.01045,96.57123,40.12541,89.6154
150.09916,183.49654,31.40515,126.02369,193.16771,244.21667,96.4004,34.62458,81.42367
146.87939,181.48017,30.16053,125.17913,193.53699,246.29665,93.60881,44.4195,79.74359
142.89609,182.97832,33.67103,129.6513,188.08335,242.26669,102.53421,35.58781,80.93468
143.41633,183.99077,31.71029,129.37781,188.22217,243.18,93.34232,40.11778,88.689
145.95349,180.25442,30.66872,129.2832,190.75852,246.36753,99.04705,35.12417,78.74658
144.81267,181.53938,31.61317,131.34193,191.54907,245.69344,90.4401,35.98079,82.94801
144.73724,187.48902,32.45845,136.31378,190.13755,244.52723,92.15504,36.33096,84.79714
148.92921,182.42615,29.47776,127.50905,187.25828,245.09231,90.98028,34.88844,83.39909
145.15933,182.88448,32.99328,128.20484,188.21846,242.66658,94.18049,37.59989,81.23297
147.88531,181.87503,32.54571,126.1912,188.37013,244.43758,95.42603,35.69763,79.85588
148.10214,183.13535,30.37153,127.45152,187.74034,246.9908,93.77248,38.8309,79.37357
150.50966,181.21494,37.30642,129.14092,187.47917,251.84299,97.83368,33.4279,80.16618
146.02542,180.27538,29.20495,129.84442,187.89316,246.90151,96.56635,43.70466,79.10359
143.62273,184.76027,36.56201,130.37764,188.29756,245.24954,93.19626,40.96645,81.119
145.41802,187.69079,33.09268,126.92481,190.13561,242.10653,95.62071,39.99048,81.11526
146.95073,182.80858,33.68601,126.48507,186.07332,250.99028,98.38346,40.76753,79.18925
144.42639,184.58548,32.38853,129.45399,188.71084,244.19486,95.56479,34.72599,93.76803
147.57009,184.8443,31.44794,129.71131,186.07462,241.35963,92.88012,38.64161,81.55579
143.36804,182.08036,284.5712,128.51666,188.89738,245.7139,97.07997,33.84693,79.90716
147.30714,182.26792,39.14753,130.67105,190.08814,242.45227,93.42992,36.67413,83.1192
148.10438,182.45445,30.55727,130.41248,189.96189,250.75169,95.10434,35.23632,79.97572
147.88959,183.84632,35.40056,128.57478,186.90171,251.89769,102.25881,36.87936,88.48448
144.55409,182.1472,31.12991,127.52526,190.3585,243.15542,96.37385,36.91694,84.30752
144.98209,181.42565,32.72037,133.08066,188.64254,244.77963,92.88525,32.84264,80.3833
144.94093,181.52042,36.20668,129.33509,193.14882,242.34519,92.64104,33.881,86.17519
142.94033,186.24602,37.99101,126.86847,187.8335,247.31577,93.40829,45.50469,84.18905
153.85151,183.17545,31.32363,127.86977,187.81956,250.69497,92.75563,33.61912,80.01792
144.93613,181.63804,35.41035,128.4323,193.13678,244.09393,97.9345,34.9497,81.74886
143.40434,187.52586,46.33129,131.53665,186.34706,244.46658,101.53962,37.31548,80.92371
152.08052,183.57835,58.99461,130.63525,195.53486,245.495,93.18665,40.09048,81.3595
145.54218,180.77432,32.0591,129.31643,192.2639,246.7396,94.91882,38.04199,83.12657
143.93041,182.77218,28.69363,131.80322,189.35982,245.23014,93.28687,34.13467,88.32027
144.62197,181.64669,28.95706,128.81568,187.79805,247.4879,96.01924,37.23504,83.60667
147.63434,185.01249,29.8655,133.09283,188.76464,243.75574,91.38252,38.16675,89.81415
149.42503,181.73836,32.54182,133.15373,188.80885,245.20106,95.71584,32.66699,84.85906
149.38614,188.79368,31.16317,133.16102,187.70927,241.45005,91.41812,37.97092,79.29789
147.9134,182.95748,37.87266,130.27682,187.67317,244.62579,94.62677,33.68561,79.27177
150.86949,183.36249,32.98152,133.81477,186.35924,245.49714,94.23979,37.18293,80.84857
143.38417,182.33535,34.08336,127.80648,187.22306,244.60762,90.63105,34.10102,87.18875
145.11661,183.20258,30.67883,126.36299,186.11889,242.3711,94.50041,34.70273,83.86444
143.42056,189.44208,31.42229,130.87028,190.5793,242.47006,92.8701,35.76605,79.32076
146.08387,186.02453,31.53068,127.18161,191.05813,243.10193,94.37858,32.90279,86.11391
145.48105,181.2625,35.3931,127.34758,196.21891,244.3152,93.84388,33.40907,83.94927
155.48937,186.30719,29.37736,126.09754,197.10352,244.35715,96.79958,33.0688,80.73109
145.23328,185.55563,29.38135,133.49216,201.30476,242.82108,91.63777,45.93375,86.5572
145.05264,180.59441,37.35821,133.26759,188.95817,246.42889,96.12912,34.5501,84.90714
146.02325,182.01838,31.50477,131.16021,187.77625,249.93783,93.64486,41.64303,84.32134
144.92855,180.87753,36.4578,127.89409,191.79101,245.224,92.0207,35.36968,85.16544
146.11057,183.22667,34.17157,131.29583,188.47841,245.74425,95.19002,35.38829,86.33748
146.67138,182.52418,32.12191,134.34027,188.92403,241.44319,92.41934,39.05291,84.44434
145.81906,184.16013,32.86132,127.34059,188.10215,243.95246,94.02413,40.48426,87.46711
148.34825,185.28676,33.35868,127.85055,192.31233,245.76327,92.61867,35.63891,79.53495
151.11997,183.76051,29.20318,129.18499,194.21996,244.25321,92.20789,37.2202,82.41828
145.27622,181.3744,32.05542,126.95334,191.87611,243.81468,91.82147,39.4134,86.74222
146.03319,181.10929,32.35884,128.89568,192.31898,243.93497,98.06478,33.8307,83.45266
146.41159,182.29951,30.97435,127.42309,187.11632,250.2762,95.47366,37.71025,84.52544
148.18257,185.64377,29.13983,131.37386,190.45141,246.27827,96.59312,32.88215,84.66514
145.23831,185.59008,31.78916,129.28373,186.75392,245.96797,97.30427,37.45309,84.64926
144.71406,180.96648,40.33921,126.37769,187.44399,246.21952,98.00839,37.30921,88.01607
147.49349,182.8718,33.23814,125.76964,187.22525,246.74843,92.67372,37.29481,82.49101
158.03395,180.87416,285.45798,127.67204,187.3372,248.8428,93.60824,34.90618,82.05838
145.66128,185.21047,58.93021,126.28102,196.75105,245.02361,98.14555,32.98174,85.50242
145.49623,181.53722,37.16816,128.65972,188.46003,243.35924,92.90285,34.77726,82.68376
150.51494,181.52351,33.66553,126.08017,186.83059,248.86057,94.40736,39.208,87.26718
145.97302,182.89575,32.34006,129.01147,188.79619,241.50255,90.95343,36.65432,85.10963
146.4188,185.18018,32.34131,128.2821,190.76723,242.18648,92.54077,32.76496,89.81203
145.91893,194.86325,30.99772,138.33248,187.39107,246.7246,96.72076,33.39821,85.20082
143.99861,181.12874,29.73409,129.44468,190.32868,241.71646,96.07188,38.55088,86.46472
151.0616,183.59358,30.68742,128.1111,190.0116,243.96757,92.18635,32.84827,81.10341
144.43528,183.49053,34.58287,127.63664,194.53545,243.87985,95.61373,35.65192,83.84209
147.78229,180.58736,30.96631,133.6409,190.58893,244.33998,94.35302,34.82771,94.3436
145.78158,183.55196,30.69773,130.75939,191.15573,253.35689,98.16422,41.27037,86.47707
144.68485,183.01987,34.35621,133.40903,187.31366,251.04478,98.89697,37.76927,83.24775
144.4494,185.89543,32.43244,128.09715,192.25751,243.68258,95.26594,33.27793,86.50586
150.61029,190.44634,31.94788,133.83395,189.80647,244.35378,97.37039,34.2622,84.73992
143.44056,185.03167,29.53914,127.3159,194.23211,241.91582,92.43369,37.76676,81.42354
146.8064,183.59466,31.07781,129.33131,194.43749,246.55256,92.19658,36.33323,84.32404
157.85858,185.51058,31.44019,128.4127,187.72352,243.98563,91.10289,40.40953,81.74814
144.79729,192.27733,32.21413,131.52508,203.47838,246.13808,91.72322,38.54231,82.58228
150.62103,186.98061,36.6711,128.03843,189.07673,245.57382,99.6056,35.17842,84.53131
146.93995,180.87272,29.44543,131.04178,191.7186,246.5302,91.44516,44.52233,81.82765
146.08441,185.06693,32.76188,128.25821,190.3797,245.80265,91.66376,33.55407,79.95446
145.47682,185.72382,42.5474,129.73121,191.68798,242.93887,92.41906,33.5553,83.86977
145.64358,184.48376,30.04359,137.84792,191.92396,245.64588,98.91821,33.23896,79.25628
145.94453,182.48987,34.88712,129.05329,191.6318,245.79986,92.65256,37.13036,91.68717
145.5812,181.39675,30.59128,128.30589,192.44463,242.87769,97.09295,37.58094,84.47614
147.17117,183.68706,37.87801,131.2431,193.53149,249.51765,92.89637,34.20339,88.4972
145.2706,189.5308,36.72728,126.97355,197.61383,244.44601,95.65494,33.42701,88.40468
150.68122,181.50279,40.61059,127.98382,188.81996,256.30038,91.84817,37.42876,85.27359
143.34545,184.33671,35.42906,127.60629,191.20871,249.03512,98.85493,34.31841,84.00241
145.44661,181.71603,33.39149,128.68874,188.01767,245.12509,90.6728,34.37821,81.46582
144.1212,184.60946,32.32982,136.38108,190.31887,242.59912,91.89222,36.0368,86.45365
147.40034,183.8427,29.49933,128.70854,190.4839,243.75607,95.73872,39.68522,83.68544
149.74626,181.88057,29.05672,128.16548,188.59774,246.77815,91.62916,35.07698,83.24099
144.39165,183.50706,32.41073,127.33823,190.63917,246.17342,95.75158,35.04131,81.88855
143.64365,184.65879,31.87091,126.61064,192.44287,249.0752,92.45597,35.12703,85.53782
144.85035,187.97746,37.18219,132.76604,186.958,244.65064,95.69247,35.26885,80.01567
147.72743,182.00561,30.21932,132.05043,192.58436,243.70358,96.46268,38.3071,79.9065
147.65676,182.89118,31.45865,131.57789,187.12002,243.93636,92.34999,35.93447,84.11182
146.22913,184.63987,33.91414,128.84176,191.23794,243.6733,100.69353,37.10903,82.88335
147.08633,191.0882,30.26658,131.9833,189.87291,245.04425,93.8137,33.78844,81.20465
144.53732,182.32269,30.93676,131.34755,198.13673,246.40569,92.1023,34.69107,84.4466
143.89621,184.1381,30.9134,126.88127,193.93449,242.98854,91.3998,46.51437,82.55419
149.08196,186.26985,37.18672,129.23075,193.66137,241.88435,95.88433,33.65905,82.04319
144.15533,181.08892,33.03565,130.89399,190.65893,246.92573,93.56171,40.92615,85.55998
145.80934,182.40577,29.3576,133.63147,189.16686,243.44115,100.85702,33.77251,82.3522
144.27076,181.49204,35.89398,129.29989,191.68711,247.16036,103.16054,34.89846,81.90082
145.16309,183.91482,33.71935,128.22724,189.82208,246.31039,93.75562,32.89204,80.0745
150.96119,184.26037,31.06487,127.95154,189.10801,242.8893,92.18294,35.37561,86.74314
148.30219,181.72569,33.82503,133.65537,190.68482,243.81781,98.46406,36.74818,90.31762
144.66041,182.83616,33.89361,132.31843,191.0722,246.46976,95.64491,34.11345,83.70815
151.14058,182.58494,33.7221,127.64995,191.32513,246.35259,93.47357,34.80816,90.74495
147.46323,184.30992,30.76029,128.10203,190.92799,245.19463,95.54577,36.6415,82.00242
144.80824,182.66771,33.84582,130.39066,189.46897,243.06353,98.51532,36.91065,80.10479
153.10265,182.85607,35.47529,129.87709,187.5074,245.72858,97.17262,37.2587,82.54289
143.5631,181.92184,34.18749,131.15249,187.8193,249.20842,106.23395,40.66215,85.90667
143.64116,186.09083,34.93103,127.31254,190.76317,255.92352,96.15125,33.4147,84.06749
148.01776,198.31703,36.7894,126.95079,188.45899,255.53097,91.70051,36.46522,82.5878
151.81346,185.45019,36.93079,126.76663,189.22602,258.09594,94.8798,35.08859,85.22771
145.29751,183.63383,31.89726,128.279,200.19212,254.5778,94.66657,33.17013,81.52435
145.0802,182.20092,33.19218,126.8483,187.07724,13.89865,95.45909,34.51145,82.10342
146.38828,183.61971,31.62253,128.99383,187.8588,255.70213,93.67926,34.27073,79.95884
148.43472,182.90603,51.09863,134.16835,187.38253,252.99683,94.16685,34.82944,81.41784
147.10208,184.52188,31.92289,126.27258,189.44843,262.87823,96.42444,41.06731,82.90557
147.73426,183.56785,30.50826,133.75813,188.2743,260.03034,107.63064,35.79767,80.41785
148.54777,184.23769,30.49263,127.09591,193.79273,254.29109,95.37368,34.08326,79.93957
144.89476,181.52785,38.35212,139.33873,188.11965,252.6271,96.17951,36.16165,80.69406
145.46034,182.67003,29.55032,129.21317,187.71303,254.02948,92.56486,33.19334,89.59042
150.93903,181.03886,29.85284,128.00117,198.15035,257.11626,94.62019,34.84166,84.01045
147.20024,185.12149,33.54172,128.456,190.44947,253.85417,93.20559,34.82537,82.89968
145.42889,186.08022,37.41554,129.62626,189.90057,259.30848,97.47892,38.03413,82.53306
148.32003,182.08984,31.61201,128.67219,189.49553,258.46949,91.89262,38.4804,81.37967
146.98932,185.63645,29.64253,128.09911,191.62299,253.41172,92.41535,36.67372,80.77995
151.91387,183.94706,39.20486,127.43751,195.84415,259.32837,93.08289,38.86836,82.97201
143.81013,182.17609,33.71027,131.91304,189.71765,259.33479,92.51313,35.68985,83.30517
146.8065,183.6139,32.29052,128.6644,191.59442,256.88702,92.63774,42.34928,91.67486
145.11954,182.7509,32.10108,128.36011,194.06582,257.93227,96.29035,33.42885,82.69267
146.79668,184.09276,32.6671,132.48309,192.86275,252.48525,95.25922,36.44839,81.38654
144.25862,184.05508,31.16926,133.85174,188.82662,257.21301,94.41609,35.99272,80.37422
144.95664,183.40881,29.68715,130.52703,190.53764,256.05538,97.82029,39.17797,82.98184
144.45932,183.33778,34.16734,129.40655,187.51348,253.28793,96.25806,40.82665,86.13314
144.81476,209.15842,32.83612,129.40272,187.04335,253.23026,94.92207,35.26736,81.97639
144.58186,189.54167,30.6425,132.40657,189.06582,255.85026,95.80448,38.4709,81.72226
146.3221,187.38973,30.47581,127.02446,189.29752,252.58926,95.82827,35.13842,89.76881
