"1024B","128B","12B"
73.12772,85.88575,85.44527
80.37011,98.75379,92.13653
87.38681,100.79737,100.81313
95.51591,106.60861,110.4973
101.8956,114.28348,117.74101
112.9698,121.38998,121.68642
116.73266,27.53033,29.71373
123.55609,33.45823,33.34907
29.74969,42.24321,142.5365
36.02387,47.72511,47.4716
42.71781,55.09151,58.56086
50.70939,61.72123,62.4216
58.81855,73.3324,69.59916
64.39293,80.06852,76.66388
13.19047,186.75155,83.27829
78.49333,90.66615,90.72666
87.66531,99.49723,97.85157
97.8172,107.86634,105.08942
101.79895,112.67562,112.24058
107.49613,119.35111,119.95897
114.73151,25.38892,25.10094
121.95697,32.08586,36.06106
41.65024,39.76294,38.61111
35.25777,46.58809,46.06845
41.19836,52.88964,53.01558
48.75668,60.2829,60.49632
55.99073,68.14732,68.75791
67.84492,74.66006,75.68459
70.09076,83.11545,82.88482
78.92562,89.17707,88.94788
84.24696,96.46265,96.70635
92.16596,103.51214,104.82297
102.8025,111.54944,112.46458
106.31356,117.69021,117.64737
113.7849,22.68825,128.45697
120.26888,33.80913,36.1037
25.02618,38.91089,38.34146
32.85286,44.5239,44.07938
40.22496,51.29726,51.68758
46.84818,58.65012,59.94157
54.81952,71.97248,66.54092
61.83836,73.07506,73.54501
68.54069,80.20273,80.62295
75.5288,87.72042,90.32986
84.12219,95.1221,95.47738
93.66371,107.93071,105.81848
96.9749,109.07388,110.6597
107.8141,117.61558,118.11623
113.47228,123.44058,124.22234
118.86757,28.15159,34.30579
126.04152,39.39444,35.45139
32.51433,43.29079,45.45148
38.85703,50.05757,50.46722
47.525,57.70221,57.39496
57.38065,64.30734,68.03185
59.64282,71.7028,76.17415
70.03237,80.0869,80.05335
77.16958,85.78773,88.33832
85.00284,93.54825,94.4555
88.38429,102.94463,100.44943
102.17068,110.36172,107.21933
103.64084,114.68089,116.53641
111.5365,121.95886,122.68457
117.16171,129.61684,26.90554
26.25102,34.00103,34.06569
29.19386,41.08581,41.06574
36.4355,52.02865,48.5002
43.71719,55.42352,55.84774
50.78445,63.39284,64.18649
57.94161,71.21745,69.82038
65.49582,80.00719,80.82826
77.95178,84.27643,85.39382
83.92575,91.48667,91.50304
88.30512,99.11887,98.88532
94.88939,105.78216,105.85066
110.432,113.59009,113.10177
110.35142,124.21064,120.80042
120.73698,128.84955,25.3676
123.46901,32.08437,15.06312
28.99182,43.48489,40.76532
34.78895,48.81814,49.14797
42.07533,54.63686,54.00426
49.06523,61.3799,66.23244
57.21852,69.02893,68.89616
64.37982,75.47381,75.50382
70.86474,83.8979,82.64056
79.0149,94.1097,91.17556
89.16766,102.08677,97.0781
93.29543,105.12389,104.37218
101.00079,112.41034,116.25673
107.42443,123.41688,119.61636
114.06908,126.05769,125.71183
121.25473,30.93884,32.05872
132.43908,37.93408,38.08951
34.09689,45.09492,46.73671
40.39701,52.24158,53.66999
48.92901,59.56692,59.82985
55.70127,66.76658,66.53475
61.99953,73.97688,75.14142
69.17065,81.06467,81.96457
77.15329,88.03319,88.75102
85.04178,95.47677,95.67669
90.85699,102.66815,106.53928
102.35963,109.93889,109.99322
105.36848,117.73359,117.58211
114.62144,21.91695,125.48859
122.53674,28.9485,29.39898
24.7186,36.18262,37.93393
31.72705,43.33292,43.73887
39.44412,52.22058,51.09288
46.02377,60.54686,58.85782
53.32344,65.33607,66.09081
62.39842,73.07263,81.31821
68.55762,79.46813,80.56945
75.64849,88.24424,87.45931
83.55093,94.11666,94.34209
90.21022,101.18291,101.17196
96.35518,108.15472,123.56121
103.65175,115.58693,115.38654
110.83645,122.6456,122.5988
118.76344,28.12946,30.35561
126.83848,35.5115,35.98118
34.54533,42.39085,42.16663
37.23432,53.18613,52.79074
45.18554,56.29337,57.17544
52.84982,67.70086,64.43468
59.6197,71.35895,70.88254
66.04282,77.97164,77.99455
73.99144,86.59573,86.32436
84.70897,93.04582,93.14059
87.73517,99.3914,100.2068
96.50019,106.83894,106.68592
105.7103,114.11947,114.05982
115.25437,123.14387,19.61235
116.51656,25.89862,25.92659
124.82007,33.36786,33.57006
131.42176,44.20333,40.27633
35.66947,49.53698,47.7116
43.54935,55.39343,55.68426
51.48033,61.85188,61.78817
58.15064,69.15672,68.99989
64.5503,76.65362,76.41146
72.76065,83.63279,83.97579
80.30084,92.2671,91.26368
86.32184,97.94876,101.76443
93.44792,105.13581,105.33296
100.89386,114.09459,113.09604
108.33692,16.99172,119.83878
115.16863,24.50437,24.60898
122.85172,35.44776,31.39567
129.73963,39.098,43.02109
34.58978,46.36701,46.07761
43.41447,53.78128,53.92258
48.30914,61.86687,60.22282
56.39306,69.03873,67.80263
64.25911,74.87303,74.87217
70.58423,81.8834,82.38325
80.98193,90.49599,90.40108
84.49726,97.0804,97.03751
91.70483,103.38457,107.48014
98.89139,111.0623,116.45209
111.28656,119.48042,118.68447
113.73503,129.35572,22.96031
120.59345,29.85794,29.87466
129.17186,41.30152,41.12629
32.49878,44.40407,44.70409
39.75552,53.65481,56.46847
49.28931,62.54102,58.80182
55.49635,66.10265,66.65863
61.45273,73.29916,73.11397
68.54242,185.54604,80.83372
75.90315,87.65599,87.51149
88.18685,96.22413,95.7445
95.15162,104.11711,103.08403
97.51974,109.22909,110.315
104.49109,119.56127,116.23917
111.88014,22.56743,21.08063
119.00584,30.21459,131.00852
126.92339,36.07546,35.4487
30.8555,43.25927,43.68234
38.51369,49.99897,53.8219
45.35563,58.71879,58.72157
52.36658,64.91783,64.83339
61.12933,71.52642,76.51228
68.34375,79.61272,79.8933
74.38722,86.80184,86.63474
84.47152,93.29543,97.1585
90.23221,100.85122,101.08759
96.36534,108.02024,108.13361
102.96015,114.89745,115.39177
110.2809,123.30364,122.3112
118.12448,26.81652,26.64591
125.02771,34.17689,34.87798
31.48198,41.42322,41.30709
36.56273,48.39559,49.83135
43.81906,57.32321,55.72422
51.63529,62.83164,62.71914
58.37217,69.89725,69.93246
65.14678,77.99571,77.38407
72.9361,87.29547,84.44741
80.1117,95.53018,94.62482
87.03938,98.74254,99.95237
95.38739,110.10471,106.23343
102.97936,113.42284,113.45422
108.46704,124.18226,121.52643
117.83929,25.13736,27.05581
123.70241,36.98503,33.08223
27.93936,40.28835,39.53556
35.16671,49.05205,50.61071
42.62648,54.11828,54.45671
50.13466,61.47298,62.37252
56.57768,69.72055,68.92861
64.34198,76.75606,77.22209
72.59375,82.8612,85.47807
79.82401,90.23379,96.60009
85.33407,98.31673,97.12781
98.29164,104.65753,104.35395
100.39678,111.53018,113.14389
108.55947,120.37727,120.04419
114.20004,132.40846,126.14664
123.20228,30.85496,30.58419
26.69955,42.29503,38.04233
35.47817,46.01944,46.82682
40.68467,52.65482,52.36934
47.9777,60.0954,59.84434
55.02878,72.42293,66.79811
66.07718,74.69922,75.51452
71.95245,81.80592,80.9487
76.6052,88.88405,88.36222
86.8876,99.60873,95.79272
91.09486,102.70803,103.84185
99.06645,110.55482,116.31437
105.31826,117.35399,118.54169
113.07945,124.52412,124.19427
119.79513,29.2172,29.3538
129.58937,36.36185,40.11277
31.73465,44.19799,43.63992
39.59063,52.54659,51.45533
46.28361,61.65841,58.35379
58.34477,67.80253,66.15204
61.47848,76.43561,73.04073
67.80387,83.19268,79.60229
77.69345,92.46552,90.68348
82.24788,95.59152,93.77408
89.56895,105.48751,106.68162
96.61194,108.7829,108.44317
103.65678,116.33083,115.77162
111.58033,124.22308,123.05106
17.35608,28.36351,27.58124
125.9452,34.95761,34.80741
31.52424,42.10252,46.69708
37.45673,49.29157,51.00803
44.5562,57.93928,56.81931
52.82905,72.49082,72.08474
59.75582,71.02063,71.16673
66.76971,78.06508,78.23637
74.39819,85.19833,85.76785
80.95795,92.82328,92.47897
89.32121,100.60487,99.61923
94.96882,109.08963,108.1401
102.20518,115.91819,114.63097
109.31428,122.56742,121.25014
117.25256,26.14535,26.38093
123.72817,34.74352,33.2362
29.98537,40.47263,44.6184
35.95851,52.52032,47.75308
48.40856,54.9242,56.64102
51.08492,64.06739,62.43679
58.13153,70.70939,73.13973
66.06142,76.59831,76.35354
72.34569,89.56769,83.71596
80.46576,91.08473,91.17493
86.23083,102.39792,99.50612
98.42618,105.23958,105.78607
101.12741,113.64186,112.35013
107.75733,120.54022,119.65407
115.57635,126.97944,25.16488
122.23838,32.01504,31.62607
29.92106,38.84854,13.99981
34.18165,46.30678,46.96337
41.96065,53.43325,53.58855
51.29674,61.01658,61.25253
55.74528,72.56148,69.07051
63.20391,74.93773,76.15776
71.06868,81.96028,82.21169
77.5659,90.12727,89.76872
89.17352,97.88621,96.91504
91.90737,103.69689,104.70435
105.06989,111.29977,110.87871
110.10452,119.43225,118.14044
115.00586,129.99595,129.16997
124.88991,30.1092,30.06822
131.0273,37.31077,37.34289
32.50994,45.00445,44.83641
39.9854,52.6768,56.81177
47.15965,60.63747,59.25288
54.6287,66.2043,65.9996
61.50381,73.50966,73.17482
73.03045,80.48665,86.11162
76.38267,88.99994,88.38222
88.48929,102.60569,98.65177
90.3324,102.0581,104.53107
99.37936,110.92822,109.75132
108.55176,116.4768,117.75188
115.9786,22.72559,127.83058
119.55767,28.62578,31.52933
128.72894,37.59063,36.30684
31.4518,43.61902,45.81564
38.39213,56.01473,50.10856
46.36265,57.62258,57.16493
54.05313,68.65774,64.72454
59.91541,72.89696,73.19717
67.85783,79.7348,78.96172
75.01917,86.23548,87.25617
81.51356,97.35112,93.26859
92.69593,100.58623,106.89542
95.92088,108.99641,109.07866
107.98612,115.08032,114.97853
114.44967,122.13868,126.87656
117.67125,32.6509,26.89749
125.37958,34.07336,34.96047
29.40392,41.58385,41.41009
38.08363,50.00264,48.50995
43.82657,55.87927,56.49513
51.22182,63.47367,63.80557
62.3215,70.10509,70.82814
69.29643,78.59741,77.66885
73.5239,86.93493,85.7985
80.46031,92.81543,97.132
87.34537,103.09704,99.0301
95.05258,106.24584,106.01553
102.76366,114.61344,114.60542
108.796,121.88811,123.45808
115.88427,25.85214,25.49338
126.94074,33.05704,32.86871
29.55649,39.89175,40.11028
137.77598,46.91219,47.52257
42.29954,58.04921,54.13973
49.55184,61.81303,66.93337
56.73427,70.40411,70.3636
64.40326,76.04314,79.64925
71.63592,85.35819,87.02061
80.68995,90.96316,90.18089
85.62438,98.03347,101.34906
92.76455,104.63024,105.06669
100.02117,111.87547,112.73058
114.31209,121.63308,119.14372
114.5953,24.04847,126.88309
121.44278,31.71599,34.65315
128.83194,42.11213,39.50214
35.07497,45.62985,47.49566
41.07202,52.58366,54.04819
48.83209,59.98433,63.76792
57.49251,67.51506,66.86326
63.31668,74.68832,74.64319
70.19615,81.52969,81.68512
76.71584,89.90857,88.58858
83.89313,105.62186,96.17942
91.23755,102.95221,104.11671
102.47558,112.88855,110.23346
105.55752,119.88363,119.16325
113.22808,22.92319,124.50784
121.35815,131.89382,29.87523
27.71511,36.7052,38.6119
32.52506,43.89746,44.32595
40.77877,52.3405,55.18247
48.28125,58.25301,59.22364
58.64881,65.98676,65.75752
61.52216,72.64985,72.49221
68.73002,79.88249,80.33963
75.65104,87.43796,86.81716
83.03357,98.65663,96.12971
92.7935,101.59028,101.57207
100.67069,109.99057,110.43758
104.44202,116.35572,115.65679
111.84528,123.55659,124.78175
118.42658,32.79056,28.6779
127.06486,36.3114,34.87151
33.14814,42.64165,46.10801
38.12815,49.5181,49.38352
44.75847,57.09284,58.95268
17.91193,64.24261,63.96638
59.19926,71.57265,71.01775
66.54624,79.23796,78.30906
77.87542,91.30039,86.90957
82.20586,93.73053,93.55469
88.20664,101.09765,99.74386
96.00334,108.27107,107.2653
102.5005,114.35197,114.31532
109.64236,121.75184,121.88959
116.81757,130.79907,26.26555
128.70458,33.52098,33.81059
28.83542,40.72704,40.63536
36.242,48.16617,48.66466
48.7099,56.03536,58.7844
51.17568,62.15121,63.18411
57.8172,73.14916,69.78272
66.29389,76.45172,79.53733
73.46932,85.34125,83.93135
79.1787,96.4522,90.96054
86.71877,98.98562,107.0979
99.55819,105.69809,105.35398
101.60241,112.65141,112.5413
108.10002,119.98468,119.68727
115.92933,26.04368,127.38347
122.91808,32.4864,32.00012
133.00854,39.91219,39.57765
37.88321,46.49001,46.112
41.64427,54.69184,53.41697
49.14342,60.57621,60.57332
56.05367,69.8671,69.51287
63.43115,75.22297,74.9266
72.46572,82.18671,86.21968
77.71947,91.6259,89.51938
85.30029,96.62119,96.51968
92.96704,104.06819,104.2091
99.70099,111.50076,111.46804
107.78125,119.11424,127.14283
115.61715,23.11428,125.4921
122.33166,31.82196,30.66921
26.37212,37.86335,38.47724
33.54012,48.73447,45.00783
40.63227,52.00864,57.15274
48.73392,59.89624,59.20633
55.39023,67.62319,66.75304
61.54179,73.74617,74.13616
69.53972,81.40975,84.68817
76.11223,88.54468,89.73437
84.18334,95.20131,96.10805
90.97821,103.02168,103.03991
98.2048,110.97521,109.19374
104.79422,120.71074,120.83141
112.70077,124.00429,123.9501
120.59813,28.63517,31.03419
24.08921,36.66166,36.64041
31.25337,43.12062,43.69581
38.41566,51.12287,51.50278
46.35007,159.86572,57.52376
52.91604,70.2314,68.54624
59.91006,73.67052,75.49183
67.50909,79.41013,81.46483
75.22288,86.51203,88.07831
85.5125,94.15103,93.32735
88.87574,102.20489,102.12832
99.6694,109.31977,108.02947
108.83105,115.21793,115.00138
111.97146,122.24867,127.22299
119.02212,130.61713,31.42783
124.85461,34.44056,34.76294
29.68437,42.34349,41.73949
37.08667,49.49808,53.35098
45.58091,55.86608,55.99473
51.85395,64.74222,63.41906
58.98536,74.1397,73.65549
66.7942,78.31214,77.54566
72.85897,84.872,84.63604
80.62498,92.07916,91.8719
88.36801,99.14873,100.50096
95.19869,107.02185,106.21075
102.10465,115.85292,113.58754
109.77616,120.58711,120.79167
116.61731,25.57005,25.35187
124.56025,135.69718,37.26153
130.47769,40.34996,39.72683
35.30999,47.20692,47.83291
42.651,54.47968,54.37917
49.6203,61.80256,62.13458
57.55794,69.49162,72.63821
64.5888,75.88297,75.88093
76.31982,83.32386,83.8543
78.53773,91.11384,90.06629
85.86087,98.46907,97.77807
93.66964,108.95603,106.04831
100.10494,112.60188,114.19821
108.03903,124.87711,119.63854
115.22635,24.0294,127.99968
122.71117,31.40115,35.07989
132.16215,40.03365,38.74447
33.82036,46.01893,14.91152
41.26362,53.39155,54.0626
48.36704,60.26592,61.24598
60.08357,67.08515,67.07935
63.37864,53.06412,74.25716
69.88948,81.86763,81.532
76.92848,88.83431,88.93978
88.92515,95.89751,96.55948
93.63183,103.20021,104.43963
98.69227,110.24253,110.27038
106.99254,123.06381,117.80808
113.33386,124.89579,23.06422
120.14447,132.63953,30.07288
138.73348,36.87751,37.82797
32.18506,44.54176,44.11954
40.84786,51.39641,51.21534
46.51065,59.71263,60.02534
53.8136,66.41759,66.16353
60.99835,73.97928,72.68653
68.15284,80.3256,80.24796
76.4043,90.42656,87.96037
85.49353,97.68661,94.55809
92.84464,143.09335,106.83179
96.89368,110.6823,121.75539
108.9655,116.01166,116.40903
115.5417,123.09801,123.09227
119.51735,30.0999,28.11512
125.93391,35.71946,36.45644
30.65325,42.53791,47.37266
37.85993,52.0359,49.3566
45.5702,57.47547,56.94308
52.40448,68.07403,65.53964
59.38936,75.4987,75.39201
70.87527,79.52102,78.70117
73.86685,89.67949,85.43225
83.08445,96.449,93.78313
93.9148,100.12887,99.95754
96.39741,107.451,107.31514
106.61008,114.58728,114.52952
110.04285,121.56144,121.59178
117.26803,30.33618,26.76952
129.00566,33.80843,34.8163
30.27203,44.54992,43.36724
36.91897,53.14856,48.20352
49.01632,55.30512,59.20038
51.0005,62.33223,63.1033
57.84658,70.558,69.86473
65.68509,77.35067,77.15023
77.01428,84.04599,84.72929
80.22272,94.98276,91.06054
86.51761,99.65795,98.56159
99.029,105.98234,105.46258
105.04047,112.90861,117.29055
108.89301,120.64464,120.89439
115.29017,32.13154,131.1494
123.26337,35.98217,32.16365
129.79244,39.38625,39.20675
35.35295,46.83749,46.587
45.60353,53.62567,53.62048
49.49418,63.30887,67.45822
56.361,69.29898,71.86856
66.25898,75.55483,76.53368
70.67382,82.81591,87.46151
78.75591,89.51383,89.82497
84.9033,103.19547,101.76069
93.28568,113.19812,104.10729
99.7952,111.78795,111.16068
107.43206,123.20572,118.3771
118.48555,127.73078,23.68365
125.15135,31.74578,31.55636
128.3725,37.53895,37.99097
33.10265,44.89495,44.75837
41.01568,52.16878,51.97513
51.40057,59.07246,59.23236
55.07623,67.9295,70.63376
63.19642,73.61489,73.88036
69.16253,80.81718,80.89637
76.20776,89.06424,89.49033
83.34447,95.84358,96.65555
91.7814,104.52043,102.27582
98.28443,109.72992,110.35211
106.12655,121.3846,118.44727
113.50154,124.1086,127.84358
127.93214,28.90602,29.50029
29.10627,35.93924,36.15305
32.2824,43.96312,43.9033
38.61957,50.57167,51.15271
49.4876,57.88471,61.84493
52.95147,64.96236,65.10987
60.40846,76.5345,72.1988
67.41876,79.50025,80.70792
77.85126,87.7789,86.9089
86.01038,94.62593,95.12254
89.04152,105.67038,101.64247
97.05308,109.98001,109.1543
103.80104,115.31255,115.00989
110.6779,21.33693,127.55026
121.93975,29.01824,27.2373
124.9894,34.59112,34.56798
33.7641,42.54681,41.56178
43.72848,48.89914,48.81108
45.55928,57.94726,57.62709
52.13858,64.21599,65.28422
58.67702,72.79637,16.61207
66.03094,80.45277,81.63125
73.01556,85.71343,84.92884
80.78031,92.93138,92.5823
89.24141,99.7734,100.06088
94.47408,209.11143,106.55952
103.74215,120.21142,114.19222
109.97906,121.05096,121.43109
116.28379,128.19698,25.58583
129.17389,135.37163,37.59187
28.26578,40.12352,40.13269
37.3904,47.93597,48.08012
44.02301,55.85959,54.58112
50.08389,64.10755,62.37508
57.0798,68.98573,69.14146
64.64749,76.34517,77.4244
71.60556,83.61248,83.40846
82.70056,94.94977,91.12452
87.03867,99.51532,98.89553
93.55163,105.1188,104.9523
100.37328,113.64844,115.22595
107.523,119.9335,123.44697
114.67653,127.15937,126.58508
125.91529,31.29448,32.63865
133.07481,43.34901,38.54289
136.62396,47.07061,45.82256
41.69908,56.60245,56.68882
48.64617,60.55604,60.31272
55.50707,67.87997,67.26617
62.7723,75.2143,74.9831
74.00593,82.88716,82.19615
77.24623,89.64004,88.8698
89.22723,96.88484,96.63937
92.29992,104.09609,107.18593
99.48346,111.00988,114.41615
105.91508,117.81308,119.0624
113.30599,23.91855,124.81011
122.12252,29.7287,30.14044
131.40641,43.38237,38.24238
33.35269,44.73199,43.90833
40.24132,51.97019,51.81936
47.49057,63.39002,60.11122
54.18045,65.91271,67.0603
61.99249,72.91819,77.68727
68.95548,80.26845,80.78654
75.39818,91.3512,87.45405
82.75664,95.66022,94.33264
90.54674,101.72288,101.56395
96.94743,113.10704,109.1071
110.12036,116.74232,118.96311
111.65651,123.53028,127.41722
118.49631,134.64379,32.12071
127.2904,39.35598,35.20441
30.8985,42.90002,43.18054
38.04798,52.88709,50.14602
45.10505,60.80016,56.98988
52.32948,64.40076,63.9061
60.88453,71.21936,71.28197
66.93308,78.41235,82.12014
79.29193,89.84507,87.40279
82.6853,93.43431,94.33848
89.77705,100.33314,104.44848
99.09488,107.31795,111.18644
103.30894,114.50275,114.87061
109.89575,123.29938,125.45167
117.02211,129.1293,129.09897
125.43571,33.71522,33.76809
33.18064,40.92346,42.31384
38.13042,48.24064,51.83953
44.12774,56.94652,55.76715
51.2116,63.22603,68.41359
58.09473,69.81548,70.52509
65.8193,76.93147,76.78815
72.3179,84.07574,84.45956
79.5161,91.4943,91.32165
86.72557,99.94098,99.35641
93.95368,105.62337,109.6041
102.11023,112.94333,113.777
111.28515,121.34312,124.2901
115.61432,25.00935,24.72254
127.08952,32.82147,32.19225
28.88997,39.30842,39.23865
35.04486,46.63275,46.8278
42.60013,54.35674,53.75877
49.6321,61.78673,63.22738
58.03688,73.49724,68.55554
64.86216,76.74091,77.17814
71.84194,86.31645,82.54322
78.05069,89.78651,89.85463
85.18901,97.11259,96.90269
92.70814,104.8329,104.76974
99.58966,111.52529,111.33989
108.09405,123.51427,119.20524
115.05407,125.97187,125.81608
122.60527,133.63677,30.90035
25.90594,37.83457,38.60257
34.15563,46.82213,44.76317
43.22611,52.29549,9.03243
47.52338,60.71318,61.16493
55.42861,67.21629,66.5476
63.6459,73.79062,74.01305
69.22415,81.64051,82.3703
76.38639,92.29995,88.105
85.36832,95.65751,95.56264
90.74062,102.67532,102.67731
99.25046,110.20438,111.64128
105.21444,117.70249,117.09118
112.76837,124.23364,125.48001
120.05766,131.45382,28.98594
127.60082,36.25084,36.81635
32.35103,43.49187,43.56292
40.74729,50.90135,50.95399
46.44456,58.81058,57.65864
57.38654,66.28515,66.60956
60.58667,73.17074,76.06273
67.80392,79.78951,79.35998
74.72822,90.41899,86.60338
81.96572,93.93534,94.97852
90.23856,101.66121,101.17505
96.18544,108.27202,117.88029
103.64399,116.36639,116.02071
111.46428,122.84159,122.60546
118.04459,129.75145,27.60035
125.56041,35.62224,36.05231
29.93509,42.52837,42.405
37.14557,50.20017,49.11103
47.9933,56.75993,56.25426
51.79266,63.83751,63.30101
60.49454,71.01907,70.61977
67.01506,78.00578,77.72075
73.72082,84.98665,85.75365
81.7916,96.38424,92.42509
88.05128,99.4679,105.7494
94.83296,106.64122,108.05899
102.23527,113.89158,108.17448
109.24839,121.15791,121.15222
121.18871,130.78391,29.67769
123.62755,34.37676,34.37497
28.55665,40.47753,40.86334
35.97236,47.88361,49.32217
42.98074,55.90502,55.20582
55.94219,61.75285,62.49765
60.79936,73.13503,69.42403
68.57653,76.81208,76.28498
73.06348,83.34897,83.36979
80.34993,90.56482,92.00051
86.06231,98.22292,97.94705
99.50258,109.10812,105.38658
101.38703,112.49451,112.23733
111.69406,119.48571,120.60457
114.8079,24.26625,126.73744
19.64876,32.2679,31.43471
26.9977,39.98651,38.76794
34.246,48.30252,45.79437
41.87599,52.99417,57.01422
52.6208,62.23429,60.70375
55.67538,76.05702,73.79593
63.50504,75.15333,74.79222
70.07877,81.80907,81.77512
77.97647,90.8121,89.76141
85.05257,96.71009,96.2365
95.66387,103.38622,103.34345
98.85574,111.36121,110.63083
106.00474,118.29762,117.74808
113.46793,125.18913,126.60999
121.97715,134.17309,30.10834
128.39574,37.14062,37.0037
33.11681,44.37385,45.52432
41.62965,55.60668,51.60848
46.87732,63.70315,59.39689
55.45659,69.93215,67.08838
61.37054,73.27932,78.01054
69.31507,84.42863,79.94923
76.67969,87.2375,87.60871
82.88488,96.15207,95.44789
90.07559,102.27447,102.76724
98.19252,110.33314,109.73948
104.58148,116.34306,117.17702
112.34183,124.05294,135.77856
118.96377,28.36545,28.2877
126.0414,35.64867,35.40568
30.9709,42.77322,43.39276
38.43096,49.84649,51.03412
53.47778,57.01318,58.08335
52.4629,64.85965,70.14313
59.58849,73.02766,77.6269
66.93031,78.74555,78.84768
74.53185,86.14853,87.72781
81.13242,94.40249,98.05278
89.42248,101.1664,101.79635
95.59396,108.02897,109.19447
102.9592,115.54461,114.73079
110.06415,126.01752,121.99145
121.54195,129.04642,130.61402
22.25183,34.72885,34.24316
29.35904,41.14226,41.15505
36.62795,48.49267,48.7668
43.55906,56.98384,56.10965
51.12778,63.10285,62.53579
59.71587,69.92645,73.995
65.96382,77.11645,77.35641
72.94655,84.86959,89.45574
79.68155,91.54269,92.03752
87.13232,104.51091,98.66784
95.05589,106.0356,108.32593
101.30554,114.42546,113.04221
116.95326,122.55343,121.14499
117.37668,26.03318,25.78572
123.24883,32.54398,32.31717
29.70121,39.46104,39.74059
35.82973,46.78794,46.70899
42.59357,53.97762,61.35267
54.41553,61.055,60.91808
56.86529,69.20234,68.25007
64.03919,76.58525,75.62225
71.74348,82.98797,84.96343
79.04264,91.31792,90.09572
85.47088,97.21871,97.25374
92.56405,108.25766,104.21683
100.43017,111.4735,114.06436
107.35918,119.67619,120.05288
114.20445,126.06067,125.82652
20.40483,30.76465,30.87263
28.01333,42.76746,37.86533
37.46128,45.31296,45.45628
43.89509,53.66063,53.47559
49.421,59.38233,59.55135
55.09577,66.68807,66.92176
68.25444,73.9479,73.82692
70.57075,81.92857,81.48151
78.04444,92.19764,88.33716
84.14863,99.70391,96.0211
92.72445,102.90611,103.01757
99.70306,110.69651,110.11817
109.13836,118.12621,117.77167
112.46182,124.41379,128.09626
119.95584,29.59882,29.08356
127.69246,37.54148,36.31992
33.63434,44.13367,43.51203
38.96278,50.89375,50.62984
46.7874,59.36069,58.32162
53.50585,65.30602,65.11846
64.50687,73.17752,73.00407
69.5893,80.25531,82.18128
75.60649,86.66637,86.93132
82.593,94.79578,93.82437
93.39888,101.15491,105.11975
96.71206,109.26768,109.13873
103.8388,119.67981,115.49035
136.69094,122.9325,124.571
118.18217,28.16275,38.2106
125.33206,34.99486,34.92323
42.46568,41.97654,42.35836
39.21501,49.33421,49.14225
44.67531,56.55586,56.95538
53.10842,63.91228,66.59322
58.92316,70.86902,70.8107
67.42465,78.04178,77.92849
75.86712,85.1126,85.567
81.23086,92.45704,97.17728
88.14614,100.14808,103.21802
99.76791,108.08071,106.79963
106.40889,113.95702,117.9284
110.70291,122.47158,121.89089
117.9141,26.05295,128.66381
126.0475,35.94936,38.25262
28.67583,40.47993,41.47915
35.72034,53.94091,47.89889
43.00683,55.62933,55.13959
50.04503,63.41417,61.93752
59.17704,69.9994,69.1525
66.7837,77.9075,76.23263
71.81528,86.07151,87.35928
80.74302,90.83967,90.90222
86.13993,98.0114,97.9843
94.06661,106.06667,105.60971
106.50719,113.8797,120.41678
108.14798,119.6374,119.72843
115.59122,25.74682,126.8987
122.27048,31.59851,34.57954
130.61976,42.72974,39.33131
39.08847,46.1167,45.9698
45.91496,53.65887,58.29202
52.78345,60.89712,60.41147
56.08289,67.681,70.14306
63.50693,74.95964,74.65184
71.55899,82.67949,84.3599
77.31147,90.51114,92.36866
87.27097,96.49949,97.1893
92.01264,104.58804,106.68798
99.94815,111.53161,111.63541
106.55976,118.81264,118.71491
113.43352,23.76381,22.85252
120.74902,29.91816,31.70256
128.34696,37.3004,37.9577
33.0112,44.42018,44.77795
41.09109,51.96619,51.36788
48.56229,59.56625,13.34311
54.86107,68.27439,66.36112
61.80087,77.14481,73.07707
68.65295,81.1908,82.17702
75.78596,55.60031,87.48767
82.97713,94.91434,94.77936
94.23737,102.6632,102.51212
97.45954,114.03117,110.05517
105.85413,117.28734,116.47458
112.16513,127.57172,128.35424
119.11405,30.05214,32.36917
130.06238,36.21462,37.63335
31.14796,43.04153,44.18232
44.24358,50.00928,50.07677
46.0385,57.81853,57.42621
52.53493,65.18876,65.50397
60.28453,71.68189,71.90532
67.0537,79.01405,78.82034
79.89525,86.80617,86.97302
81.6156,94.82273,93.99075
90.22779,100.52116,100.837
97.93958,111.54675,107.98658
103.45575,115.02798,116.1445
114.66836,122.00165,122.63524
117.45509,28.06327,28.36668
22.71977,34.00843,37.51359
29.40921,42.97995,41.65582
40.77589,51.69383,48.40083
44.20364,57.29357,55.88238
51.64926,65.09248,62.55408
62.38123,69.99528,70.21414
65.88046,77.24094,80.79507
74.42743,85.76054,85.13927
79.82714,91.7695,91.56429
87.22617,98.985,99.6427
98.2236,106.31526,113.35443
102.84245,113.20691,115.40449
109.17762,124.45073,124.5271
116.58154,26.80254,26.83355
127.95712,32.58317,34.43613
28.78452,44.80883,39.69955
36.96621,47.33252,51.0577
44.58552,54.82176,54.85155
53.2124,61.75848,61.86665
56.70364,74.12246,69.38734
63.88049,76.03347,77.34426
71.43649,85.35411,84.25674
79.13267,90.79973,90.14629
85.2466,97.28044,101.39446
93.50608,104.51524,104.79242
99.93193,111.78676,112.04507
110.12224,124.13855,119.03433
114.2732,126.1107,126.64962
122.36153,31.55323,32.31524
26.62318,38.84743,38.02205
34.73112,54.1488,46.08768
42.0611,57.73899,52.52343
48.64176,60.66957,60.52658
59.9898,66.92549,68.5883
63.1189,75.03449,75.64418
70.71941,81.9939,81.19145
76.73231,88.60347,89.33532
85.53166,95.83926,95.87429
91.72348,103.16056,103.09361
98.27013,110.1972,110.07855
106.61841,118.79524,117.3707
112.90107,22.78647,126.05418
120.75273,30.71998,33.38876
127.1816,36.30628,36.60783
32.1012,44.41206,45.77613
39.15394,50.91757,56.78242
48.25011,58.15915,59.43086
56.3702,65.38501,65.79814
61.90091,73.49888,72.71689
67.89173,79.83045,79.7822
76.17576,87.70308,87.64785
86.10532,94.13281,94.08227
89.55225,101.52699,102.23933
98.07874,108.71614,108.47445
104.13335,115.70802,120.06854
111.15736,123.01098,125.70578
118.36564,31.62763,129.94064
24.16591,35.61074,34.72831
31.29281,42.03658,42.52402
37.5257,54.21874,49.48696
44.85993,57.95716,56.59195
53.28041,65.44465,68.5515
63.18626,71.27726,71.23868
66.25811,79.5051,78.08956
74.26406,87.24892,85.14082
81.2431,93.41508,93.2371
88.28453,100.76221,99.89357
100.07304,111.42952,106.94183
102.88412,115.74263,118.01339
109.56531,121.39191,122.69616
119.92894,26.18991,128.39835
23.07679,35.48641,33.86997
135.04744,44.94768,40.54964
40.37096,47.87747,59.83218
44.74563,55.85421,54.69043
60.23014,62.0875,62.57067
57.54449,74.27223,69.3192
64.66976,77.37607,76.83084
72.50246,87.03344,88.59106
79.15043,91.02195,90.95304
90.20874,98.10995,99.47433
94.32514,106.06243,105.37288
100.82191,112.65613,112.49704
111.27907,121.13095,121.25392
120.11086,24.46334,126.95412
122.39828,31.73902,31.7265
130.11251,43.21939,40.12097
40.11644,47.71662,48.01961
41.56393,58.95106,53.3158
49.53706,60.60744,64.58449
55.76207,67.86734,68.6464
63.75412,81.33257,75.73171
73.99372,83.11062,82.33569
79.8477,90.77957,89.71547
84.90757,96.64449,97.07515
92.4983,107.71224,103.96104
99.72912,113.52563,112.52401
