115200-DMA,115200-IRQ,115200-POLL,230400-DMA,230400-IRQ,230400-POLL,460800-DMA,460800-IRQ,460800-POLL,921600-DMA,921600-IRQ,921600-POLL,1843200-DMA,1843200-IRQ,1843200-POLL
7228,7448,9808,52584,6484,5824,31502,4072,5062,14961,3131,3161,14885.5,4915.5,4695.5
94728,8028,10618,51954,7134,6324,28742,4852,5822,7151,3571,3441,13615.5,5305.5,5005.5
94098,8818,2518,51314,3524,7164,28062,5502,4302,18371,2771,2681,12095.5,4985.5,4785.5
93538,9418,3338,11184,4174,3544,9652,4012,4872,16361,3201,3231,11095.5,4805.5,5025.5
10018,10138,4148,50934,4944,4074,29892,4662,5632,15481,3511,2471,14515.5,5145.5,4815.5
97488,10858,4698,50314,5604,4904,29342,5442,4112,6561,2841,2761,13865.5,5005.5,4625.5
96858,2928,5508,49784,6254,5414,28692,6092,4942,17671,3281,3071,12315.5,5325.5,4915.5
96218,3618,6058,9654,7024,6244,8012,4622,5442,16761,3591,2341,10805.5,5035.5,4675.5
12798,4318,6868,53794,7674,6814,30502,5262,3952,14751,2921,2861,14735.5,5385.5,5225.5
100288,4998,7418,53144,4074,7584,29852,5922,4712,6941,3361,3161,13575.5,5105.5,4995.5
99668,5688,8208,52514,4734,3964,27062,4452,5552,18191,2671,2641,12045.5,4925.5,4755.5
99008,6378,8748,8114,5374,4544,8672,5092,4022,16181,2991,2951,11025.5,5315.5,5045.5
6878,7078,9558,52234,6144,5304,31062,5762,4792,15251,3431,3221,14465.5,5045.5,4805.5
94358,7768,10368,51594,6804,6124,28282,4312,5362,7461,2741,2481,13815.5,4915.5,5095.5
93708,8358,10918,50944,7454,6704,27752,4982,3842,17571,3071,3001,12305.5,5225.5,4855.5
93168,9158,3088,10804,3854,7464,9202,5652,4342,16651,3501,3321,10765.5,4925.5,4625.5
9628,9738,3638,54924,4514,3844,29562,4202,5182,15741,2821,2791,14685.5,5285.5,4905.5
97128,10468,4448,50034,5274,4424,28922,4852,3652,6811,3151,3131,13425.5,5105.5,4935.5
96498,11178,4998,49394,5924,5184,28262,5632,4422,18051,3581,2371,12545.5,5405.5,5215.5
95888,3248,5808,9234,6574,5754,9882,4162,5012,16051,2891,2661,10995.5,5135.5,4975.5
12488,3938,6388,53354,7344,6594,30122,4812,5772,15041,3211,3201,14405.5,4985.5,4735.5
99888,4638,7198,52714,3634,7354,29482,5492,4252,7261,3651,3491,13645.5,5315.5,5025.5
99258,5328,7748,52184,4394,3484,28952,4032,4822,17381,2971,2731,12125.5,5055.5,4785.5
98618,6008,8558,7714,5054,4314,8292,4712,5582,16471,3281,3281,11235.5,4905.5,4555.5
15188,6708,9098,51804,5714,5084,30772,5382,4062,15471,2581,2511,14535.5,5255.5,4845.5
93948,7398,9908,51174,6474,5414,30122,3932,4902,6661,3031,2801,13375.5,4985.5,4605.5
93338,8018,10458,50554,7134,6184,27362,4572,5662,17881,3381,3351,12385.5,5355.5,4915.5
92798,8718,11268,10514,7774,6744,8932,5352,4142,16891,2691,2591,10845.5,5105.5,4705.5
9278,9378,3178,54634,4174,3124,31302,5992,4712,14851,3111,2871,14275.5,4945.5,4485.5
96788,10088,3988,49364,4834,3894,28522,4522,5482,7061,3441,3421,13645.5,5145.5,4995.5
96128,10788,4798,48724,5594,4464,27992,5172,3952,18161,2741,2661,12145.5,4975.5,4775.5
95478,11498,5328,8594,6254,5294,9452,5952,4792,16261,3051,2951,11125.5,5305.5,4565.5
12078,3578,6138,52704,6904,6064,29712,4472,5292,15241,3471,3241,14545.5,5165.5,4805.5
99568,4268,6688,52174,7674,6634,29082,5122,3772,7451,2781,2741,13875.5,4885.5,4595.5
98928,4958,7498,51544,3954,7204,28542,5772,4592,17551,3221,3031,12345.5,5205.5,4905.5
98278,5648,8048,11364,4714,3784,7892,4302,5362,16661,3551,3321,10735.5,5065.5,4615.5
14878,6348,8858,51224,5374,4374,30382,5072,3842,15761,2861,2821,14675.5,4805.5,5185.5
93648,7038,9408,50584,6034,5144,29712,5722,4412,6861,3271,3101,13515.5,5165.5,4735.5
93028,7718,10228,49914,6834,5714,28922,4242,5172,18091,3601,2371,12005.5,4885.5,5285.5
92408,8418,11028,9794,7484,6554,8372,4892,5752,16041,2931,2681,11015.5,5215.5,5045.5
8878,9008,2928,53904,3774,7054,30762,5672,4512,15151,3361,3241,14435.5,5045.5,4815.5
96388,9798,3748,53374,4534,3424,30232,4202,5062,7341,3681,2431,13785.5,5375.5,5095.5
95758,10388,4338,48374,5184,4264,27432,4852,5872,17451,3011,2751,12265.5,5205.5,4865.5
95108,11118,4888,8234,5844,4764,9032,5492,4332,16531,3441,3321,10715.5,4935.5,4625.5
11698,3218,5698,52364,6604,5604,31392,4012,4882,15611,2651,2511,14645.5,5295.5,4915.5
99178,3898,6518,51744,7264,6174,28602,4792,5692,6701,2961,2821,13405.5,5025.5,4675.5
98528,4588,7068,51204,7924,6944,27962,5442,4142,17931,3401,3401,12485.5,5395.5,4445.5
97878,5208,7878,11044,4314,3324,9562,3972,4952,16911,2701,2591,10875.5,5125.5,4995.5
14468,5908,8428,55174,4974,3894,29802,4612,5492,14901,3031,2901,14285.5,4985.5,4755.5
101958,6598,9238,50254,5734,4654,29172,5402,4212,7091,3471,3491,13615.5,5325.5,5045.5
92588,7328,9788,49624,6384,5494,28632,6052,4762,18321,2781,2731,12115.5,5045.5,4805.5
92038,8028,10598,9464,6804,6064,7972,4602,5592,16301,3111,3021,11185.5,5375.5,5085.5
8528,8738,2518,53574,7474,6834,30462,5282,4072,15301,3551,2261,14505.5,5215.5,4845.5
96048,9328,3358,52934,3904,7404,29802,5952,4602,7521,2861,2811,13365.5,4915.5,4615.5
95418,10118,3928,52404,4564,3784,27032,4472,5172,17631,3191,3101,12315.5,5255.5,4895.5
94798,10718,4698,7894,5254,4544,8612,5142,3862,16701,3611,3391,10805.5,5115.5,4665.5
11278,11448,5268,52014,5934,5114,31092,5842,4442,14681,2931,2881,14745.5,5445.5,5215.5
98768,3538,6098,51454,6604,5974,28212,4362,5222,6911,3261,3171,13585.5,5165.5,4975.5
98158,4128,6608,50824,7284,6524,27662,5012,3702,18151,3691,2401,12065.5,4995.5,4765.5
97508,4848,7438,10664,3714,7334,9262,5662,4492,16121,3001,2961,11025.5,5305.5,5075.5
14088,5538,8018,54764,4404,3694,31622,4192,5062,15191,3341,3241,14485.5,5055.5,4815.5
101568,6258,8778,49894,5064,4244,28832,4842,5862,7411,2631,2481,13835.5,4895.5,5125.5
100918,6978,9608,49244,5724,5054,28212,5512,4332,17521,3081,3031,12285.5,5235.5,4865.5
91658,7688,10208,9094,6414,5604,9792,4052,5102,16611,3411,3321,10765.5,4965.5,4655.5
7648,8378,10748,53204,7214,6414,30032,4732,5682,15611,2701,2561,14695.5,5335.5,4915.5
95148,9068,2918,52664,3504,7224,29412,5402,4112,6701,3151,3111,13445.5,5075.5,4705.5
94498,9658,3468,52024,4174,3584,28862,3952,4942,17941,3491,3391,12445.5,4935.5,5225.5
93848,10448,4278,7484,4844,4134,8222,4592,5472,17071,2801,2631,10915.5,5175.5,5005.5
10458,11038,5088,51704,5544,4974,30702,5372,4212,15031,3101,3181,14325.5,5015.5,4745.5
97818,3148,5638,51094,6344,5534,30032,3902,4742,7261,3571,3471,13685.5,5255.5,5085.5
97288,3858,6458,50444,7034,6324,27152,4552,5572,17351,2881,2741,12135.5,5105.5,4845.5
96688,4548,6998,10284,7684,6894,8732,5182,4002,16341,3181,3051,11245.5,4945.5,4605.5
13178,5248,7818,54404,3974,7684,31092,5972,4602,15431,3641,2301,14545.5,5265.5,4895.5
100658,5938,8368,53864,4674,4064,28322,4492,5412,6631,2951,2801,13405.5,4985.5,4665.5
100028,6628,9198,48844,5464,4594,27682,5142,3862,17741,3251,3111,12385.5,5315.5,4945.5
90748,7308,9768,8674,6114,5434,9272,5792,4682,16731,3711,2381,10845.5,5045.5,4715.5
7238,8008,10558,52914,6804,5954,29522,4312,5232,14821,3021,2881,14765.5,4885.5,4475.5
94718,8698,11138,52184,7464,6794,28992,5102,3932,6931,3331,3191,13595.5,5225.5,5025.5
94088,9388,3268,51324,3864,7324,28352,5752,4482,18171,2661,2451,12055.5,5045.5,4785.5
93448,10008,3848,11284,4524,3694,7672,4262,5292,16131,3101,2961,11145.5,5405.5,5085.5
10048,10678,4628,51024,5174,4484,30162,4912,3752,15241,3411,3271,14445.5,5125.5,4835.5
97528,11388,5208,50394,5874,5064,29522,5692,4562,7441,2741,2551,13795.5,4855.5,4605.5
96898,3478,5988,49794,6664,5834,28882,4222,5112,17521,3171,3101,12295.5,5305.5,4895.5
96248,4178,6568,9614,7314,6674,8352,4872,3592,16651,3471,3391,10765.5,5045.5,4655.5
12848,4878,7378,53744,3624,7194,30722,5562,4422,15641,2811,2631,14715.5,4785.5,4405.5
100208,5568,8168,53134,4294,3584,30192,4102,4992,6871,3251,3181,13565.5,5155.5,4955.5
99688,6258,8738,48204,4994,4374,27312,4782,5762,17971,3561,2421,12535.5,4865.5,4725.5
99058,6948,9528,8074,5794,4944,8892,5442,4242,15951,2881,2701,11035.5,5245.5,5005.5
6898,7648,10098,52214,6444,5734,31392,3992,5072,15061,3191,3251,14445.5,5105.5,4775.5
94388,8328,10888,51604,7134,6324,28532,4632,5572,7271,3641,2491,13775.5,5325.5,5065.5
93758,8918,2818,50994,7784,7144,28002,5422,4052,18401,2961,2771,12245.5,5175.5,4845.5
93098,9638,3598,10814,4184,3504,9482,6072,4892,16391,3261,3331,11235.5,4905.5,4635.5
9698,10338,4168,54944,4844,4044,29832,4592,5642,15491,3701,2561,14645.5,5255.5,4945.5
97068,10998,4958,50074,5494,4864,29152,5242,4122,6581,3031,2851,13385.5,5095.5,4665.5
96548,11718,5528,49404,6194,5144,28512,6022,4692,17821,3331,3401,12485.5,5435.5,4975.5
95908,3808,6348,9274,6994,5964,7962,4552,5192,16891,2661,2641,10975.5,5155.5,4765.5
12378,4508,7128,53404,7644,6764,30452,5192,3932,14871,3111,2931,14275.5,4995.5,4735.5
99878,4578,7708,52844,3954,7314,29802,5832,4512,7061,3411,3211,13625.5,5345.5,5055.5
99258,5308,8498,52234,4624,3674,27022,4362,5272,18171,2741,2721,12105.5,5055.5,4835.5
98598,6018,9068,7684,5314,4484,8622,5142,3752,16191,3181,3001,11175.5,4895.5,4555.5
15208,6728,9858,51804,6114,5054,30982,5792,4322,15281,3481,3291,14485.5,5225.5,4855.5
93978,7418,10428,51294,6774,5894,28192,4342,5092,7501,2801,2791,13335.5,4955.5,4665.5
93348,8008,11218,50664,7454,6464,27432,4992,5922,17621,3251,3101,12325.5,5325.5,4955.5
92728,8708,3148,10514,3744,7224,9002,5632,4402,16701,3561,2361,10815.5,5065.5,4715.5
9328,9408,3928,54624,4444,3614,31492,4152,4932,15691,2881,2621,14735.5,4905.5,5005.5
96698,10118,4498,49714,5234,4184,28622,4932,3672,6881,3331,3191,13575.5,5155.5,4765.5
96088,10808,5308,49094,5884,4944,28102,5582,4162,18091,3641,2411,12055.5,5005.5,4795.5
95558,2898,5838,8924,6574,5524,9572,4112,4992,16081,2961,2721,11025.5,5355.5,5085.5
12028,3598,6668,53034,7244,6354,29922,4782,5572,15181,3291,3251,14475.5,5085.5,4845.5
99508,4188,7458,52424,3634,6854,29242,5472,4242,7301,2591,2511,13845.5,4815.5,4605.5
98878,4878,8038,51884,4294,3234,28612,3992,4812,17411,3031,2771,12305.5,5185.5,4895.5
98228,5588,8818,11714,4944,4064,8092,4642,5642,16501,3351,3351,10695.5,5045.5,4665.5
14828,6288,9398,51444,5644,4834,30452,5422,4052,15631,2771,2561,14625.5,5275.5,4945.5
93568,6988,10178,50914,6434,5404,29822,6062,4882,6711,3111,2901,13475.5,5125.5,4715.5
92948,7708,10758,50304,7084,5974,27042,4592,5462,17811,3431,3451,12455.5,4855.5,5265.5
92398,8428,2898,10124,7774,6744,8662,5242,3892,16901,2751,2691,10935.5,5215.5,5025.5
8898,9128,2978,54234,4074,7574,31142,5892,4722,14891,3171,2971,14385.5,5055.5,4775.5
96398,9818,3788,53634,4764,3964,28342,4422,5492,7111,3591,2211,13745.5,5385.5,5065.5
95748,10518,4328,48734,5564,4464,27702,5072,3972,18221,2901,2751,12195.5,5105.5,4835.5
95118,11098,5138,8584,6224,5294,9292,5742,4542,16311,3201,3041,10665.5,4935.5,4595.5
11708,3178,5688,52684,6904,5874,29542,4312,5302,15311,3651,2281,14605.5,5255.5,4885.5
99098,3888,6498,52054,7574,6654,28892,4952,3772,7511,2971,2831,13345.5,4985.5,4645.5
98478,4598,7048,51424,3954,7234,28242,5602,4612,17611,3281,3121,12465.5,5345.5,4955.5
97948,5298,7858,11364,4614,3544,9862,4122,5112,16731,3591,2361,10915.5,5155.5,4745.5
14428,5998,8408,51114,5274,4364,30092,4902,3592,14721,2911,2911,14215.5,4875.5,4535.5
101938,6588,9228,50494,5834,4944,29542,5562,4432,6941,3331,3191,13565.5,5225.5,5035.5
92648,7268,9768,49864,6484,5704,28912,4082,5192,18171,2621,2431,12045.5,5065.5,4825.5
92028,7988,10608,9474,7144,6544,8232,4732,3662,16121,2941,2981,11165.5,4795.5,5135.5
8508,8688,2518,53584,3544,7114,30752,5512,4242,15211,3361,3271,14455.5,5155.5,4845.5
95998,9388,3328,53044,4194,3424,30092,4032,5002,7401,2671,2511,13325.5,4895.5,4635.5
95368,10118,3878,52414,4844,4264,27312,4682,3482,17521,3111,3061,12335.5,5265.5,4945.5
94818,10838,4678,7994,5614,4834,8912,5322,4312,16511,3441,3351,10805.5,4975.5,4665.5
11278,2798,5488,52104,6264,5624,31272,3852,4812,15611,2751,2591,14735.5,5345.5,4965.5
98788,3488,6038,51464,6934,6194,28492,4632,5652,6701,3181,3131,13475.5,5205.5,4785.5
98148,4208,6848,50824,7724,6964,27852,5282,4132,17951,3511,2401,12065.5,4925.5,4535.5
97008,4918,7398,10674,4014,3344,9422,5932,4892,17041,2811,2701,11055.5,5265.5,4825.5
13498,5628,8218,54784,4674,3914,29752,4452,5492,15021,3251,3011,14355.5,4985.5,4855.5
100978,6318,8758,49874,5424,4684,29142,5232,3892,7091,3581,2471,13695.5,5355.5,5135.5
100318,6908,9618,49264,6084,5244,28482,5892,4722,17221,2891,2781,12205.5,5205.5,4905.5
91038,7608,10168,9094,6734,6084,7952,4402,5292,16321,3331,3091,10665.5,4925.5,4665.5
7658,8318,10978,53304,7504,6844,30172,5052,3962,15431,2651,2541,14615.5,5275.5,4955.5
95038,9018,2888,52664,3794,7414,29552,5832,4542,6531,2971,2851,13485.5,5105.5,4715.5
94508,9708,3698,52034,4554,3804,28912,4352,5372,17661,3411,3161,12445.5,4825.5,5005.5
93878,10458,4248,7624,5214,4564,8392,5012,3782,16761,2731,2621,10935.5,5145.5,4775.5
10348,11158,5048,51734,5864,5134,30742,5652,4612,14751,3041,2931,14355.5,4975.5,4535.5
97868,3118,5598,51114,6624,5974,30122,4182,5192,6981,3351,3261,13685.5,5345.5,5085.5
97228,3818,6418,50484,7284,6474,27342,4962,3592,18221,2661,2501,12165.5,5055.5,4845.5
96568,4538,6968,10344,3674,7314,8962,5612,4452,16211,3081,3051,11125.5,4885.5,4615.5
13178,5248,7798,54464,4334,3694,31432,4172,5222,15191,3391,3341,14575.5,5205.5,4895.5
100668,5948,8348,49464,4984,4194,28642,4842,5532,7411,2711,2581,13305.5,4925.5,4655.5
100018,6638,9158,48934,5754,5034,28002,5512,4262,17521,3161,2861,12385.5,5295.5,4945.5
99398,7228,9968,8774,6414,5594,9592,4082,4762,16611,3471,2361,10875.5,5025.5,4705.5
7258,7928,10518,52884,7064,6364,29832,4732,5602,15711,2781,2651,14815.5,4885.5,4995.5
94758,8638,2688,52254,3454,6954,29192,5382,4072,6801,3221,2931,13535.5,5235.5,4755.5
94138,9378,3238,51614,4114,3524,28542,6162,4842,17931,3541,3481,12035.5,4975.5,4545.5
93468,10098,4048,11594,4914,4104,8012,4672,5412,17041,2851,2731,11105.5,5325.5,4325.5
10078,10788,4588,51334,5564,4934,30372,5322,3892,15011,3301,3011,14395.5,5155.5,4855.5
97438,11478,5408,50714,6254,5444,29832,5972,4662,7231,3621,2511,13755.5,4865.5,4645.5
96908,3438,5958,50074,6914,6274,27072,4522,5492,18461,2931,2801,12225.5,5195.5,4905.5
96258,4138,6788,10044,7574,6854,8532,5212,3972,16431,3381,3091,10705.5,5035.5,4695.5
12738,4868,7368,54154,3974,7614,31042,5862,4472,15501,2701,2591,14635.5,5375.5,4955.5
100268,5578,8198,53524,4614,3994,28282,4382,5302,6581,3021,2881,13505.5,5095.5,4745.5
99618,6278,8698,48514,5384,4564,27612,5172,3782,17811,3451,3161,12485.5,4915.5,4485.5
98958,6968,9538,8354,6044,5334,9212,5822,4552,16821,2761,2671,10935.5,5285.5,4795.5
6938,7558,10108,52484,6694,5674,31572,4332,5122,14901,3081,2951,14385.5,5005.5,4795.5
94298,8248,10878,51954,7464,6424,28792,4982,3602,7021,3511,3231,13755.5,5355.5,5135.5
93768,8968,2808,51294,3744,7254,28262,5752,4352,18131,2811,2761,12215.5,5075.5,4885.5
93168,9668,3638,11154,4514,3384,9732,4282,5182,16231,3131,3071,11235.5,4935.5,4655.5
9598,10368,4408,51004,5164,4144,30092,4952,5782,15221,3561,2331,14555.5,5265.5,4935.5
97098,11088,4978,50354,5814,4974,29462,5652,4242,7411,2871,2571,13405.5,4985.5,4705.5
96508,3148,5578,49714,6584,5554,28812,4192,5052,17521,3211,3141,12385.5,5335.5,4465.5
95848,3728,6378,9554,7234,6314,8172,4872,5602,16631,3631,3461,10885.5,5175.5,4755.5
12438,4428,6928,53684,3634,6894,30532,5502,4322,14611,2931,2651,14805.5,4915.5,5305.5
99828,5138,7738,53164,4294,3274,29882,4052,4862,6821,3361,3221,13675.5,5265.5,4805.5
99298,5848,8548,52534,4944,4044,27132,4722,5672,18061,3671,3531,12125.5,5005.5,4825.5
98658,6538,9098,7774,5714,4614,8722,5392,4132,16011,2981,2721,11125.5,5345.5,5125.5
15138,7268,9908,51904,6374,5444,31062,6072,4942,15121,3421,3301,14535.5,5175.5,4885.5
94008,7978,10458,51344,7014,6204,28302,4612,5492,7301,2751,2591,13255.5,4915.5,4645.5
93378,8668,2628,50734,7784,6784,27752,5312,3942,17411,3061,2871,12375.5,5265.5,4935.5
92728,9368,3178,10564,4064,7344,9242,5982,4782,16501,3491,3161,10815.5,5105.5,4695.5
9328,9958,4018,54674,4834,3924,29582,4412,5342,15511,2791,2661,14755.5,4845.5,4985.5
96688,10648,4588,49794,5494,4494,28942,5082,3822,6711,3111,2941,13475.5,5125.5,4745.5
96168,11368,5378,49164,6144,5324,28302,5762,4582,17821,3531,2181,11955.5,4915.5,4515.5
95538,3438,5938,9024,6914,5834,7642,4282,5422,16911,2841,2731,11065.5,5255.5,5055.5
11998,4148,6728,53124,7574,6664,30122,4932,3902,14901,3251,3011,14365.5,5095.5,4815.5
99498,4848,7298,52494,3954,7264,29482,5712,4662,7091,3571,2251,13715.5,5445.5,5105.5
98898,5458,8088,51894,4614,3624,28952,4242,5232,18301,2881,2801,12195.5,5165.5,4885.5
98248,6168,8668,7464,5264,4434,8332,4892,3712,16311,3191,3101,10665.5,4935.5,5205.5
14838,6858,9448,51594,6034,4984,30782,5522,4482,15391,3611,3381,14585.5,5285.5,4985.5
102218,7588,10028,50984,6694,5794,30142,4052,5062,7491,2911,2621,13425.5,5005.5,4705.5
92958,8298,10818,50314,7344,6344,27372,4832,5622,17591,3221,3171,12415.5,4885.5,5015.5
92318,9008,2768,10174,3744,7154,8842,5482,4292,16671,3671,2411,10895.5,5165.5,4805.5
8908,9698,3578,54304,4404,3514,31322,4012,4872,15801,2991,2701,14835.5,5005.5,4515.5
96408,10278,4128,53754,4924,4064,28552,4652,5702,6881,3311,3241,13665.5,5325.5,5095.5
95778,10968,4938,48754,5584,4864,27902,5442,4112,18111,2611,2481,12145.5,5105.5,4875.5
95118,3048,5748,8584,6274,5414,9492,3962,4932,16101,3031,2771,11125.5,4825.5,4595.5
11718,3768,6288,52714,6934,6254,29732,4612,5512,15211,3481,3321,14535.5,5195.5,4905.5
99088,4478,7108,52194,7604,6824,29182,5262,3912,7331,2791,2551,13395.5,4945.5,4715.5
98548,5178,7658,51574,4024,7664,28532,6032,4752,17431,3101,2861,12345.5,5295.5,5005.5
97948,5868,8468,11414,4684,3974,7982,4562,5322,16541,3551,2391,10845.5,5135.5,4755.5
14398,6458,9018,51144,5374,4544,30352,5212,4012,15661,2861,2651,14785.5,4885.5,5045.5
101878,7148,9828,50624,6044,5384,29742,5852,4592,6741,3181,2961,13525.5,5235.5,4815.5
92638,7868,10398,49994,6714,6144,29102,4382,5352,17861,3631,3491,12005.5,5065.5,4575.5
91978,8568,11208,9834,7404,6714,8562,5162,3832,16971,2941,2751,11085.5,5315.5,5125.5
8568,9258,3118,53934,3834,7554,30782,5812,4662,14951,3251,3011,14415.5,5155.5,4885.5
95438,9988,3928,53334,4524,3864,30262,4342,5172,7201,3701,2541,13245.5,4865.5,5175.5
94788,10698,4478,48424,5184,4444,27482,4972,3642,18301,3021,2801,12335.5,5215.5,4935.5
94158,11308,5288,8284,5844,5264,8932,5762,4482,16291,3321,3121,10695.5,5065.5,4705.5
10768,3378,5828,52384,6534,5764,31422,4282,5242,15391,3641,2331,14635.5,5315.5,4985.5
98168,4088,6648,51744,7324,6604,28642,4932,3712,7591,2951,2931,13465.5,5165.5,4755.5
97548,4798,7458,51134,3614,7174,27992,5582,4282,17691,3401,3221,12565.5,4905.5,4515.5
97018,5498,8008,11074,4294,3484,9612,4112,5072,16801,2711,2451,11015.5,5265.5,4805.5
13488,6198,8838,55204,4964,4324,29842,4892,3552,14781,3021,2991,14325.5,4995.5,4565.5
100998,6788,9388,50194,5654,4894,29292,5542,4312,7001,3471,3281,13685.5,4745.5,5115.5
100338,7478,10198,49564,6454,5654,28652,4052,4892,18121,2801,2521,12145.5,5105.5,4885.5
91098,8188,10748,9444,7114,6494,7992,4702,3372,16181,3101,3071,10615.5,4935.5,4645.5
7678,8888,2918,53554,7804,7064,30452,5482,4132,15181,3541,3361,14555.5,5285.5,4925.5
95028,9588,3468,53014,4084,3404,29842,4012,4962,7401,2861,2601,13415.5,5025.5,4685.5
94418,10328,4278,52404,4784,4234,27062,4662,5542,17521,3171,3151,12405.5,5415.5,4475.5
93878,10938,4828,7864,5474,4744,8662,5302,4212,16611,3621,2391,10885.5,5165.5,4785.5
10368,2998,5648,51734,6274,5574,31022,6082,4782,15691,2941,2681,14835.5,4985.5,4575.5
97888,3688,6188,51094,6934,6154,28242,4612,5362,6781,3251,3231,13565.5,5235.5,4815.5
97238,4418,7008,50574,7584,6904,27622,5282,4022,18011,3701,2461,12155.5,5085.5,4605.5
96628,5118,7588,10434,3984,7474,9202,5942,4592,17091,3021,2751,11165.5,5425.5,5175.5
13108,5828,8408,54554,4624,3854,31652,4462,5422,15061,3331,3301,14465.5,5145.5,4885.5
100588,6518,8958,49624,5284,4624,28912,5142,3832,7251,2631,2541,13825.5,4985.5,4675.5
99978,7108,9768,48984,5974,5194,28252,5812,4662,17341,3051,2831,12295.5,5325.5,4985.5
90698,7798,10318,8834,6784,6034,9832,4362,5242,16441,3361,3111,10795.5,5035.5,4705.5
7288,8518,11128,52964,7434,6824,30052,5052,3902,15511,2671,2611,14705.5,4895.5,4495.5
94678,9218,3038,52344,3754,7394,29532,5722,4482,6611,2981,2901,13585.5,5195.5,4825.5
94128,9908,3848,51704,4414,3704,28912,4252,5312,17721,3401,3211,12535.5,4935.5,5115.5
93518,10638,4658,11574,5114,4544,8232,4882,5812,16831,2711,2731,11025.5,5275.5,4875.5
9968,11348,5208,51444,5904,5114,30692,5662,4322,14811,3151,3041,14445.5,5105.5,4635.5
97488,3318,6018,50824,6554,5874,30062,4192,5082,7011,3471,2231,13705.5,4835.5,5185.5
96838,4008,6588,50194,7244,6454,27292,4842,5652,18231,2781,2551,12185.5,5165.5,4945.5
96188,4738,7418,10044,3534,7274,8882,5492,4132,16211,3221,3121,10655.5,4995.5,4705.5
12798,5448,7988,54164,4234,3584,31252,4012,4902,15281,3551,2311,14595.5,5335.5,4995.5
100208,6158,8758,53554,5034,4164,28482,4792,5472,7501,2861,2621,13495.5,5055.5,4765.5
99568,6838,9328,48644,5684,5004,27852,5462,4212,17601,3301,3191,12445.5,4885.5,4525.5
98958,7458,10168,8474,6374,5764,9422,4012,4702,16601,3631,3431,10915.5,5225.5,4815.5
6928,8158,10668,52584,7024,6074,29662,4652,5532,14681,2941,2701,14335.5,4935.5,4575.5
94308,8888,2858,51964,7684,6644,29052,5322,4012,6891,3371,3031,13685.5,5265.5,4865.5
93668,9598,3438,51314,4114,7414,28382,6022,4782,18001,2701,2531,12175.5,5115.5,4885.5
93138,10308,4198,11294,4774,3794,7712,4582,5372,17111,3011,2821,11145.5,4815.5,4655.5
9608,10998,4798,51034,5464,4624,30192,5252,3782,15091,3441,3101,14575.5,5175.5,4945.5
97088,11578,5558,50424,6144,5134,29532,5902,4622,7311,2771,2601,13295.5,5015.5,4705.5
96458,3638,6128,49774,6814,5964,28892,4432,5192,17411,3091,2891,12385.5,5385.5,4985.5
95838,4338,6968,9754,7504,6544,8332,5072,3862,16511,3521,3181,10885.5,5095.5,4755.5
12428,5068,7718,53774,3944,7304,30812,5852,4432,15501,2841,2681,14825.5,4945.5,5045.5
99908,5778,8298,53214,4614,3714,30192,4372,5272,6681,3161,2971,13545.5,5255.5,4795.5
99268,6378,9128,52584,5284,4204,27412,5022,3672,17901,3591,3251,12015.5,4975.5,4585.5
98618,7098,9628,8064,5934,5034,8872,5572,4512,16911,2801,2761,11085.5,5325.5,4895.5
15248,7788,10468,52184,6634,5614,31352,4142,5082,14871,3241,3041,14505.5,5155.5,4895.5
94008,8488,11038,51654,7434,6374,28602,4812,5842,7081,3661,3331,13765.5,4875.5,5205.5
93368,9208,3168,50994,3724,7214,27992,5482,4312,18191,2871,2831,12235.5,5225.5,4945.5
92748,9808,3758,10854,4404,3334,9532,4032,4892,16281,3311,3121,10715.5,5065.5,4735.5
9328,10498,4528,54984,5064,4094,29752,4692,5652,15261,2631,3411,14645.5,4785.5,4995.5
96708,11218,5098,50064,5754,4934,29142,5392,4132,7471,2931,2911,13495.5,5165.5,4785.5
96058,3308,5938,49444,6554,5504,28612,3932,4962,17581,3371,3201,12485.5,4885.5,4525.5
95528,3908,6698,9294,7204,6264,7942,4612,5732,16701,2681,2431,10945.5,5205.5,4835.5
12008,4118,7268,53404,7894,6864,30422,5302,4212,15811,3091,2711,14385.5,5045.5,4575.5
99478,4818,7848,52764,4194,7624,29802,5992,4782,6911,3411,3261,13765.5,4765.5,4915.5
98848,5538,8598,52244,4884,4014,27022,4532,5542,18031,2751,2531,12225.5,5115.5,4935.5
98238,6228,9438,7714,5684,4574,8602,5212,4022,16121,3171,2841,11215.5,4975.5,4705.5
14818,6928,10008,51814,6334,5344,30952,5902,4622,15121,3471,3151,14625.5,5305.5,4985.5
102298,7618,10768,51304,7014,5914,28212,4462,5432,7311,2771,2601,13345.5,5045.5,4745.5
92928,8308,11368,50674,7684,6744,27552,5132,3882,17411,3221,2911,12465.5,5395.5,5045.5
92398,8988,3488,10514,3814,7514,9142,5802,4702,16521,3541,2181,10915.5,5135.5,4795.5
8868,9688,4068,54634,4474,3894,31622,4352,5242,15631,2851,2681,14845.5,4985.5,4555.5
96378,10378,4898,49374,5124,4464,28862,5022,3952,6721,3301,2991,13595.5,5305.5,4845.5
95718,11068,5408,48844,5894,5234,28222,5722,4502,17851,3611,3301,12055.5,5035.5,4605.5
95098,3028,6238,8714,6544,5804,9802,4262,5312,16961,2911,2761,11155.5,4865.5,5165.5
11668,3758,6808,52824,7204,6644,30022,4932,5862,14951,3241,3071,14455.5,5215.5,4925.5
99168,4468,7578,52174,3594,7144,29372,5622,4322,7181,3671,2351,13325.5,4925.5,5205.5
98528,5138,7628,51564,4244,3524,28832,4182,5132,18411,2991,2891,12305.5,5265.5,4975.5
97878,5858,8448,11504,5014,4364,8192,4862,5702,16271,3321,3181,10775.5,5105.5,4735.5
13858,6548,9238,51274,5674,4854,30562,5532,4182,15381,2631,2421,14735.5,5425.5,5025.5
101358,7248,9808,50644,6324,5694,30042,4072,4972,6491,3061,2971,13475.5,5165.5,4785.5
92078,7938,10578,49994,7094,6264,27162,4752,5542,17701,3391,3261,12565.5,4995.5,4555.5
91458,8628,2508,9854,7744,7024,8612,5442,4232,16781,2681,2501,11075.5,5345.5,4835.5
8038,9328,3338,53984,4134,3414,31092,3982,4802,14771,3131,3051,14375.5,5065.5,4865.5
95388,10018,3848,53344,4794,4004,28332,4662,5592,6951,3471,3331,13725.5,5385.5,4625.5
94778,10618,4678,48454,5444,4814,27692,5342,4062,18181,2781,2571,12195.5,5235.5,4935.5
94238,2718,5258,8284,6244,5364,9172,6032,4852,16171,3211,3131,11205.5,4955.5,5245.5
10738,3388,6018,52414,6904,6184,29522,4582,5422,15161,3551,3411,14615.5,5335.5,5025.5
98158,4118,6588,51764,7564,6994,28902,5252,3862,7381,2861,2651,13485.5,5075.5,4745.5
97608,4808,7428,51244,3954,7544,28292,5952,4692,17481,3171,2941,12435.5,4925.5,4535.5
96988,5498,7948,11114,4614,3904,9832,4512,5212,16571,3621,2441,10915.5,5265.5,4845.5
13468,6188,8778,50854,5264,4714,30052,5182,3952,15681,2901,2731,14355.5,4965.5,4555.5
100988,6878,9538,50224,6024,5264,29442,5862,4482,6771,3241,3011,13615.5,5295.5,4875.5
100368,7568,10118,49584,6684,6074,28912,4402,5312,18011,3681,3551,12095.5,5135.5,4655.5
91088,8258,10948,9574,7344,6614,8242,5072,3742,16991,2981,2791,11185.5,4865.5,5155.5
7578,8848,2808,53694,3734,7444,30722,5762,4582,14981,3311,3081,14505.5,5205.5,4945.5
95088,9568,3648,53074,4394,3834,30102,4302,5112,7211,2641,2581,13395.5,5065.5,4755.5
94428,10278,4218,52414,5194,4354,27322,4972,5942,17321,3061,2891,12345.5,5385.5,5045.5
93818,10988,4988,8024,5854,5194,8902,5652,4372,16421,3391,3211,10845.5,5105.5,4805.5
10428,3058,5558,52024,6494,5714,31252,4172,4972,15521,2721,2421,14785.5,4935.5,5095.5
97788,3748,6388,51494,7154,6554,28512,4822,5782,6591,3121,2991,13525.5,5285.5,4865.5
97168,4438,6918,50854,3584,7084,27852,5602,4222,17711,3461,3261,12005.5,4995.5,4625.5
96638,5128,7758,10694,4244,3464,9442,4122,5042,16801,2781,2521,11105.5,5335.5,4915.5
13128,5818,8518,54814,4894,4254,29692,4772,5582,14781,3201,3051,14525.5,5175.5,4665.5
100608,6518,9078,49924,5664,4824,29162,5322,4302,7021,3541,3361,13245.5,4895.5,4695.5
99968,7208,9658,49314,6324,5614,28522,3892,4852,18131,2861,2571,12225.5,5275.5,4975.5
99338,7818,10418,9144,6974,6444,7842,4552,5662,16211,3281,3151,10705.5,5015.5,4745.5
7298,8518,2608,53244,7734,6974,30322,5232,4122,15201,3621,2361,14645.5,4785.5,5035.5
94688,9228,3188,52634,4024,3344,29672,5922,4672,7411,2941,2691,13485.5,5115.5,4795.5
94038,9938,3948,51994,4784,4134,26892,4492,5482,17541,3351,3241,12465.5,4945.5,4555.5
93498,10658,4518,7594,5444,4704,8502,5152,3962,16631,3681,2481,10945.5,5295.5,4845.5
9998,11358,5388,51724,6104,5494,30892,5822,4792,15711,3011,2761,14375.5,5025.5,4605.5
97488,3308,5928,51104,6864,6064,30362,4372,5362,6791,3321,3311,13755.5,5365.5,4895.5
96818,4008,6748,50444,7524,6854,27572,5042,4032,18031,2641,2551,12245.5,5205.5,4925.5
96218,4718,7298,10424,3914,7434,9022,5732,4612,17121,3091,2841,11235.5,4905.5,4685.5
12828,5438,8108,54444,4564,3764,31412,4282,5172,15111,3401,3131,14555.5,5255.5,4975.5
100178,6118,8658,53834,5224,4624,28562,4952,3842,7301,2711,2631,13385.5,5095.5,4735.5
99558,6838,9468,48944,5984,5174,28032,5652,4412,17421,3171,2921,12495.5,4825.5,5045.5
99038,7528,10008,8794,6644,5984,9512,4212,5252,16411,3481,3211,10835.5,5155.5,4835.5
6888,8228,10818,52924,7294,6274,29872,4872,3652,15511,2781,2711,14775.5,4975.5,4625.5
94368,8918,2728,52304,3694,7084,29202,5552,4492,6601,3231,2991,13645.5,5325.5,4855.5
93738,9608,3538,51384,4354,3444,28562,4092,5062,17841,3551,2231,12125.5,5055.5,4645.5
93108,10288,4108,11354,5114,4244,8022,4772,5832,16921,2861,2781,11115.5,5405.5,4955.5
9688,10988,4948,51104,5764,4794,30402,5462,4302,14891,3311,3071,14535.5,5235.5,4935.5
97078,2948,5468,50464,6424,5604,29762,4002,4882,7001,3621,2301,13885.5,4935.5,5245.5
96418,3658,6308,49824,7184,6154,26992,4682,5642,18241,2941,2851,12365.5,5275.5,5025.5
95898,4358,7098,9664,7844,6964,8592,5372,4122,16231,3391,3141,10825.5,5105.5,4745.5
12398,5088,7668,53794,4234,3354,31062,3932,4952,15331,3691,3431,14755.5,4825.5,5055.5
99878,5788,8458,53274,4894,3924,28282,4602,5462,7551,3001,2931,13505.5,5175.5,4865.5
99208,6468,9028,48244,5554,4764,27632,5272,3932,17661,3461,3241,11975.5,4995.5,4635.5
98608,7158,9818,8124,6314,5264,9222,5972,4762,16631,2761,2501,11075.5,5335.5,4915.5
15218,7848,10378,52234,6974,6094,31602,4532,5282,14741,3081,2811,14365.5,5065.5,4685.5
93968,8548,2528,51694,7614,6674,28832,5232,3762,6811,3421,3311,13715.5,4915.5,4965.5
93358,9238,3128,51084,4014,7434,28192,5902,4532,18071,2731,2581,12195.5,5155.5,4735.5
92688,9928,3938,10924,4674,3814,9792,4422,5362,16051,3161,2891,10675.5,5015.5,4755.5
9298,10628,4488,55074,5434,4394,30012,5092,3842,15161,3501,3391,14605.5,5375.5,5045.5
96768,11308,5298,50094,6094,5144,29482,5782,4342,7371,2811,2661,13455.5,5095.5,4815.5
96118,3268,5848,49454,6754,5724,28832,4322,5182,17491,3231,2971,12405.5,4925.5,4565.5
95498,4018,6658,9324,7514,6554,8182,5002,3662,16561,3571,3471,10885.5,5245.5,4855.5
12088,4688,7208,53434,3794,7314,30672,5692,4422,15551,2881,2721,14305.5,4975.5,4615.5
99468,5418,8018,52894,4554,3704,30032,4262,4992,6761,3301,3061,13635.5,4825.5,4905.5
98818,6108,8568,52284,5214,4274,27272,4932,5832,17891,3651,2301,12105.5,5155.5,4665.5
98288,6798,9378,7744,5874,5034,8882,5612,4262,16871,2961,2581,11205.5,4885.5,5215.5
14788,7488,9948,51864,6634,5614,31232,4152,5092,14971,3381,3131,14495.5,5215.5,4975.5
102278,8178,10758,51244,7034,6444,28462,4812,5602,7081,2591,2371,13375.5,5055.5,4745.5
92988,8868,2668,50714,3424,6944,27832,5502,4062,18311,3011,2661,12345.5,5395.5,5025.5
92358,9558,3478,10584,4084,3334,9402,4052,4902,16281,3451,3211,10825.5,5115.5,4795.5
8838,10258,4288,54694,4744,4164,29642,4722,5662,15391,2661,2451,14765.5,4945.5,4555.5
96368,10948,4838,49674,5494,4694,29002,5392,4142,6461,3081,2741,13615.5,5285.5,4845.5
95748,2938,5648,49064,6154,5514,28452,6042,4712,17681,3531,3291,12095.5,5015.5,4635.5
94588,3668,6198,9004,6804,6284,9942,4562,5482,16811,2731,2531,11045.5,5385.5,4945.5
11188,4348,7008,53094,7574,6854,30292,5352,3962,14771,3151,2811,14475.5,5125.5,4685.5
98588,5048,7558,52494,3864,3234,29632,6002,4802,6971,3491,2311,13835.5,4965.5,4465.5
97938,5738,8368,51854,4624,4004,28862,4532,5292,18081,2821,2601,12305.5,5305.5,4985.5
97308,6428,8968,7454,5284,4574,8322,5182,4032,16171,3231,2891,10785.5,5045.5,4775.5
13888,7118,9778,51564,5944,5414,30702,5832,4612,15161,3551,3441,14725.5,5415.5,5035.5
101278,7818,10318,50914,6694,5914,30062,4352,5372,7371,2961,2671,13435.5,5145.5,4825.5
92038,8508,11138,50304,7354,6754,27292,5132,3852,17481,3281,2961,12535.5,4995.5,5085.5
91378,9198,3038,10244,3744,7324,8892,5792,4422,16581,3711,2461,11005.5,5335.5,4875.5
7988,9788,3848,54374,4404,3654,31372,4312,5182,15661,3021,2751,14435.5,5045.5,4615.5
95378,10498,4398,53644,5064,4494,28582,4982,3652,6751,3331,3031,13765.5,5415.5,4955.5
94848,11208,5208,48764,5864,4994,27932,5662,4492,17971,2641,3611,12225.5,5135.5,4715.5
94208,3268,5758,8614,6554,5834,9522,4192,4992,17061,3081,2871,10705.5,4975.5,5265.5
10688,3988,6578,52724,7204,6394,29782,4832,5852,15051,3371,3181,14645.5,5325.5,5025.5
98168,4688,7388,52084,3484,7154,29132,5622,4262,7251,2711,2631,13355.5,5045.5,4795.5
97528,5378,7908,51454,4254,3544,28492,4142,5092,18361,3151,2951,12445.5,5395.5,5085.5
96998,6058,8728,11404,4914,4114,7972,4792,5662,16351,3451,3261,10915.5,5225.5,4845.5
13478,6748,9268,51134,5564,4874,30332,5442,4332,15471,2791,2451,14245.5,5035.5,5135.5
100978,7448,10088,50514,6334,5714,29692,3872,4912,6551,3221,3021,13595.5,5255.5,4895.5
100328,8138,10638,49984,6984,6294,26932,4552,5742,17781,3531,3331,12075.5,5115.5,4645.5
91068,8758,2798,9594,7644,7054,8502,5202,3892,16751,2871,2531,11075.5,5445.5,4945.5
7658,9458,3338,53724,4034,3434,31002,5982,4722,14741,3301,3101,14485.5,5165.5,4705.5
95038,10178,4158,53114,4684,4004,30382,4512,5302,6941,3601,3421,13345.5,5005.5,5245.5
94388,10898,4708,52464,5454,4774,27572,5162,3962,18181,2921,2661,12325.5,5355.5,5015.5
93868,11558,5518,7944,6114,5344,9182,5812,4562,16161,3231,2951,10775.5,5095.5,4775.5
10378,3538,6088,52074,6764,6184,31532,4332,5312,15231,2551,3501,14705.5,4925.5,5065.5
97768,4248,6898,51444,7534,6944,28762,5112,3792,7451,2971,2741,13575.5,5255.5,4825.5
97248,4958,7718,50924,3824,3064,28132,5762,4632,17561,3421,3031,12565.5,4975.5,4595.5
96608,5658,8268,10784,4584,3894,9702,4282,5132,16631,2731,2531,11015.5,5305.5,4875.5
13078,6388,9078,54904,5234,4654,29942,4922,3612,15731,3041,2821,14445.5,5145.5,4645.5
100558,7088,9628,49984,5884,5254,29422,5702,4442,6801,3471,3101,13795.5,4865.5,5195.5
99928,7768,10438,49354,6654,6014,28772,4232,5212,18041,2781,2611,12275.5,5205.5,4975.5
99388,8458,10988,9194,7314,6584,8112,4882,5782,17031,3101,2901,11265.5,5055.5,5295.5
7268,9148,3148,53314,3704,7424,30612,5532,4262,15021,3431,3181,14695.5,5275.5,5075.5
94638,9848,3698,52674,4364,3734,29962,4052,5032,7251,2751,2681,13425.5,5105.5,4795.5
94108,10538,4508,52054,5024,4314,27182,4832,5592,17361,3181,2971,12495.5,4935.5,5105.5
93468,11228,5028,7654,5784,5144,8662,5482,4332,16441,3511,3261,10995.5,5265.5,4885.5
10048,3178,5848,51784,6434,5644,31142,4002,4842,15531,2851,2501,14305.5,4995.5,4595.5
97418,3888,6658,51134,7084,6484,28372,4652,5672,6621,3291,3041,13625.5,4825.5,4915.5
96788,4598,7208,50504,7854,7054,27712,5432,4142,17861,3591,3331,12095.5,5165.5,4695.5
96268,5318,8018,10344,4144,3634,9302,3952,4912,16841,2891,2561,11195.5,4875.5,4415.5
12768,6018,8568,54464,4904,4224,29412,4612,5482,14931,3321,3111,14605.5,5225.5,4985.5
100168,6718,9378,49604,5564,4984,28882,5252,3962,7151,3661,3401,13335.5,5065.5,4535.5
99638,7408,9928,48954,6224,5554,28242,6032,4722,18261,2971,2661,12415.5,5405.5,5085.5
98988,8098,10738,8794,6984,6384,9822,4562,5562,16221,3401,3241,10805.5,5115.5,4845.5
6848,8798,2648,52904,7634,6624,30082,5202,4062,15301,2691,2451,14735.5,4965.5,5135.5
94338,9478,3448,52384,4024,7464,29432,5852,4612,7491,3001,2761,13575.5,5215.5,4905.5
93678,10168,4048,51764,4684,3844,28792,4372,5422,17611,3431,3291,12045.5,5065.5,4665.5
93048,10858,4858,11594,5344,4354,8272,5152,3872,16731,2761,2551,11105.5,5335.5,4955.5
9658,11558,5408,51334,6104,5184,30632,5812,4682,15701,3081,2821,14425.5,5175.5,4715.5
97118,3498,6218,50724,6764,5754,29992,4332,5232,6901,3521,3391,13785.5,4995.5,5005.5
96478,4208,6768,50194,7414,6534,27232,4982,3692,18011,2831,2611,12245.5,5315.5,5025.5
95858,4968,7578,10044,3814,7094,8802,5762,4502,16091,3151,2911,10745.5,5035.5,4795.5
12438,5648,8128,54154,4464,3474,31302,4272,5052,15081,3461,3431,14675.5,4795.5,5075.5
99818,6348,8938,53514,5224,4244,28432,4922,3762,7281,2771,2721,13515.5,5145.5,4835.5
99178,7038,9758,48624,5884,5074,27872,5572,4302,17381,3191,3011,12505.5,5005.5,4595.5
98658,7728,10308,8454,6544,5644,9482,4102,5142,16501,3641,3301,10975.5,5335.5,4885.5
15168,8418,11138,52564,7304,6404,29712,4882,5712,15581,2951,2541,14385.5,5045.5,4645.5
93928,9118,3068,51924,7964,6974,29062,5532,4192,6681,3261,3091,13735.5,4805.5,4935.5
93268,9808,3638,51384,4354,3364,28432,4062,4952,17911,3711,2331,12215.5,5155.5,4705.5
92658,10498,4398,11244,5014,4124,7862,4702,5792,16981,3021,2611,10695.5,5025.5,5255.5
9248,11188,5238,50994,5664,4704,30242,5482,4012,14961,3341,3161,14635.5,5255.5,5015.5
96728,3148,5808,50444,6424,5564,29722,6142,4772,7151,2651,2401,13365.5,5065.5,4775.5
96078,3858,6568,49824,7084,6104,29072,4682,5342,18381,3081,2691,12485.5,4885.5,5085.5
95448,4558,7148,9654,7734,6924,8412,5342,4082,16371,3411,3241,10845.5,5225.5,4875.5
12048,5288,7978,53764,4134,3274,30912,6012,4582,15361,2731,2481,14265.5,4955.5,4665.5
99428,5978,8478,53114,4794,3824,30262,4542,5432,6451,3161,2761,13615.5,5325.5,4905.5
98898,6678,9318,52594,5554,4644,27502,5062,3902,17681,3481,3311,12065.5,5095.5,4695.5
98248,7358,9918,8064,5974,5194,9062,5842,4662,16751,2791,2551,11175.5,5415.5,5005.5
14838,7438,10728,51934,6624,5994,31442,4372,5222,14731,3231,2831,14475.5,5165.5,4715.5
102218,8158,11278,51394,7314,6544,28692,5012,3702,6911,3561,3381,13815.5,5025.5,4495.5
92938,8878,3448,50774,3714,7354,28122,5682,4472,18041,2871,2621,12315.5,5315.5,5065.5
92288,9578,3998,10604,4364,3714,9612,4252,5042,16051,3311,2911,10775.5,5155.5,4785.5
8888,10178,4798,54724,5134,4284,29732,4902,3782,15131,3631,3461,14725.5,4895.5,4575.5
96238,10888,5348,49724,5794,5124,29212,5552,4282,7341,2951,2701,13595.5,5195.5,4905.5
95708,2978,6158,49194,6444,5694,28562,4072,5122,17451,3261,3011,12055.5,5025.5,4675.5
95108,3678,6708,9074,7214,6454,7902,4852,3602,16541,3701,2271,11025.5,5395.5,4955.5
11578,4368,7518,53194,3484,7294,30372,5512,4382,15651,3021,2851,14455.5,5145.5,4725.5
98978,5068,8328,52564,4254,3414,29742,4022,4962,6711,3331,3081,13815.5,4885.5,5015.5
98368,5758,8908,51924,4904,4184,26962,4672,5722,17961,2641,2351,12295.5,5245.5,4775.5
97828,6448,9478,7524,5564,5014,8562,5452,4202,17071,3061,2921,10745.5,4995.5,4535.5
13808,7148,10268,51644,6334,5584,30932,3972,4772,15051,3381,3161,14675.5,4815.5,5085.5
101198,7838,11098,51014,6984,6354,28182,4632,5542,7171,2681,2421,13415.5,5145.5,4855.5
91908,8518,2988,50354,7644,6934,27532,5272,4012,18391,3131,3001,12495.5,4885.5,4615.5
91298,9138,3818,10214,4044,3294,9102,6052,4842,16361,3451,3241,10985.5,5235.5,4905.5
7898,9838,3808,54334,4684,4064,31572,4582,5602,15461,2751,2501,14285.5,5095.5,4665.5
95288,10558,4648,53804,5454,4634,28812,5232,4082,6541,3201,2831,13635.5,5435.5,4955.5
94678,11278,5178,48804,6114,5474,28162,5872,4652,17771,3521,3381,12135.5,5155.5,4705.5
94148,3238,6008,8644,6764,6234,9762,4402,5442,16891,2831,2621,11205.5,4985.5,4475.5
10648,3948,6558,52764,7534,6804,29992,5172,3922,14721,3281,2901,14635.5,5205.5,4755.5
98128,4658,7348,52124,3814,7384,29442,5822,4682,6941,3601,3451,13395.5,5065.5,4785.5
97468,5378,7918,51604,4584,3954,28792,4352,5262,18151,2921,2691,12385.5,4845.5,5075.5
96868,6078,8708,11474,5244,4524,8122,5002,3732,16121,3361,2981,10875.5,5215.5,4835.5
13478,6768,9278,51204,5884,5364,30602,5782,4502,15241,3681,3531,14815.5,4965.5,5125.5
100828,7468,10068,50654,6654,5884,29982,4302,5332,7431,2971,2771,13555.5,5315.5,4885.5
100208,8158,10648,50014,7304,6724,27202,4962,3812,17511,3291,3061,12025.5,5035.5,4675.5
90948,8848,2788,9844,3734,7224,8792,5592,4312,16641,2711,3611,11035.5,5405.5,4985.5
7558,9548,3358,53964,4394,3604,31172,4122,5152,15621,3021,2851,14455.5,5155.5,4725.5
94928,10228,4148,53324,5054,4434,28392,4902,5732,6871,3461,3131,13845.5,4975.5,5035.5
94398,10918,4978,48394,5714,4934,27862,5552,4382,17951,2781,2371,12305.5,5335.5,4775.5
93758,2878,5528,8374,6474,5774,9322,4072,4952,17041,3101,2921,10785.5,5125.5,4565.5
10338,3578,6318,52374,7124,6344,29692,4722,5792,15011,3531,3211,14725.5,4835.5,5085.5
97728,4308,6888,51854,7774,7114,29062,5502,4202,7221,2861,2441,13445.5,5195.5,4875.5
97078,4998,7678,51224,4174,3494,28382,4032,4772,17341,3171,2991,12545.5,4905.5,5135.5
96538,5708,8248,11074,4834,4064,9992,4672,5602,16431,3601,3281,10995.5,5265.5,4915.5
13038,6298,9038,55204,5594,4854,30212,5312,4012,15521,2931,2511,14425.5,5105.5,4655.5
100528,6998,9608,50184,6254,5684,29552,6102,4582,6631,3241,3061,13775.5,4845.5,4995.5
99868,7708,10398,49664,6914,6194,28942,4622,5422,17861,3681,2331,12235.5,5175.5,4755.5
99258,8418,2328,9524,7674,7024,8382,5272,3832,16821,3001,2641,10735.5,5045.5,5045.5
7128,9138,3118,53624,3954,7604,30872,5922,4682,14931,3321,3211,14555.5,5285.5,4805.5
94628,9858,3688,52974,4714,3914,30232,4352,5192,7021,2631,2401,13365.5,5105.5,4835.5
93998,10558,4498,52364,5374,4744,27322,5022,3932,18271,3081,2721,12475.5,5435.5,5125.5
93338,11258,5278,7954,6034,5314,8792,5682,4502,16141,3391,3291,10925.5,5155.5,4885.5
9948,3208,5848,52104,6794,6074,31272,4202,5262,15221,2701,2481,14345.5,4995.5,5175.5
97408,3898,6638,51484,7454,6644,28482,4992,3732,7451,3151,2791,13685.5,5335.5,4935.5
96778,4628,7218,50824,3844,7494,27852,5662,4312,17561,3471,3101,12125.5,5065.5,4695.5
96148,5348,7998,10724,4504,3794,9442,4202,5072,16631,2771,2561,11105.5,4885.5,4995.5
12728,6038,8578,54824,5154,4634,29692,4852,5912,15731,3091,2871,14535.5,5235.5,4755.5
100118,6738,9368,49914,5914,5204,29042,5502,4382,6811,3511,3191,13275.5,4955.5,5035.5
99468,7428,9938,49034,6574,5964,28522,4032,5152,18041,2821,2431,12385.5,5315.5,5065.5
98938,8108,10728,8874,7234,6544,7882,4822,5742,16011,3131,2981,10845.5,5135.5,4815.5
6798,8808,2678,52984,3624,7114,30272,5472,4152,15121,3571,3271,14805.5,4855.5,5105.5
94188,9498,3488,52354,4284,3424,29732,3992,4992,7321,2891,2511,13565.5,5225.5,4865.5
93638,10188,4038,51824,5044,4004,26862,4672,5562,17441,3211,3061,12515.5,5045.5,5155.5
93018,10888,4858,7294,5704,4834,8462,5342,4232,16531,3651,3351,10995.5,4865.5,4915.5
9498,2848,5398,51414,6354,5594,30942,3892,4802,15521,2971,2591,14405.5,5085.5,4685.5
97008,3568,6208,50874,7114,6194,30312,4562,5642,6731,3281,3141,13755.5,4955.5,4975.5
96398,4288,7018,50244,7774,6954,27532,5232,4042,17861,2591,3421,12245.5,5295.5,4755.5
95738,4978,7568,10064,4164,7524,9022,6012,4872,16961,3011,2671,10735.5,5005.5,4545.5
12338,5668,8378,54184,4824,3904,31502,4532,5442,14911,3461,3211,14665.5,5345.5,4855.5
99718,6368,8928,53554,5484,4674,28742,5172,3852,7121,2761,3501,13405.5,5185.5,4835.5
99188,7058,9738,48654,6244,5244,28132,5822,4682,18351,3081,2741,12505.5,4935.5,4625.5
98538,7748,10308,8494,6904,6074,9602,4352,5262,16331,3531,3291,11005.5,5285.5,4935.5
15128,8448,2478,52614,7554,6584,29972,5132,3932,15441,2841,2531,14295.5,5005.5,4655.5
93878,9138,3028,52074,3944,7414,29312,5782,4502,7521,3161,2821,13655.5,4845.5,4965.5
93258,9818,3838,51444,4604,3804,28662,4302,5332,17631,3611,3361,12135.5,5205.5,4745.5
92608,10508,4388,11264,5144,4304,8132,4952,3742,16731,2901,2601,11205.5,4945.5,4975.5
9208,11108,5208,51014,5794,5164,30502,5732,4582,14701,3221,2881,14625.5,5285.5,4765.5
96578,3198,5738,50504,6464,5924,29962,4252,5152,6921,3551,3431,13345.5,5005.5,4575.5
96028,3898,6558,49844,7114,6494,27182,4902,5912,18151,2861,2701,12425.5,5365.5,4865.5
95408,4608,7108,9694,3504,7074,8642,5552,4392,16121,3291,3011,10915.5,5195.5,4895.5
11878,5308,7918,53824,4154,3644,31122,4072,4992,15081,2621,2221,14355.5,4915.5,4655.5
99408,5998,8728,53274,4924,4204,28382,4852,5802,7261,3051,2801,13545.5,5255.5,4945.5
98798,6688,9328,48244,5574,5044,27702,5502,4242,17391,3371,3061,12045.5,5085.5,4705.5
98128,7378,9878,8084,6234,5544,9302,4032,4792,16521,2701,2321,11115.5,4805.5,4995.5
14728,8078,10688,52324,6994,6384,31772,4672,5602,15591,3001,2851,14535.5,5165.5,4755.5
102198,8768,2598,51604,7654,6954,28972,5462,4062,6671,3451,3161,13795.5,4995.5,5045.5
92908,9458,3408,51084,4054,3274,28332,6102,4872,17911,2781,2381,12265.5,5315.5,4805.5
92288,10048,4218,10944,4704,4104,9922,4622,5422,17011,3061,2951,10745.5,5015.5,4575.5
8778,10768,4768,55054,5354,4674,30042,5272,3872,14991,3521,3211,14675.5,5375.5,5125.5
96268,11468,5578,50054,6114,5434,29412,6052,4692,7211,2841,2491,13525.5,5235.5,4885.5
95658,3558,6128,49414,6774,6014,28762,4582,5232,18331,3151,3041,12015.5,4955.5,4645.5
94528,4248,6928,9364,7434,6844,8132,5252,3982,16321,3601,3331,10975.5,5285.5,4935.5
11028,4938,7508,53514,3834,7614,30602,5942,4552,15441,2921,2571,14415.5,5155.5,4685.5
98418,5638,8318,52864,4484,3994,29962,4482,5342,6531,3231,2851,13765.5,4885.5,4975.5
97898,6328,8868,52204,5254,4554,27202,5122,3812,17751,3681,3401,12235.5,5225.5,4745.5
97248,7018,9678,7824,5904,5324,8772,5802,4602,16831,3001,2641,11245.5,4935.5,5025.5
13728,7698,10228,51914,6554,5894,31172,4372,5182,14821,3281,2931,14655.5,5265.5,4795.5
101218,8398,11038,51254,7314,6754,28402,5022,3602,7031,3621,3481,13375.5,5105.5,4815.5
100568,9008,2948,50614,3604,7304,27852,5692,4432,18161,2941,2721,12495.5,4935.5,5125.5
91308,9718,3758,10574,4404,3664,9322,4232,4962,16141,3381,3011,10945.5,5265.5,4915.5
7918,10438,4308,54704,5064,4474,29692,4912,5792,15251,2691,3561,14875.5,4985.5,5225.5
95288,11158,5118,49714,5724,5024,29042,5552,4232,7471,3021,2801,13615.5,5325.5,4945.5
94758,3118,5928,49074,6374,5834,28432,4082,5062,17581,3461,3081,12085.5,5055.5,4735.5
94118,3808,6508,9054,7144,6384,7772,4852,5582,16561,2771,2591,11185.5,4915.5,5045.5
10698,4538,7068,53134,7804,7194,30272,5502,4322,15671,3101,2871,14485.5,5255.5,4755.5
98078,5248,7908,52484,4184,3554,29612,4022,4852,6751,3511,3151,13355.5,4965.5,4545.5
97438,5958,8668,51854,4844,4104,26822,4702,5682,17971,2841,2651,12325.5,4815.5,4855.5
96908,6648,9238,11434,5494,4914,8412,5392,4112,17081,3171,2941,10785.5,5175.5,4835.5
13418,7338,10078,51304,6264,5494,30802,6062,4692,15031,3591,3231,14705.5,4895.5,5135.5
100818,8038,10578,50694,6924,6314,30262,4612,5472,7241,2921,2731,13605.5,5255.5,4945.5
100288,8728,2768,50024,7574,6844,27482,5252,3952,18331,3251,3041,12055.5,4965.5,4715.5
90918,9408,3348,9884,3974,7674,8942,6032,4742,16421,3681,3351,11085.5,5325.5,4995.5
7508,10108,4108,54014,4634,4014,31422,4552,5332,15401,2991,2621,14405.5,5165.5,4765.5
94978,10798,4678,53464,5384,4584,28682,5102,4042,6601,3301,3121,13735.5,4885.5,5055.5
94328,11488,5538,48464,6044,5374,28022,5752,4592,17731,3711,3431,12205.5,5215.5,4815.5
93708,3438,6088,8294,6694,6214,9612,4282,5412,16841,3021,2691,10685.5,5045.5,5105.5
10298,4138,6908,52424,7464,6734,29872,4922,3862,14821,3351,3191,14615.5,4875.5,4865.5
97768,4868,7458,51804,3754,7574,29212,5702,4412,7061,2691,2461,13495.5,5205.5,4625.5
97128,5578,8258,51274,4514,3914,28682,4232,5222,18181,3021,2771,11975.5,4915.5,5175.5
96508,6198,8808,11124,5174,4474,8002,4882,3672,16261,3481,3271,10965.5,5265.5,4945.5
13088,6908,9618,50854,5834,5264,30482,5522,4492,15271,2791,2521,14375.5,5005.5,4705.5
100468,7598,10168,50334,6584,5844,29822,4042,5032,7461,3091,2861,13645.5,5365.5,4995.5
99818,8328,10978,49704,7244,6614,27072,4822,3752,17561,3561,3151,12125.5,5195.5,4755.5
99308,9018,2888,9544,3634,7194,8682,5482,4332,16661,2861,2651,11215.5,4915.5,5035.5
7168,9728,3718,53644,4294,3524,31032,4022,4902,14641,3151,2941,14535.5,5265.5,4795.5
94538,10438,4298,53044,4954,4364,28252,4712,5472,6881,3581,3221,13425.5,5095.5,4565.5
93998,11118,5078,52494,5714,5154,27502,5392,4132,17981,2901,2721,12385.5,4815.5,5115.5
93348,3078,5658,7954,6374,5724,9072,3932,4702,15941,3201,3011,10845.5,5175.5,4875.5
9918,3778,6438,52054,7034,6514,31472,4612,5542,15051,3651,2251,14785.5,4915.5,4635.5
97308,4498,7278,51524,7784,7104,28702,5242,3952,7271,2971,2801,13625.5,5275.5,4925.5
96688,5198,7808,50904,4074,3204,28152,6022,4782,17381,3391,3091,12105.5,5115.5,4715.5
96158,5908,8628,10744,4834,4014,9622,4552,5352,16491,3701,2331,11075.5,5445.5,5025.5
12648,6608,9158,54844,5494,4564,29992,5202,4022,15481,3011,2611,14505.5,5145.5,4765.5
100138,7308,9988,49974,6154,5374,29342,5852,4602,6691,3431,3161,13235.5,4995.5,5075.5
99478,7988,10518,49344,6914,5924,28722,4372,5432,17811,2741,2401,12325.5,5335.5,4815.5
98838,8678,2728,9194,7574,6744,8072,5152,3842,16891,3061,2691,10825.5,5055.5,4605.5
15408,9378,3288,53284,3964,7284,30572,5812,4412,14861,3481,3231,14755.5,4895.5,5125.5
94258,10068,4098,52654,4614,3634,29912,4332,5252,7041,2791,2471,13475.5,5255.5,4915.5
93628,10758,4648,52044,5274,4454,27122,4972,3652,18281,3101,2761,12565.5,4995.5,5185.5
92968,11448,5458,7624,6034,5004,8712,5752,4492,16261,3411,3311,11015.5,5335.5,4965.5
9558,3418,6008,51734,6694,5834,31102,4272,5062,15331,2831,2551,14445.5,5045.5,4705.5
96938,4098,6818,51104,7354,6404,28312,4922,5832,6531,3131,2841,13695.5,4885.5,5035.5
96388,4828,7368,50474,3774,7244,27782,5572,4292,17631,3571,3411,12175.5,5225.5,4795.5
95758,5518,8178,10354,4474,3554,9242,4102,5132,16721,2891,2671,10655.5,5045.5,5085.5
12238,6228,8988,54454,5134,4124,29602,4882,5652,14691,3211,2981,14585.5,5375.5,4845.5
99738,6938,9528,53924,5774,4964,28982,5532,4132,6901,3651,2171,13435.5,5095.5,4615.5
99098,7628,10368,48924,6544,5724,28322,4052,4902,18041,2971,2751,12415.5,4945.5,5165.5
98558,8318,10918,8774,7194,6304,9912,4692,5732,16031,3291,3061,10875.5,5265.5,4925.5
15038,8998,3088,52884,7854,6874,30172,5472,4212,15121,3731,2251,14315.5,4985.5,4685.5
93888,9698,3638,52274,4254,3444,29512,4002,4972,7361,3051,2821,13695.5,4815.5,4975.5
93248,10388,4448,51764,4644,4014,28982,4652,5552,17471,3361,3131,12155.5,5155.5,4745.5
92628,11008,4998,11614,5414,4844,8302,5302,4032,16561,2671,3371,11135.5,4865.5,4505.5
9098,11708,5808,51344,6064,5344,30772,6082,4792,15571,3121,2891,14565.5,5205.5,4795.5
96588,3768,6358,50734,6714,6184,30132,4602,5362,6761,3441,3231,13275.5,5025.5,4555.5
95948,4478,7168,50204,7484,6754,27362,5252,4102,17881,2751,2471,12395.5,4855.5,4845.5
95408,5188,7718,10014,3764,7524,8962,5802,4632,16981,3201,2751,10855.5,5195.5,4605.5
11898,5868,8558,53884,4534,3904,31332,4362,5452,14951,3511,3301,14785.5,4935.5,5155.5
99408,6568,9108,53264,5194,4474,28572,5012,3862,7181,2831,2541,13535.5,5275.5,4905.5
98748,7258,9918,48364,5844,5244,27932,5662,4692,18401,3271,2831,12005.5,4995.5,5195.5
98118,7948,10458,8204,6614,5814,9502,4182,5272,16351,3581,3381,11095.5,5325.5,4955.5
14708,8638,11268,52324,7264,6654,29742,4972,3672,15461,2891,2621,14395.5,5165.5,4725.5
102088,9338,3178,51774,3654,7434,29212,5622,4512,6511,3211,2911,13735.5,4985.5,5015.5
92348,9928,3988,51134,4314,3564,28572,4142,5082,17621,3621,3461,12215.5,5325.5,4795.5
91718,10138,4798,10974,4994,4324,7912,4792,3752,16741,2941,2701,10695.5,5065.5,4585.5
8208,10848,5348,55084,5694,5154,30272,5562,4332,14721,3251,2981,14635.5,4805.5,4895.5
95718,2818,6158,50214,6394,5724,29602,4092,4902,6921,2561,2221,13505.5,5165.5,4875.5
95098,3508,6708,49554,7044,6484,28962,4742,5662,18151,2981,2771,12445.5,5005.5,4665.5
94468,4238,7568,9404,7814,7054,8412,5382,4142,16121,3431,3061,10925.5,5335.5,4975.5
10948,4948,8118,53524,4094,3444,30802,3912,4972,15231,2731,2291,14345.5,5045.5,4695.5
98448,5658,8928,52974,4854,4204,30172,4692,5482,7421,3051,2841,13695.5,4885.5,5005.5
97808,6348,9478,52334,5514,4784,27392,5342,3952,17531,3491,3131,12165.5,5235.5,4785.5
97168,6928,10278,7794,6164,5614,8982,3872,4782,16541,2811,2371,11225.5,4945.5,5025.5
13788,7648,10828,52034,6934,6144,31472,4502,5542,15631,3121,2911,14525.5,5285.5,4815.5
101178,8338,2998,51404,7594,6974,28682,5292,4022,6831,3571,3201,13395.5,5025.5,4625.5
91888,9048,3548,50754,3984,3284,28032,5942,4602,17921,2881,2461,12365.5,5385.5,4905.5
91278,9738,4358,10604,4644,4124,9612,4462,5362,16021,3201,3041,10875.5,5215.5,4665.5
7868,10468,4908,54724,5294,4694,29872,5112,3862,15001,3651,3301,14785.5,4935.5,5215.5
95268,11178,5718,49824,6054,5464,29232,5892,4622,7211,2951,2571,13635.5,5265.5,4985.5
94658,3138,6298,49184,6714,6034,28592,4422,5202,17331,3271,3091,12115.5,5105.5,4745.5
94118,3838,7128,9024,7364,6864,8052,5072,3682,16321,3721,3401,11065.5,4825.5,5035.5
10628,4568,7708,53144,3764,7364,30432,5702,4442,15421,3031,2621,14515.5,5175.5,4795.5
98108,5278,8468,52494,4414,3744,29902,4232,5272,6531,3341,3191,13345.5,5005.5,5085.5
97488,5978,9048,51994,5184,4584,27022,5012,3752,17751,2661,2411,12335.5,5365.5,4845.5
96868,6598,9358,7474,5844,5084,8602,5662,4522,16841,2971,2711,10815.5,5105.5,4615.5
13348,7298,10118,51574,6494,5914,31072,4192,5092,14821,3421,3241,14735.5,4945.5,4895.5
100848,7978,10688,50954,7254,6494,28312,4832,5662,7031,2731,3571,13465.5,5285.5,4925.5
100218,8708,2608,50314,3534,7254,27662,5612,4322,18151,3041,2811,11935.5,4995.5,5215.5
90928,9418,3378,10274,4304,3634,9262,4152,4922,16261,3491,3101,11035.5,5335.5,4975.5
7518,10128,3978,54404,4964,4214,29492,4832,5682,15241,2811,2601,14455.5,5155.5,4735.5
94898,10818,4738,53764,5614,4974,28932,5492,4162,7481,3121,2891,13805.5,4875.5,5025.5
94378,2768,5578,48844,6384,5814,28292,4022,5002,17581,3571,3171,12255.5,5235.5,4785.5
93738,3468,6148,8694,7044,6384,9852,4692,5502,16651,2881,2411,10725.5,4965.5,4545.5
10208,4168,6908,52824,7694,7144,30092,5392,4242,15761,3201,2961,14665.5,5325.5,4835.5
97708,4888,7488,52164,4084,3544,29442,6032,4812,6831,3651,3251,13385.5,5165.5,4595.5
97058,5598,8318,51524,4734,4044,28912,4562,5582,18051,2961,2491,12485.5,4885.5,4905.5
96518,6298,8818,11464,5534,4884,8282,5342,4052,17161,3261,3041,10945.5,5215.5,4695.5
13028,6988,9658,51224,6124,5454,30522,5992,4632,15011,2581,3331,14265.5,5045.5,4485.5
100508,7588,10228,50574,6924,6214,29992,4502,5402,7231,2991,2571,13625.5,4765.5,4985.5
99878,8278,2338,50044,7584,6794,27122,5182,3872,17341,3311,3121,12105.5,5125.5,4775.5
99258,8998,2938,9884,3874,7624,8692,5872,4702,16421,2621,3391,11105.5,4955.5,5085.5
7108,9688,3708,54024,4634,3944,31162,4392,5212,15521,3071,2631,14515.5,5325.5,4795.5
94598,10388,4538,53124,5284,4774,28402,5042,3942,6601,3401,3181,13365.5,5025.5,4585.5
93978,11108,5118,48234,5934,5344,27752,5822,4512,17841,2701,2421,12345.5,5375.5,4895.5
93318,3168,5878,8084,6704,6114,9342,4352,5272,16841,3011,2711,10815.5,5095.5,4615.5
9918,3758,6448,52204,7364,6714,29582,4992,3752,14911,3421,3261,14725.5,4935.5,4405.5
97298,4448,7288,51594,3764,7474,29022,5672,4322,7121,2731,2501,13605.5,5275.5,4735.5
96768,5168,7788,50934,4414,3854,28382,4232,5092,18231,3171,2811,12065.5,5095.5,4495.5
96118,5868,8628,10814,5064,4164,9972,4892,5662,16311,3491,3381,11055.5,4815.5,5045.5
12608,6558,9198,54944,5834,4924,30192,5572,4162,15301,2811,2651,14475.5,5175.5,4805.5
100098,7288,9958,50044,6484,5494,29532,4102,4982,7511,3241,2891,13825.5,4915.5,5095.5
99438,7998,10558,49404,7134,6334,29002,4742,5532,17641,3571,3201,12285.5,5265.5,4855.5
98918,8698,2668,9254,7904,7094,8372,5412,4242,16741,2891,2721,10755.5,5105.5,4615.5
6798,9398,3248,53374,4194,3214,30762,3962,4792,14721,3321,2961,14695.5,4815.5,4905.5
94158,9988,4078,52724,4954,4054,30202,4742,5602,6821,3641,2231,13445.5,5155.5,4665.5
93628,10678,4848,52204,5614,4824,27442,5392,4062,18051,2951,2801,11905.5,4985.5,4955.5
93018,2798,5418,7724,6264,5384,8892,6052,4612,16011,3391,3031,11025.5,5345.5,4985.5
9488,3488,6248,51834,7034,6224,31382,4602,5412,15121,2711,2291,14345.5,5065.5,4745.5
96998,4078,6758,51184,7684,6724,28602,5272,3862,7331,3031,2631,13715.5,4935.5,5035.5
96378,4778,7588,50564,4074,3104,27952,5962,4672,17451,3471,3181,12205.5,5135.5,4795.5
95708,5488,8168,10534,4734,3944,9572,4512,5242,16571,2791,2421,11165.5,4915.5,4565.5
12318,6198,8948,54654,5394,4444,29812,5202,3722,15531,3111,2701,14575.5,5265.5,4845.5
99698,6888,9528,49644,6154,5274,29162,5872,4562,6661,3551,3251,13445.5,5115.5,4615.5
99158,7618,10288,49004,6814,5844,28642,4442,5322,17891,2871,2491,12425.5,5075.5,4895.5
98518,8318,10868,8994,7464,6604,7982,5102,3802,17001,3181,2781,10905.5,5165.5,4665.5
14998,9028,3058,52974,3634,7184,30462,5752,4372,14991,3491,3331,14845.5,5025.5,5215.5
93858,9718,3808,52454,4284,3584,29802,4272,5142,7171,2801,2571,13565.5,5365.5,4965.5
93208,10308,4388,51814,4974,4404,27052,4952,3612,18401,3221,2861,12045.5,5125.5,4755.5
92558,10998,4958,11654,5634,4954,8622,5642,4452,16391,3531,3411,11145.5,5005.5,5065.5
9168,3078,5718,51504,6394,5764,30992,4212,4952,15391,2841,2651,14455.5,5185.5,4805.5
96558,3788,6558,50884,7054,6314,30312,4882,3702,7601,3291,2931,13805.5,5165.5,4595.5
96028,4498,7128,50234,3454,7124,27442,5552,4262,17711,3611,3481,12275.5,5355.5,4855.5
95408,5198,7918,10124,4104,3484,9012,4102,5022,16821,2911,2711,10765.5,5145.5,4645.5
11888,5888,8488,54224,4764,4294,31482,4742,5592,14811,3361,3001,14705.5,4985.5,4905.5
99398,6488,9258,53594,5524,4844,28732,5382,4072,6991,2681,2501,13545.5,5245.5,4695.5
98148,7178,9828,48724,6174,5654,28072,3912,4842,18111,2991,2791,12025.5,5125.5,5225.5
97608,7888,10668,8554,6834,6204,9672,4692,5672,16121,3441,3081,10985.5,5375.5,5005.5
14098,8598,2518,52704,7594,7034,29902,5342,4152,15191,2761,2321,14425.5,5225.5,4745.5
101598,9288,3358,52084,3894,7604,29252,5992,4652,7421,3071,2871,13785.5,5085.5,5085.5
92338,10008,3928,51434,4584,3984,28642,4512,5492,17521,3521,3181,12245.5,5385.5,4845.5
91738,10718,4688,11314,5374,4744,8092,5292,3962,16501,2831,2441,10725.5,5215.5,4605.5
8228,11428,5518,51044,6034,5324,30482,5962,4752,15601,3141,3011,14655.5,4945.5,4895.5
95718,3388,6098,50524,6684,6154,29942,4482,5322,6701,3581,3251,13395.5,5275.5,4665.5
95088,4118,6888,49884,7374,6664,27072,5132,3992,17921,2901,2521,12485.5,5015.5,4935.5
94428,4828,7458,9714,3774,7494,8672,5782,4572,15921,3211,2831,10935.5,5385.5,4705.5
11038,5528,8218,53844,4424,3874,31152,4302,5402,15021,3641,3331,14365.5,5225.5,4725.5
98438,6228,8798,53224,5084,4384,28352,5082,3812,7251,2951,2591,13705.5,4945.5,5015.5
97798,6808,9628,52424,5854,5224,27712,5732,4372,18351,3271,2901,12165.5,5295.5,4775.5
97158,7538,10128,7904,6504,5784,9302,4282,4952,16431,3701,2351,11135.5,5165.5,5075.5
13738,8268,10968,52014,7164,6554,29552,4952,5712,15431,3011,2661,14575.5,5375.5,4835.5
101228,8978,2898,51494,3554,7384,28912,5612,4192,6641,3341,2991,13285.5,5225.5,4595.5
100618,9678,3658,50864,4204,3514,28272,4142,5022,17751,2651,2231,12405.5,5575.5,4885.5
91338,10368,4228,10704,4974,4264,9872,4792,5552,16851,3071,2781,10795.5,5295.5,4645.5
7818,10968,5088,54824,5624,5094,30112,5572,4292,14821,3501,3071,14825.5,5115.5,4935.5
95298,3018,5638,49924,6284,5674,29582,3982,4792,7031,2811,2311,13555.5,5475.5,4955.5
94648,3708,6448,49294,7054,6434,28942,4762,5632,18251,3131,2861,12005.5,5205.5,4725.5
94108,4438,6998,9154,7704,7014,8262,5452,4102,16201,3561,3151,11125.5,5555.5,5005.5
10568,5148,7808,53264,4104,3394,30752,6122,4872,15311,2891,2391,14425.5,5295.5,4775.5
98068,5858,8618,52614,4744,4184,30112,4662,5442,7531,3201,2941,13775.5,5085.5,5065.5
97428,6468,9168,51974,5404,4754,27332,5312,3922,17641,3511,3231,12255.5,5425.5,4845.5
96878,7178,9978,7564,6174,5514,8932,5962,4682,16611,2821,2471,10715.5,5285.5,4625.5
13358,7868,10528,51674,6824,6094,31312,4512,5262,15691,3261,3011,14645.5,4995.5,4935.5
100828,8588,11338,51024,7484,6924,28542,5182,3992,6781,3701,3301,13485.5,5345.5,4655.5
100198,9298,3248,50494,3884,3234,27762,5852,4492,18001,3001,2541,11955.5,5065.5,4965.5
90958,9998,4088,10354,4534,4074,9342,4402,5322,15971,3321,3081,10945.5,5415.5,4755.5
7428,10698,4658,54474,5304,4634,29692,5072,3802,15071,3741,2321,14385.5,5275.5,4725.5
94928,11288,5448,53814,5944,5404,29052,5872,4562,7271,3061,2611,13735.5,4995.5,5045.5
94308,3348,6008,48934,6604,5974,28402,4382,5142,17381,3391,3161,12205.5,5265.5,4825.5
93648,4038,6798,8774,7374,6814,7762,5062,3622,16391,2691,2401,11175.5,5115.5,5065.5
10238,4758,7368,52864,3654,7334,30242,5612,4382,15501,3131,2681,14595.5,5435.5,4855.5
97728,5468,8158,52224,4424,3714,29582,4042,5222,6601,3451,2971,13445.5,5255.5,4665.5
97068,6178,8738,51704,5084,4484,26822,4842,5792,17831,2761,2501,12415.5,4975.5,4955.5
96418,6868,9518,11554,5734,5054,8392,5522,4192,16901,3201,2811,10905.5,5325.5,4715.5
13018,7458,10098,51304,6504,5894,30892,4042,5052,14881,3551,3071,14325.5,5165.5,4485.5
100508,8158,10878,50754,7144,6654,30252,4692,5822,7101,2881,2601,13585.5,5525.5,4775.5
99868,8868,2838,50134,7804,7224,27482,5332,4302,18241,3221,2861,12065.5,5245.5,4795.5
99218,9578,3648,9964,4204,3614,8962,3862,4872,16231,3651,3171,11155.5,5095.5,4545.5
7068,10258,4198,54064,4854,4374,31442,4642,5622,15311,2851,2651,14465.5,5335.5,4835.5
94588,10988,5008,53424,5624,4944,28632,5292,4102,7561,3291,2961,13345.5,5195.5,4605.5
93968,3048,5808,48534,6284,5794,28002,5932,4942,17671,3721,3221,12325.5,5515.5,4885.5
93338,3658,6358,8364,6934,6274,9592,4462,5442,16761,3031,2741,10825.5,5235.5,4655.5
9828,4368,7178,52474,7704,7114,29842,5242,3912,15761,3231,3001,14755.5,4925.5,4935.5
97318,5088,7728,51954,3984,7684,29212,5892,4752,6961,2651,3341,13585.5,5395.5,4705.5
96728,5808,8538,51334,4744,3994,28682,4422,5512,18081,2991,2581,11945.5,5005.5,4465.5
96068,6498,9088,11164,5404,4574,8052,5062,4022,16091,3311,3131,11045.5,4855.5,5015.5
12688,7188,9918,50914,6054,5144,30532,5842,4522,15161,2731,2371,14365.5,5335.5,4785.5
100048,7788,10468,50294,6824,5904,29882,4362,5352,7381,3071,2661,13715.5,4915.5,5065.5
99518,8478,11278,49774,7474,6744,27122,5012,3832,17481,3381,3201,12195.5,5415.5,4835.5
98898,9198,3188,9624,3874,7314,8572,5662,4332,16561,2691,3491,10675.5,5005.5,4595.5
15348,9898,3998,53764,4534,3624,31072,4182,5172,15541,3141,2731,14605.5,5485.5,4885.5
94218,10588,4548,53134,5184,4484,28312,4972,3652,6621,3461,3281,13455.5,5315.5,4645.5
93598,11328,5358,52474,5944,4984,27652,5622,4412,17871,2881,2521,12435.5,4915.5,4435.5
92928,3288,5898,7944,6594,5824,9262,4152,4972,16981,3221,2811,10905.5,5395.5,4745.5
9548,3998,6708,51914,7254,6384,31732,4782,5812,14931,3531,3361,14345.5,5105.5,5045.5
96918,4688,7528,51314,3654,7154,28932,5562,4222,7141,2951,2601,13725.5,4915.5,5025.5
96358,5418,8078,50664,4304,3534,28312,4092,4792,17251,3291,2891,12175.5,5135.5,4815.5
95738,6128,8668,10534,5074,4104,9762,4742,3532,16331,3601,3421,11195.5,4975.5,5125.5
12218,6828,9488,54644,5734,4874,30122,5382,4032,15431,3021,2661,14495.5,5305.5,4835.5
99708,7528,10298,49744,6384,5444,29452,3912,4872,7621,3361,2951,13345.5,5035.5,4625.5
99088,8108,10848,49094,7144,6284,28802,4692,5442,17731,2681,3501,12335.5,4875.5,4935.5
98438,8798,3018,9054,7574,7044,8272,5342,4112,16741,3101,2741,10805.5,5205.5,4655.5
15038,9518,3568,53184,3864,3184,30502,5982,4682,14721,3441,3031,14735.5,4945.5,4445.5
93768,10218,4378,52454,4634,3954,29972,4502,5522,6941,2641,2271,13615.5,5285.5,4775.5
93248,10918,4928,51924,5284,4784,27092,5292,3922,18171,3071,2841,12075.5,5115.5,4535.5
92638,11648,5738,7534,5934,5364,8692,5942,4762,16141,3381,3151,11065.5,4835.5,4825.5
9108,3698,6288,51514,6704,6124,31192,4462,5362,15241,2711,2421,14475.5,5165.5,4855.5
96608,4278,7088,50974,7364,6694,28312,5112,3812,7441,3141,2921,13825.5,5005.5,5145.5
95368,4978,7618,50364,3744,7534,27782,5892,4622,17551,3451,3231,12335.5,5335.5,4905.5
94848,5688,8428,10194,4404,3834,9262,4422,5162,16641,2781,2491,10785.5,5045.5,5195.5
11318,6398,9238,54304,5064,4404,29612,5072,3882,15621,3221,2991,14705.5,4855.5,4955.5
98798,7088,9788,53654,5824,5244,28932,5702,4432,6851,3531,3301,13435.5,5195.5,4705.5
98138,7818,10598,48774,6484,6014,28292,4132,5242,17951,2861,2571,12535.5,5025.5,4995.5
97518,8438,11148,8684,7134,6584,7782,4782,3692,16921,3291,3061,11025.5,5375.5,4765.5
14118,9128,3318,52804,3574,7154,30142,5562,4242,15031,2611,3371,14335.5,5075.5,4525.5
101588,9838,3868,52124,4224,3724,29512,4092,5052,7111,2931,2661,13675.5,4915.5,5075.5
92328,10548,4678,51514,4874,4304,28982,4742,5872,18361,3361,2951,12155.5,5245.5,4835.5
91698,11238,5228,11464,5634,5134,8352,5392,4342,16341,2671,3231,11225.5,4985.5,4605.5
8178,3328,6068,51224,6294,5634,30822,3912,4922,15441,3011,2741,14655.5,5405.5,4885.5
95658,4018,6618,50594,6954,6474,30182,4692,5702,6541,3441,3021,13385.5,5105.5,4655.5
95028,4098,7418,49934,7714,7044,27422,5332,4182,17771,2761,3311,12445.5,4935.5,4935.5
94378,4808,7968,9814,4004,3354,8872,3862,4972,16851,3091,2811,10945.5,5265.5,4705.5
10978,5508,8778,53904,4764,4194,31372,4502,5542,14841,3521,3101,14245.5,4985.5,4985.5
98478,6238,9328,53384,5424,4794,28622,5282,3972,7061,2831,2341,13575.5,4825.5,5015.5
97828,6848,10138,48384,6074,5594,27952,5942,4802,18181,3151,2891,12075.5,5165.5,4545.5
97188,7558,10948,8344,6834,6144,9562,4462,5592,16161,3441,3181,11135.5,4875.5,5115.5
13798,8248,2858,52444,7494,6954,29792,5112,4062,15271,2781,2421,14565.5,5225.5,4855.5
101148,8958,3668,51794,3924,7504,29232,5892,4592,7491,3231,2971,13305.5,5045.5,5165.5
100618,9668,4218,51134,4584,3864,28592,4412,5422,17601,3521,3251,12405.5,5375.5,4895.5
91248,10388,5008,10994,5244,4674,7922,5062,3862,16691,2861,2491,10765.5,5115.5,4685.5
7838,11078,5558,55114,5894,5224,30432,5702,4432,15691,3301,3031,14705.5,4965.5,4945.5
95318,3028,6368,50204,6694,6034,29782,4232,5222,6771,3611,3321,13555.5,5315.5,4735.5
94708,3728,6918,49614,7354,6844,27002,5012,3692,18011,2931,2561,12535.5,5025.5,4475.5
94028,4428,7728,9464,3634,7394,8602,5662,4482,15991,3371,3111,11005.5,4855.5,4785.5
10628,5148,8268,53574,4394,3784,30972,4192,5052,15091,2671,2351,14445.5,5185.5,4785.5
98018,5858,9078,52924,5054,4354,30292,4832,5842,7321,3001,2631,13795.5,4935.5,5125.5
97478,6568,9888,52404,5714,5144,27422,5602,4322,17421,3451,3211,12255.5,5275.5,4885.5
96838,7258,10438,7994,6474,5974,8992,4132,4852,16401,2751,3521,10755.5,5105.5,4655.5
13318,7838,11258,52004,7134,6494,31502,4782,5702,15501,3081,2781,14695.5,5445.5,4935.5
100808,8558,3158,51204,7794,7324,28722,5432,4152,6591,3531,3291,13395.5,5155.5,4705.5
100198,9248,3758,50564,4224,3664,28082,3952,4962,17821,2821,2551,12515.5,4985.5,4465.5
90918,9958,4568,10404,4864,4234,9692,4742,5512,16921,3161,2861,10975.5,5325.5,4755.5
7508,10648,5378,54534,5524,5024,29922,5392,3962,14891,3611,3101,14275.5,5045.5,4515.5
94878,2748,5928,49534,6284,5594,29272,6032,4782,7001,2891,2361,13625.5,4885.5,5065.5
94348,3438,6738,49004,6944,6394,28642,4562,5592,18241,3231,2941,12095.5,5225.5,4825.5
93728,4038,7298,8964,7604,6954,8102,5332,4042,16211,3561,3171,11215.5,4945.5,5115.5
10178,4748,8108,52954,3984,3294,30462,5982,4592,15311,2981,2441,14515.5,5275.5,4875.5
97678,5458,8658,52404,4654,4134,29832,4512,5402,7541,3291,3031,13385.5,5105.5,4635.5
97058,6158,9458,51764,5424,4914,27052,5152,3862,17651,2601,3311,12375.5,4815.5,4925.5
96408,6888,10008,11614,6064,5494,8652,5942,4692,16651,3021,2551,10845.5,5155.5,4685.5
13028,7588,10838,51374,6724,6274,31132,4482,5272,15751,3341,3101,14275.5,4995.5,4445.5
100408,8178,2768,50724,7484,6854,28362,5172,3742,6831,2641,3391,13625.5,5325.5,4735.5
99878,8888,3348,50204,3774,7634,27722,5842,4512,18081,3051,2631,12085.5,5045.5,5285.5
99238,9578,4108,10064,4574,4014,9302,4392,5082,16041,3381,3181,11115.5,5405.5,5045.5
7098,10278,4948,54174,5234,4534,31662,5052,3822,15141,2691,2421,14515.5,5235.5,4815.5
94578,10968,5518,53514,5894,5134,28892,5722,4312,7351,3121,2711,13755.5,4975.5,5095.5
93958,3068,6278,48634,6544,5684,28342,4162,5152,17441,3461,3261,12235.5,5315.5,4885.5
93298,3758,6858,8584,7234,6494,9822,4962,3632,16561,2771,2501,10715.5,5125.5,4675.5
9908,4348,7688,52574,3624,7044,30182,5632,4392,15651,3201,2781,14645.5,4865.5,4985.5
97278,5068,8188,51934,4284,3404,29532,4162,4972,6731,3521,3331,13515.5,5215.5,4705.5
96738,5758,9028,51404,5044,4214,28912,4812,5802,17861,2811,2571,12005.5,5045.5,4495.5
96118,6458,9618,11254,5704,4764,8242,5482,4202,16961,3271,2861,10985.5,5375.5,4805.5
12578,7148,10428,51004,6364,5574,30762,4012,5042,14941,3601,3141,14415.5,5095.5,4775.5
100068,7858,10978,50454,7124,6394,30102,4692,5612,7121,2911,2641,13665.5,5445.5,5085.5
99458,8568,3148,49854,7784,6944,27322,5362,4022,18341,3351,2931,12145.5,5285.5,4865.5
98798,9288,3698,9804,4214,3294,8912,6032,4852,16341,3681,3211,11245.5,4995.5,4585.5
15408,9888,4508,53774,4894,4134,31382,4602,5432,15411,2991,2721,14565.5,4815.5,4895.5
94168,10598,5058,53134,5554,4694,28582,5272,4102,6491,3301,3001,13465.5,5145.5,4705.5
93518,11298,5868,48234,6214,5274,27952,6052,4672,17721,2631,2271,12415.5,4865.5,4995.5
92888,3388,6418,8204,6864,6034,9422,4322,5492,16811,3051,2581,10885.5,5225.5,4755.5
9488,4078,7228,52184,7664,6874,29792,5102,3932,14791,3371,3101,14305.5,5055.5,4525.5
96978,4668,7778,51654,3954,7444,29152,5792,4502,6881,2701,2371,13655.5,5395.5,4805.5
96338,5388,8618,51034,4614,3754,28492,4332,5262,18121,3111,2891,12145.5,5105.5,4575.5
95698,6088,9188,10864,5374,4594,7732,5002,3742,16101,3451,3201,11095.5,4945.5,5125.5
12298,6788,9968,54974,6024,5164,30222,5662,4582,15181,2771,2421,14545.5,5275.5,4885.5
99668,7478,10538,50074,6444,5924,29572,4182,5342,7391,3191,2731,13265.5,4995.5,5175.5
99128,8178,11328,49434,7244,6504,28942,4832,3822,17491,3531,3261,12355.5,4825.5,4935.5
98518,8908,3258,9404,3534,7334,8402,5612,4392,16581,2851,2521,10845.5,5165.5,4705.5
14978,9618,4048,53384,4184,3644,30762,4142,4892,15591,3271,3051,14785.5,4985.5,4985.5
93848,10308,4618,52854,4884,4224,30132,4792,5732,6691,3601,3371,13505.5,5305.5,4755.5
92598,10898,5408,52244,5644,5054,27352,5422,4212,17911,2921,2611,11985.5,5025.5,4515.5
92068,2958,5978,7804,6304,5814,8952,3952,4992,17041,3341,2901,11055.5,5365.5,4805.5
8548,3658,6798,51814,6964,6384,31432,4732,5572,15011,3671,3451,14465.5,5205.5,4815.5
96048,4358,7578,51204,7714,7224,28652,5382,4242,7231,3001,2691,13725.5,4925.5,5105.5
95388,5058,8158,50664,4004,3534,28022,3912,4812,17331,3421,2971,12195.5,5265.5,4875.5
94768,5788,8948,10524,4804,4104,9602,4552,5372,16431,2751,2481,11315.5,5095.5,4635.5
11368,6478,9518,54634,5454,4934,29862,5342,4042,15421,3081,2761,14615.5,4805.5,4925.5
98748,7078,10308,53964,6114,5464,29202,5992,4612,6611,3491,3051,13435.5,5155.5,4685.5
98128,7798,10868,48834,6774,6304,28552,4502,5452,17731,2691,2291,12415.5,5005.5,4995.5
97598,8508,3008,8814,7464,6804,8022,5152,3862,16721,3141,2851,10895.5,5325.5,4785.5
14078,9218,3588,52804,3894,7634,30392,5932,4692,14811,3461,3131,14355.5,5055.5,5095.5
101548,9938,4378,52164,4514,4024,29852,4462,5272,7011,2771,2371,13735.5,5385.5,4815.5
92288,10628,4948,51634,5204,4784,26982,5102,3932,18141,3221,2921,12185.5,5225.5,4595.5
91678,11218,5238,11484,5964,5354,8562,5752,4512,16111,3531,3201,11165.5,4935.5,5175.5
8248,3288,5758,51234,6624,5934,31052,4282,5342,15231,2841,2441,14595.5,5385.5,4885.5
95608,3978,6598,50604,7274,6694,28292,5062,3752,7431,3301,2991,13315.5,5085.5,5195.5
94998,4688,7128,49974,3674,7524,27622,5712,4322,17551,3611,2221,12415.5,4925.5,4985.5
94458,5388,7958,10054,4334,3904,9212,4232,5162,16651,2911,2511,10875.5,5235.5,4705.5
10948,6108,8748,54054,5134,4434,31682,4872,3562,15651,3371,3061,14815.5,4975.5,5015.5
98448,6808,9318,53414,5784,5264,28892,5652,4402,6881,2671,3351,13565.5,5325.5,4825.5
97778,7398,10108,48514,6434,5764,28252,4182,4972,17981,2991,2611,12165.5,5165.5,4575.5
97158,8108,10678,8504,7094,6604,9732,4832,5732,17051,3441,2921,11125.5,4885.5,4865.5
13758,8808,2818,52484,7894,7174,30092,5482,4232,15061,2751,2451,14415.5,5235.5,4625.5
101138,9508,3388,51814,4184,3484,29442,4002,4992,7261,3071,2691,13775.5,4945.5,4395.5
100518,10208,4198,51174,4834,4324,28782,4782,5562,17381,3521,3001,12255.5,5305.5,4945.5
91238,10918,4728,11124,5534,4894,8242,5442,4042,16471,2831,2521,10735.5,5135.5,5235.5
7838,2978,5568,50844,6294,5664,30482,3952,4812,15421,3141,2761,14655.5,4845.5,4995.5
95238,3568,6088,50224,6954,6494,29942,4602,5642,6631,3591,3081,13535.5,5205.5,4755.5
94708,4288,6928,49704,7604,7074,27162,5382,4122,17751,2901,2601,12485.5,5045.5,4525.5
94088,4978,7448,9654,3994,7834,8622,6032,4882,16841,3221,2841,10965.5,5375.5,4815.5
10538,5688,8288,53634,4654,4204,31112,4552,5462,14831,3561,3151,14375.5,5125.5,4575.5
98038,6378,9078,53004,5454,4784,28332,5102,3932,7031,2871,2441,13725.5,4855.5,4855.5
97448,7088,9648,52374,6104,5544,27672,5752,4702,18251,3291,2991,12185.5,5215.5,4885.5
96788,7798,10438,8074,6764,6114,9292,4282,5302,16241,3631,3271,10655.5,5055.5,5175.5
13378,8508,2388,52094,7424,6954,29542,5062,3962,15341,2951,2501,14585.5,4765.5,4935.5
100768,9208,2928,51464,3844,7454,28992,5702,4542,7451,3361,3051,13445.5,5095.5,4705.5
100238,9798,3738,50924,4504,3834,28342,4232,5372,17571,2571,3341,12395.5,4935.5,4985.5
90868,10518,4548,10924,5154,4674,9822,4872,3772,16681,3011,2581,10885.5,5255.5,4745.5
7458,11208,5098,54814,5854,5434,30182,5652,4602,15781,3441,3131,14825.5,5085.5,5025.5
94958,3308,5918,49914,6614,6034,29522,4182,4912,6851,2641,2371,13675.5,5425.5,4795.5
94318,3928,6468,49284,7274,6794,28872,4832,3582,18081,3061,2661,12145.5,5145.5,4575.5
93658,4618,7278,9244,3664,7374,8352,5482,4162,16061,3521,3211,11095.5,4965.5,4895.5
10268,5328,7828,53244,4324,3754,30712,4002,4992,15171,2721,3491,14535.5,5315.5,4895.5
97638,6038,8638,52624,4974,4514,30192,4772,5762,7281,3141,2731,13275.5,5035.5,4685.5
97098,6768,9188,52104,5774,5094,27302,5422,4232,17401,3581,3281,12365.5,5375.5,4945.5
96478,7458,10028,7694,6424,5654,8882,3952,4812,16491,2791,2521,10835.5,5195.5,4735.5
12938,8048,10568,51704,7084,6154,31352,4592,5572,15601,3211,2811,14775.5,4915.5,4995.5
100428,8768,2738,51154,7744,6994,28602,5382,4052,6671,3661,3361,13495.5,5245.5,4785.5
99838,9458,3288,50504,4164,3374,27932,6032,4892,17901,2871,2601,11975.5,5085.5,4525.5
99188,10158,4088,10474,4834,4134,9522,4552,5392,16901,3291,2891,11065.5,5415.5,4835.5
7158,10848,4638,54494,5484,4734,29752,5202,3862,14881,2611,3431,14485.5,5155.5,4575.5
94528,11558,5458,53854,6184,5494,29222,5972,4702,7091,3031,2671,13825.5,4995.5,4905.5
93898,3638,6268,48964,6864,6074,28592,4502,5452,18311,3341,2981,12285.5,5305.5,4935.5
93258,4228,6818,8944,7664,6904,7912,5152,3932,16261,2641,3291,10765.5,5025.5,4695.5
9848,4938,7628,52684,3954,3224,30382,5792,4532,15371,3091,2551,14685.5,5385.5,4985.5
97348,5638,8178,52034,4644,3794,29752,4322,5342,7561,3411,3051,13405.5,5205.5,4735.5
96708,6328,9038,51374,5304,4624,26972,5102,3792,17681,2721,2321,12505.5,5025.5,5025.5
96058,7018,9588,11474,6104,5134,8582,5752,4612,16771,3151,2631,10975.5,5365.5,4795.5
12658,7738,10398,51074,6754,5964,30942,4282,5162,14741,3461,3131,14305.5,5085.5,5075.5
100018,8438,10948,50454,7404,6524,30182,4922,3612,6981,2771,2391,13765.5,4905.5,4845.5
99488,9168,3118,49924,3814,7294,27422,5712,4422,18081,3211,2711,12105.5,5145.5,4605.5
98878,9788,3668,9804,4454,3674,8992,4222,4972,16161,3521,3211,11225.5,5005.5,5165.5
15328,10488,4468,53824,5114,4254,31492,4872,5782,15141,2851,2471,14525.5,5335.5,4915.5
94188,11178,5018,53284,5624,5014,28622,5522,4242,7331,3281,2811,13355.5,5165.5,4685.5
93578,3258,5828,48284,6294,5844,28072,4042,5052,17541,3571,3091,12435.5,5475.5,4965.5
92908,3958,6378,8264,6954,6424,9672,4832,5622,16541,2881,2591,10895.5,5195.5,4735.5
9508,4548,7218,52274,7724,7184,29912,5502,4102,15641,3311,2881,14825.5,5025.5,5025.5
96978,5268,7768,51634,4004,3564,29262,4062,4932,6741,3731,3161,13575.5,5365.5,4785.5
96338,5958,8578,51104,4764,4144,28622,4742,5692,17971,2941,2661,12025.5,5095.5,4545.5
95718,6658,9128,11074,5414,4904,8052,5402,4172,17051,3391,2951,11135.5,4935.5,4835.5
12208,7358,9938,50684,6134,5484,30432,6072,4742,15031,2701,3241,14435.5,5255.5,4865.5
99678,8068,10748,50154,6854,6334,29912,4602,5502,7261,3031,2741,13785.5,4965.5,5145.5
99028,8788,2658,49534,7454,6884,27122,5242,3982,17261,3471,3031,12265.5,5335.5,4925.5
97868,9488,3468,9474,3824,3244,8602,6022,4822,16361,2781,3321,10735.5,5155.5,4715.5
14498,10178,4018,53474,4574,4044,31102,4432,5322,15461,3101,2821,14655.5,4975.5,5025.5
101868,10778,4828,52834,5304,4594,28342,5082,4062,6581,3541,3101,13545.5,5315.5,4745.5
92608,11488,5378,52304,5914,5414,27692,5752,4632,17801,2861,2341,12045.5,5015.5,4525.5
91988,3598,6198,7894,6664,5964,9252,4322,5402,16871,3171,2891,11035.5,4865.5,4835.5
8568,4288,6778,51884,7284,6774,29492,4962,3872,14731,3611,3181,14445.5,5085.5,4555.5
96058,4868,7608,51354,3644,7324,28852,5602,4452,6961,2921,2421,13765.5,4945.5,4865.5
95418,5588,8118,50754,4384,3684,28322,4132,5212,18201,3241,2711,12245.5,5285.5,4915.5
94768,6278,8948,10704,5114,4494,9802,4912,3692,16181,3571,3261,11235.5,5105.5,5155.5
11398,6988,9528,54704,5704,5064,30162,5562,4522,15181,2881,2501,14665.5,5425.5,4945.5
98758,7678,10288,49704,6444,5904,29492,4092,5022,7391,3311,2781,13385.5,5155.5,4755.5
98108,8388,10858,49174,7184,6474,28852,4742,5852,17511,2641,3351,12465.5,4965.5,5045.5
97498,9098,3058,9164,3534,7234,8312,5522,4332,16581,3061,2611,10855.5,5295.5,4805.5
14108,9818,3558,53154,4174,3624,30692,4042,5122,15691,3271,2871,14265.5,5035.5,5095.5
101498,10508,4388,52524,4894,4194,30052,4692,5692,6781,3721,2401,13595.5,4875.5,4855.5
92248,11098,4988,51884,5624,4954,27282,5332,4102,18031,3031,2661,12065.5,5195.5,4625.5
91588,3158,5798,7474,6254,5784,8882,3862,4672,17031,3351,2971,11165.5,4905.5,4895.5
8218,3848,6338,51614,6994,6354,31362,4642,5502,15111,2661,2451,14485.5,5225.5,4665.5
95598,4558,7148,50974,7614,7124,28572,5292,3912,7221,3101,2761,13325.5,5045.5,4685.5
95068,5268,7698,50344,3974,3504,27782,5932,4752,17321,3411,3031,12305.5,4885.5,4975.5
94448,5988,8518,10294,4704,4074,9342,4462,5322,16411,2741,3601,10795.5,5205.5,4745.5
10898,6678,9328,54284,5444,4844,29582,5242,3992,15521,3171,2811,14725.5,4935.5,5025.5
98428,7268,9878,53754,6054,5414,28942,5882,4562,6601,3491,3151,13575.5,5265.5,4795.5
97778,7478,10688,48744,6784,6254,28402,4412,5402,17841,2811,2391,12065.5,5105.5,4555.5
97128,8198,11238,8714,7504,7014,7772,5062,3832,16841,3251,2941,11015.5,5435.5,4845.5
13738,8888,3428,52714,3864,7584,30162,5842,4402,14931,3571,3231,14455.5,5155.5,4605.5
101148,9498,3998,52104,4504,3974,29632,4362,5152,7031,2881,2461,13815.5,4995.5,5155.5
100508,10208,4788,51564,5224,4734,26752,5012,3632,18281,3331,3011,12275.5,5325.5,4915.5
91248,10918,5368,11564,5944,5304,8352,5662,4472,16231,3641,3291,10755.5,5145.5,4685.5
7818,2988,6148,51174,6574,6144,30832,4192,5232,15231,2961,2531,14685.5,4865.5,4965.5
95318,3588,6718,50644,7314,6664,30212,4972,3712,7421,3401,3081,13425.5,5195.5,4735.5
94678,4318,7508,49754,3684,7494,27422,5612,4282,17551,2711,3371,12525.5,5025.5,4525.5
94018,5008,8078,9714,4294,3804,8912,4132,5052,16661,3041,2611,10975.5,5255.5,4835.5
10628,5738,8868,53704,5034,4374,31392,4782,5622,14621,3481,2901,14395.5,5115.5,5145.5
98018,6448,9438,53064,5764,5214,28642,5562,4372,6821,2661,2401,13735.5,4935.5,4845.5
97458,7148,10228,48174,6354,5714,28012,4092,4862,18051,3111,2691,12195.5,5275.5,4635.5
96838,7748,10818,8034,7074,6554,9492,4742,5702,16011,3421,2971,10665.5,4975.5,4945.5
13298,8458,2988,52144,7824,7124,29862,5382,4182,15131,2731,2471,14605.5,5315.5,4925.5
100818,9158,3538,51494,4184,3694,29212,6172,4942,7321,3201,2761,13435.5,5145.5,5235.5
100168,9878,4348,50874,4824,4274,28552,4692,5512,17401,3531,3051,12405.5,4865.5,5025.5
90888,10598,4898,10964,5554,4844,8022,5332,3992,16531,2861,2551,10885.5,5215.5,4745.5
7488,11308,5718,54864,6274,5634,30392,5982,4742,15521,3291,2841,14825.5,5045.5,5055.5
94848,3268,6528,49994,6904,6204,29862,4502,5322,6761,3611,3131,13565.5,5365.5,4865.5
94328,3988,7078,49334,7644,6704,27072,5162,4062,17851,2941,2641,12035.5,5075.5,4625.5
93678,4698,7878,9354,4004,7544,8532,5812,4562,16931,3351,2951,11145.5,4935.5,4915.5
10268,5388,8428,53344,4614,3924,31012,4342,5422,14901,3681,2221,14455.5,5275.5,4675.5
97648,5988,9238,52694,5354,4414,28282,5012,3832,7091,3011,2721,13805.5,4965.5,5225.5
96998,6708,9808,52074,6084,5254,27602,5682,4662,18211,3431,3031,12285.5,4805.5,4725.5
96468,7418,10628,7664,6674,5824,9202,4232,5232,16321,2641,3341,10745.5,5165.5,4755.5
12938,8138,11178,51794,7404,6594,31592,4892,3902,15301,3091,2791,14665.5,4905.5,5045.5
100418,8858,3338,51154,3794,7424,28812,5562,4482,6531,3511,3111,13495.5,5255.5,4805.5
99788,9548,3888,50514,4524,3554,28162,4092,5052,17621,2711,2371,12595.5,5095.5,5085.5
99168,10168,4708,10604,5144,4314,9762,4872,5812,16701,3161,2871,10955.5,5415.5,4865.5
7018,10868,5258,54484,5864,5144,30002,5522,4292,14671,3591,3181,14365.5,5155.5,5135.5
94518,2948,6068,49584,6594,5724,29382,4042,5132,6861,2781,3521,13695.5,4875.5,4895.5
93928,3638,6618,48954,7214,6484,28852,4692,5632,18091,3111,2761,12195.5,5235.5,4665.5
93278,4248,7428,8924,7964,7054,8212,5482,4132,16071,3541,3311,11265.5,5075.5,5215.5
9878,4958,7998,53024,4334,3444,30452,4022,4882,15161,2851,2551,14695.5,4815.5,4975.5
97248,5668,8798,52394,4944,4204,29932,4662,5462,7401,3181,2831,13455.5,5165.5,4735.5
96708,6388,9618,51734,5434,4774,27052,5332,3942,17501,3631,3121,12435.5,4995.5,5025.5
96078,7098,10168,11734,6054,5614,8652,6002,4702,16601,2931,2611,10935.5,5295.5,4785.5
12658,7788,10978,51354,6774,6374,31132,4552,5532,15601,3261,2901,14345.5,5025.5,5075.5
100028,8398,2878,50844,7494,6964,28272,5222,4012,6811,2561,3191,13675.5,4865.5,4845.5
99388,9118,3688,50224,3854,3274,27722,5892,4782,17921,3001,2691,12145.5,5205.5,4625.5
98868,9818,4248,10194,4584,4114,9212,4412,5352,16911,3331,2981,11155.5,4935.5,4935.5
15338,10538,5058,54194,5204,4684,29582,5202,3832,15011,2631,3261,14565.5,5285.5,4675.5
94108,11248,5608,53554,5934,5444,28942,5842,4602,7111,3081,2771,13305.5,5105.5,4995.5
93568,3208,6418,48644,6664,6024,28312,4362,5162,18351,3411,3051,12385.5,4845.5,4995.5
92928,3908,7018,8494,7284,6854,9792,5012,3902,16301,2711,2291,10875.5,5205.5,4765.5
9408,4638,7828,52624,3634,7354,30162,5792,4412,15431,3161,2841,14805.5,4945.5,5035.5
96908,5348,8378,51984,4364,3744,29512,4322,5242,6501,3491,3131,13525.5,5275.5,4825.5
96288,6038,9178,51354,4994,4574,28852,4972,3722,17741,2791,2371,12615.5,5105.5,5085.5
95128,6648,9728,11324,5714,5074,8322,5612,4482,16741,3231,2921,11065.5,4825.5,4875.5
11718,7368,10538,51054,6444,5934,30692,4142,5052,14851,3551,3211,14395.5,5185.5,4615.5
99098,8068,11088,50424,7084,6704,30162,4922,5882,6951,2851,2451,13745.5,5005.5,4945.5
98538,8778,3258,49774,3464,7274,27382,5562,4292,18181,3301,3021,12225.5,5335.5,4715.5
97918,9498,3808,9874,4184,3644,8832,4092,4862,16171,3641,3321,10715.5,5075.5,4475.5
14388,10188,4618,53754,4904,4414,31312,4732,5722,15261,2951,2581,14635.5,4925.5,5025.5
93188,10798,5428,53254,5524,4984,28582,5512,4172,7461,3261,2821,13475.5,5275.5,4785.5
92658,2888,5998,52614,6254,5824,27902,4042,4992,17581,2591,3401,12465.5,4975.5,5075.5
91988,3608,6578,8084,6974,6324,9502,4692,5542,16561,3031,2661,10935.5,5315.5,4835.5
8578,4298,7408,51954,7604,7154,29762,5342,3992,15661,3321,2901,14375.5,5145.5,4605.5
95958,4898,8178,51314,3964,3544,29112,6122,4802,6771,2661,3471,13745.5,4875.5,4885.5
95428,5608,8748,50694,4694,4044,28582,4652,5612,18001,3101,2741,12205.5,5205.5,4655.5
94808,6308,9588,10784,5324,4874,7892,5292,4072,17071,3401,2981,11225.5,5045.5,4945.5
11288,7038,10078,54764,6034,5454,30362,5932,4622,15041,2741,3551,14535.5,5365.5,4965.5
98788,7748,10918,49764,6764,6214,29732,4362,5432,7241,3171,2841,13375.5,5105.5,4715.5
98168,8448,2848,49124,7394,6784,26962,5062,3882,17351,3481,3121,12355.5,4945.5,5005.5
97518,9048,3608,9074,3754,7624,8552,5732,4712,16441,2821,2361,10835.5,5275.5,4775.5
14108,9768,4208,53204,4504,3934,30922,4272,5282,15411,3251,2911,14285.5,4985.5,4535.5
101478,10458,4968,52574,5234,4774,30162,4972,3712,6641,3561,3201,13645.5,4815.5,4825.5
92198,11178,5538,51914,5854,5344,27402,5662,4552,17751,2891,2441,12105.5,5155.5,4585.5
91588,3138,6378,7534,6574,6094,8972,4202,5332,16831,3321,2991,11075.5,4875.5,4875.5
8188,3858,7138,51654,7294,6674,31452,4872,3812,14831,2631,3271,14505.5,5205.5,4635.5
95588,4568,7718,50974,3564,7534,28682,5562,4342,7021,2961,2511,13865.5,5045.5,5185.5
95058,5288,8288,50324,4284,3894,28052,4132,5172,18271,3401,3061,12365.5,5385.5,4975.5
94378,6008,9058,10404,5014,4444,9612,4802,5702,16271,2711,3351,10815.5,5205.5,4765.5
10988,6698,9888,54384,5644,5254,29852,5472,4182,15361,3031,2581,14725.5,4935.5,5075.5
98348,7288,10458,53774,6364,5804,29192,4022,4972,7471,3471,2871,13465.5,5285.5,4785.5
97818,8008,11218,48854,7094,6614,28682,4692,5542,17571,2781,2371,11945.5,4995.5,4575.5
97198,8708,2648,8684,7724,7164,8012,5382,4232,16671,3121,2661,11065.5,4835.5,4885.5
13688,9438,3408,52794,4084,3524,30502,3932,4802,14641,3541,2951,14355.5,5175.5,4605.5
101178,10148,3988,52164,4824,4334,29872,4592,5592,6841,2851,2451,13705.5,5015.5,4915.5
100558,10848,4818,51524,5544,4884,27102,5292,4072,18071,3191,2741,12185.5,5215.5,4695.5
91308,11448,5318,11604,6174,5694,8582,5982,4582,15951,3501,3021,10655.5,5045.5,4675.5
7778,3548,6158,51224,6904,6264,31052,4522,5422,15031,2801,2531,14585.5,4865.5,4985.5
95278,4248,6728,50574,7634,7094,28262,5202,3852,7251,3221,2811,13405.5,5235.5,4535.5
94618,4938,7498,50054,3894,3424,27612,5892,4692,17351,3671,3121,12475.5,4955.5,5085.5
93968,5548,8068,10004,4614,4004,9182,4462,5212,16461,2981,2391,10975.5,5275.5,4845.5
10568,6258,8908,53994,5344,4784,29532,5132,3712,15551,3291,2911,14275.5,5115.5,5135.5
97978,6968,9668,53364,5964,5364,28892,5792,4522,6621,3731,3221,13605.5,4845.5,4895.5
97448,7688,10268,48484,6684,6154,28252,4332,5342,17841,2921,2691,12105.5,5165.5,4655.5
96778,8408,2388,8334,7414,6724,9832,5012,3792,16971,3351,3001,11165.5,4985.5,4945.5
13378,9088,2948,52464,3774,7244,30072,5702,4342,14931,3701,3271,14595.5,5325.5,4715.5
100738,9688,3788,51864,4394,3634,29522,4252,5152,7141,3031,2531,13325.5,5065.5,4995.5
100208,10408,4288,51234,5124,4424,28882,4922,3602,18241,3481,3061,12425.5,4895.5,5025.5
99598,11118,5118,11184,5844,4994,8192,5612,4422,16331,2781,3371,10785.5,5235.5,4795.5
7448,3198,5698,55184,6484,5784,30682,4182,4972,15321,3111,2581,14735.5,4955.5,5075.5
94928,3798,6458,50304,7224,6354,30032,4852,5782,7531,3541,2921,13585.5,5285.5,4835.5
94318,4518,7038,49654,7944,7144,27242,5522,4232,17631,2841,2421,12075.5,5115.5,5125.5
93668,5218,7868,9474,4214,3524,8862,4072,5062,16741,3181,2711,11025.5,4935.5,4885.5
10268,5928,8398,53634,4934,4044,31242,4732,5632,14721,3501,2991,14475.5,5275.5,4655.5
97628,6648,9228,52984,5664,4874,28462,5432,4112,6941,2921,2501,13845.5,4985.5,4935.5
96978,7338,9998,52444,6294,5664,27702,3972,4872,18061,3271,2781,12325.5,5325.5,4695.5
96368,7948,10568,7924,7014,6234,9272,4652,5452,16011,3581,3071,10695.5,5165.5,5245.5
12968,8658,2498,52034,7744,7024,29622,5342,4192,15121,2871,2571,14625.5,4865.5,5005.5
100368,9368,3268,51504,4094,3164,28982,6032,4692,7331,3291,2861,13455.5,5225.5,4775.5
99838,10088,4088,50854,4714,3984,28332,4582,5522,17461,2601,3151,12545.5,5075.5,5085.5
99168,10808,4658,10814,5444,4794,7802,5242,4002,16561,3011,2651,11005.5,5285.5,4865.5
7028,11488,5428,54834,6174,5344,30162,5792,4762,15651,3321,2931,14315.5,5115.5,5185.5
94528,3458,5998,49944,6794,6154,29612,4332,5342,6761,2631,3211,13675.5,4935.5,4895.5
93878,4188,6838,49034,7514,6704,28972,5032,3822,17871,3081,2721,12135.5,5265.5,4685.5
93248,4898,7358,8904,3874,3064,8302,5702,4582,16961,3401,3001,11245.5,5075.5,4995.5
9838,5598,8198,53024,4604,3874,30772,4232,5152,14931,2701,2241,14545.5,4785.5,4715.5
97238,6198,8958,52364,5074,4424,30152,4872,3892,7151,3031,2791,13415.5,5125.5,5285.5
96608,6918,9538,51754,5704,5234,27372,5652,4382,18371,3481,3081,12395.5,4965.5,5075.5
96088,7608,10108,7324,6434,5774,8952,4182,5222,16371,2781,3371,10875.5,5295.5,4785.5
12588,8338,10868,51444,7164,6614,31422,4822,5792,15451,3091,2871,14305.5,5015.5,5095.5
100058,9048,3068,50834,3434,7184,28642,5472,4462,6541,3511,3161,13655.5,4855.5,4915.5
99398,9748,3638,50184,4174,3564,28022,3992,5032,17771,2821,2421,12115.5,5185.5,5185.5
98758,10348,4398,10064,4904,4334,9472,4772,5872,16841,3261,2731,11135.5,4895.5,4955.5
15348,11068,4968,54184,5504,4904,29832,5422,4302,14811,3591,3301,14455.5,5235.5,4715.5
94118,3158,5798,53634,6244,5734,29182,3952,4872,7011,2901,2501,13305.5,5065.5,5005.5
93498,3848,6328,48634,6974,6504,28562,4602,5642,18131,3331,2811,12295.5,4785.5,4765.5
92328,4438,7158,8474,7574,7074,8042,5382,4122,16131,3661,3121,10785.5,5125.5,4525.5
8928,5158,7668,52594,3964,3454,30392,6032,4692,15211,2971,2561,14695.5,4965.5,5075.5
96408,5868,8498,51984,4684,4224,29752,4552,5452,7441,3411,2871,13575.5,5295.5,4845.5
95768,6588,9068,51364,5414,4804,26992,5192,3932,17531,2721,3191,12035.5,5025.5,4605.5
95138,7318,9838,11454,6034,5634,8592,5972,4772,16641,3041,2641,11015.5,4865.5,4895.5
11618,8008,10678,51054,6764,6134,30962,4502,5272,15651,3481,2951,14435.5,5205.5,4655.5
99108,8598,2608,50414,7494,6964,30442,5152,3752,6701,2801,3291,13695.5,4945.5,4945.5
98458,9318,3368,49804,3754,3344,27572,5792,4572,17951,3121,2791,12175.5,5295.5,4705.5
97928,10008,3938,9754,4494,3844,9152,4332,5362,15921,3561,3071,10655.5,5115.5,4995.5
14418,10738,4538,53884,5224,4674,31632,5102,3842,15011,2881,2311,14595.5,4845.5,4765.5
93178,11448,5338,53234,5824,5254,28872,5742,4342,7231,3201,2861,13485.5,5185.5,4785.5
92648,3408,6158,48234,6574,6014,28232,4272,5172,17341,3521,3151,12445.5,5005.5,5075.5
92008,4118,6698,8194,7304,6584,9572,4912,3652,16431,2811,2391,10905.5,5345.5,4835.5
8588,4838,7518,52234,3654,7424,29932,5702,4422,15431,3231,2941,14335.5,5065.5,4595.5
95938,5558,8068,51704,4294,3764,29272,4222,4992,6631,3541,3231,13685.5,4905.5,4875.5
95418,6238,8878,51054,5004,4334,28622,4872,5822,17751,2861,2471,12165.5,5235.5,4665.5
94738,6848,9428,10884,5734,5094,8102,5522,4232,16851,3301,3021,11125.5,4945.5,4975.5
11348,7558,10238,54994,6354,5934,30452,4042,5072,14811,3621,3301,14575.5,5305.5,4715.5
98738,8268,10788,50124,7084,6504,29912,4832,5642,7031,2931,2531,13305.5,5135.5,5025.5
98108,8988,2958,49464,7804,7274,27162,5472,4312,18241,3381,3081,12385.5,4855.5,4765.5
97468,9708,3528,9404,4074,3654,8612,3992,4882,16211,2701,3371,10875.5,5185.5,4555.5
14078,10398,4368,53434,4824,4224,31122,4642,5462,15331,3001,2611,14815.5,5025.5,5085.5
101558,10988,4888,52904,5554,4984,28362,5422,4122,7521,3451,3161,13535.5,5355.5,4865.5
92188,11708,5728,52274,6144,5554,27692,6072,4692,17601,2771,3451,12015.5,5075.5,4605.5
91658,3798,6238,7734,6894,6384,9302,4602,5522,16601,3081,2691,11075.5,5405.5,4915.5
8138,4508,7078,51864,7624,6914,29522,5242,3932,15691,3531,2971,14495.5,5235.5,4655.5
95638,5098,7868,51254,3974,3294,28872,6032,4762,6781,2851,2481,13755.5,4955.5,4995.5
94978,5818,8438,50724,4604,4064,28342,4552,5342,18011,3161,2791,12235.5,4795.5,4755.5
94328,6518,9228,10554,5334,4894,9812,5072,4012,15991,3611,3101,10725.5,5125.5,4525.5
10908,7238,9798,54664,6064,5474,30172,5742,4602,15101,2921,2361,14635.5,4955.5,4805.5
98408,7948,10588,49774,6684,6234,29542,4312,5372,7291,3231,2861,13465.5,5285.5,4825.5
97778,8638,2538,49154,7414,6804,28892,5002,3842,17411,3541,3171,12445.5,5015.5,4585.5
97118,9248,3358,8984,3764,7644,8252,5672,4422,16521,2951,2441,10925.5,5325.5,4875.5
13728,9958,3908,53124,4394,3954,30722,4202,5182,15491,3271,2941,14385.5,5155.5,4635.5
101098,10668,4718,52504,5144,4524,30072,4872,3662,6731,2581,3241,13755.5,4885.5,4925.5
100568,11368,5268,51854,5874,5364,27312,5542,4492,17821,3031,2511,12215.5,5235.5,4695.5
91198,3358,6078,11934,6474,5864,8892,4092,5002,16901,3351,3011,11195.5,5075.5,4985.5
7778,4088,6628,51314,7224,6704,31372,4782,5832,14871,2661,2271,14625.5,4795.5,4745.5
95258,4768,7438,50674,7954,7264,28502,5442,4312,7061,3111,2601,13345.5,5135.5,4505.5
94648,5488,7978,50024,4294,3834,27982,3992,5062,18291,3421,3151,12445.5,4955.5,5055.5
93978,6188,8788,9974,4924,4414,9462,4672,5662,16261,2731,3441,10905.5,5285.5,4815.5
10588,6878,9358,54104,5654,4984,29792,5332,4072,15361,3171,2681,14845.5,4995.5,4585.5
97968,6948,10178,53474,6384,5744,29132,3902,4902,7461,3491,3231,13595.5,4835.5,4865.5
97428,7658,10728,48544,7004,6584,28492,4572,5482,17581,2811,2471,12065.5,5175.5,4635.5
96788,8348,2888,8394,7734,7154,7972,5352,3882,16681,3251,2761,11145.5,5005.5,4925.5
13378,9078,3438,52504,4084,3204,30202,6002,4722,14651,3571,3041,14445.5,5325.5,4685.5
100748,9778,4258,51864,4724,4064,29562,4522,5292,6871,2881,2551,13805.5,5055.5,4445.5
100108,10378,5068,51224,5474,4564,29032,5192,3962,18111,3331,2831,12285.5,4885.5,4755.5
99598,11098,5618,11174,6204,5404,8412,5862,4532,16081,3651,3131,10755.5,5225.5,4535.5
7458,3168,6428,50934,6794,5974,30862,4412,5372,15161,2951,2621,14685.5,4945.5,4845.5
94828,3878,6978,50274,7544,6734,30232,5102,3782,7381,3401,2911,13565.5,5285.5,4825.5
94278,4588,7788,49754,3904,7314,27452,5772,4612,17481,2721,3191,12055.5,5105.5,4615.5
93648,5278,8378,9584,4634,3684,8922,4322,5182,16561,3011,2691,11065.5,4845.5,4925.5
10128,5868,9188,53694,5254,4454,31402,4992,3852,15661,3351,2981,14365.5,5195.5,4645.5
97618,6558,9738,53064,5984,5284,28632,5662,4432,6741,2671,2221,13715.5,4905.5,4955.5
96998,7268,10548,52434,6714,5854,27982,4222,4992,17961,3111,2771,12195.5,5245.5,4735.5
96448,7978,11098,7994,7334,6624,9572,4892,3662,16971,3431,3051,11295.5,5065.5,4975.5
12928,8668,3268,52124,3684,7214,29822,5672,4232,15041,2751,3341,14585.5,5405.5,4765.5
100428,9398,3818,51474,4454,3534,29262,4202,5062,7141,3191,2841,13455.5,5225.5,4575.5
99758,10108,4628,50954,4814,4364,28612,4852,5832,18371,3481,3151,12425.5,4945.5,4865.5
99118,10818,5178,10794,5564,4944,8062,5522,4312,16341,2781,3461,10925.5,5305.5,4895.5
7068,2768,5988,54894,6284,5704,30432,4062,4902,15441,3231,2681,14855.5,5135.5,4655.5
94458,3498,6538,50004,6884,6274,29822,4742,5712,6511,3661,3251,13705.5,4855.5,4945.5
93838,4208,7328,49364,7644,7114,27032,5432,4172,17741,2971,2471,12175.5,5185.5,4705.5
93308,4908,8138,9184,3994,3424,8632,3972,4722,16741,3311,2781,11125.5,5015.5,4995.5
9808,5598,8688,53334,4624,3994,31102,4642,5532,14701,2621,3311,14565.5,5355.5,4745.5
97298,6198,9488,52704,5354,4824,28312,5312,3982,6921,2931,2571,13405.5,5175.5,4515.5
96668,6888,10038,52154,6104,5604,27682,5982,4802,18171,3371,2821,12385.5,4895.5,4795.5
96018,7608,10848,7614,6724,6154,9262,4552,5352,16141,2671,3131,10865.5,5225.5,4565.5
12608,8298,2758,51734,7494,6994,31642,5222,4062,15261,2981,2611,14805.5,4955.5,5115.5
99988,8988,3568,51204,3754,3304,28892,6002,4602,7351,3401,2951,13525.5,4775.5,4875.5
99368,9718,4118,50564,4484,3884,28232,4272,5412,17471,2721,3231,12005.5,5115.5,5165.5
98838,10428,4928,10384,5234,4714,9832,5052,3892,16581,3151,2741,11085.5,4955.5,4925.5
14828,11138,5508,54534,5844,5214,30052,5742,4462,15691,3461,3021,14515.5,5295.5,4685.5
93558,3098,6318,49644,6604,6054,29512,4282,5302,6801,2771,2261,13855.5,5005.5,4975.5
92918,3828,6868,49004,7204,6624,28872,4962,3712,17911,3211,2811,12315.5,5335.5,4745.5
92308,4538,7678,8854,3594,7394,8202,5612,4542,17021,3511,3101,10785.5,5135.5,5025.5
8888,5228,8488,52994,4354,3774,30712,4132,5112,15031,2811,3391,14715.5,4975.5,4795.5
96368,5928,9038,52354,4974,4374,29972,4782,5882,7231,3271,2891,13435.5,5305.5,4815.5
95718,6518,9848,51724,5734,5184,27192,5562,4362,17351,3581,3181,12535.5,5035.5,5125.5
95058,7208,10388,11574,6334,5734,8662,4092,5192,16461,2891,2421,11005.5,5365.5,4915.5
11678,7928,11198,51454,7084,6534,31142,4732,5692,15431,3351,2971,14335.5,5205.5,4705.5
99158,8628,3108,50814,7804,7084,28382,5372,4182,6561,3661,3251,13675.5,4925.5,4945.5
98508,9328,3918,49884,4164,3444,27762,3902,4742,17781,2971,2491,12155.5,5235.5,4735.5
97898,10048,4448,9764,4794,4254,9322,4682,5512,16891,3421,2781,11165.5,5065.5,4505.5
14378,10758,5258,53884,5554,5064,29542,5332,3992,14871,3741,3321,14575.5,5395.5,4745.5
101848,2728,5808,53344,6174,5614,28912,5982,4822,7071,3051,2561,13435.5,5115.5,4535.5
92578,3418,6618,48334,6934,6424,28392,4502,5312,18181,3491,2851,12395.5,4955.5,4845.5
91958,4148,7428,8174,7534,6974,9862,5282,4052,16171,2661,3401,10865.5,5285.5,4825.5
8548,4868,7978,52304,3924,3354,30212,5942,4632,15281,3121,2631,14795.5,5135.5,5135.5
95928,5568,8798,51684,4684,4194,29582,4452,5392,7491,3461,2921,13665.5,4835.5,4945.5
95408,6258,9348,51064,5294,4764,28932,5102,3872,17581,2771,2451,12125.5,5195.5,5235.5
94758,6838,10158,11034,6054,5534,8292,5882,4442,16661,3191,2761,11105.5,4905.5,4995.5
11238,7528,10708,50764,6654,6104,30772,4412,5232,15621,3531,3071,14525.5,5255.5,4765.5
98718,8248,2868,50114,7414,6934,30142,5062,3712,6821,2851,2521,13275.5,5095.5,5055.5
98098,8958,3458,49494,3764,7444,27372,5702,4472,18031,3271,2841,12385.5,5445.5,4815.5
97458,9648,4268,9444,4404,3824,8972,4232,5042,17021,3601,3151,10745.5,5185.5,4575.5
14078,10378,4818,53594,5134,4644,31342,5012,3782,15011,2911,2601,14685.5,5025.5,4865.5
101458,11088,5638,52934,5874,5154,28572,5662,4292,7251,3341,2911,13575.5,5245.5,4625.5
92198,3058,6178,52294,6494,5994,27932,4182,5122,17351,2541,3221,12565.5,5085.5,4655.5
91578,3738,6998,7904,,6564,9512,4822,5692,16431,2961,2681,,4915.5,4945.5
8168,4468,7548,52014,,7324,29862,5602,4362,15531,3421,2981,,5245.5,4705.5
95558,5178,8358,51344,,3704,29212,4132,4932,6611,2621,3311,,4965.5,4985.5
94938,5888,8908,50704,,4284,28572,4782,5762,17851,3041,2551,,5315.5,4745.5
94408,6578,9718,10654,,5044,7932,5432,4192,16951,3501,3101,,5125.5,5035.5
10908,7168,10288,54794,,5874,30442,3952,4772,14901,2691,3391,,4845.5,4795.5
98398,,11128,49774,,6454,29772,4732,5532,7131,3111,,,5185.5,4565.5
97768,,3058,49134,,7214,27002,5382,4012,18251,3571,,,,5115.5
97118,,3818,9104,,3594,8572,6022,4842,16331,2771,,,,4875.5
13698,,4388,53134,,4174,30972,4552,5612,15321,3191,,,,5165.5
101088,,5218,52604,,4964,30352,5332,4092,6531,3531,,,,4925.5
100558,,5988,51954,,5534,27422,5982,4662,17641,2851,,,,4715.5
91278,,6558,7524,,6284,9012,4502,5422,16641,3261,,,,5025.5
,,,,,,31502,,3902,15741,3611,,,,4765.5
,,,,,,28732,,4742,6831,2921,,,,5075.5
,,,,,,28092,,5242,18071,3331,,,,4815.5
,,,,,,9642,,3712,16041,3671,,,,4605.5
,,,,,,29882,,4552,15141,2991,,,,5125.5
,,,,,,29242,,5302,7341,3411,,,,4915.5
,,,,,,28712,,3782,17431,2611,,,,5175.5
,,,,,,,,,,,,,,4955.5
,,,,,,,,,,,,,,4695.5
,,,,,,,,,,,,,,5035.5
,,,,,,,,,,,,,,4795.5
,,,,,,,,,,,,,,4555.5
,,,,,,,,,,,,,,4845.5
