250k-SF128-1024B,250k-SF128-128B,250k-SF128-12B,64k5-SF2048-4o6-1024B,64k5-SF2048-4o6-128B,64k5-SF2048-4o6-12B
817.35708,109.05107,21.38849,40864.95994,5441.17867,1181.14005
817.35851,109.05246,21.38564,40864.45998,5441.18308,1181.1273
817.36246,109.0484,21.38778,40865.1208,5441.18815,1181.13129
817.35738,109.04959,21.38882,40864.62085,5441.17636,1181.13453
817.35809,109.04945,21.38664,40865.12108,5441.18165,1181.13854
817.35912,109.0505,21.38771,40864.62112,5441.1701,1181.12584
817.35528,109.04681,21.38988,40865.13912,5441.17517,1181.12983
817.36175,109.0514,21.38746,40864.63916,5441.17942,1181.13304
817.35751,109.04732,21.38527,40865.13985,5441.16881,1181.13553
817.35969,109.04851,21.38667,40864.6399,5441.17305,1181.12353
817.35948,109.04834,21.38879,40865.14188,5441.17813,1181.12648
817.35591,109.04906,21.38619,40864.64193,5441.16636,1181.12923
817.35414,109.0489,21.38799,40865.14247,5441.1714,1181.13318
817.35601,109.05035,21.38937,40864.64252,5441.17563,1181.13642
817.36156,109.05178,21.38731,40865.12814,5441.18098,1181.12437
817.35717,109.04938,21.38869,40864.62819,5441.16923,1181.12763
817.35944,109.05085,21.39054,40865.12889,5441.17435,1181.13164
817.35758,109.04722,21.38793,40864.62894,5441.1787,1181.13489
817.35822,109.04829,21.38588,40865.13064,5441.16791,1181.13891
817.35602,109.04817,21.38727,40864.63068,5441.17232,1181.12587
817.35949,109.04882,21.38908,40865.13156,5441.17755,1181.1299
817.35524,109.04636,21.38648,40864.63161,5441.16588,1181.13317
817.35827,109.04598,21.38865,40865.13339,5441.17105,1181.13722
817.35946,109.05158,21.38614,40864.63343,5441.17538,1181.12446
817.35768,109.04494,21.38827,40865.1345,5441.18087,1181.12853
817.35952,109.05005,21.38535,40864.63455,5441.16929,1181.13179
817.35863,109.04648,21.39146,40865.13628,5441.17449,1181.13585
817.35758,109.04742,21.38861,40864.63632,5441.17903,1181.1231
817.35707,109.04891,21.38677,40865.13752,5441.16835,1181.12714
817.35863,109.05036,21.38816,40864.63756,5441.1727,1181.13018
817.36261,109.04633,21.386,40865.13938,5441.17811,1181.13419
817.3589,109.05089,21.38734,40864.63943,5441.16663,1181.13722
817.3592,109.04706,21.38916,40865.13988,5441.17183,1181.12517
817.35509,109.04753,21.39053,40864.63993,5441.17619,1181.12853
817.35549,109.04892,21.38845,40865.14252,5441.16541,1181.11663
817.36144,109.04891,21.38582,40864.64257,5441.16974,1181.1197
817.3571,109.04998,21.38796,40865.12741,5441.17495,1181.12373
817.35726,109.05025,21.38544,40864.62746,5441.16335,1181.12697
817.35882,109.04731,21.38759,40865.13011,5441.16851,1181.13103
817.35584,109.04718,21.38901,40864.63016,5441.17283,1181.13429
817.35932,109.04766,21.38718,40865.13165,5441.16199,1181.12229
817.36084,109.0479,21.38823,40864.6317,5441.16629,1181.12525
817.35816,109.04908,21.38607,40865.13397,5441.17174,1181.12924
817.35792,109.04905,21.38747,40864.63401,5441.17631,1181.11652
817.35614,109.04575,21.38965,40865.13557,5441.16548,1181.12053
817.35849,109.04957,21.3868,40864.63562,5441.16961,1181.12353
817.35555,109.05017,21.38893,40865.13781,5441.17476,1181.12751
817.35908,109.05011,21.38648,40864.63786,5441.17909,1181.13051
817.35538,109.0472,21.38864,40865.13919,5441.16827,1181.11846
817.36011,109.04868,21.38613,40864.63924,5441.17264,1181.12151
817.35573,109.04967,21.38828,40865.12536,5441.17776,1181.12553
2317.3573,109.05114,21.38967,40864.62541,5441.16634,1181.12876
817.3606,109.04861,21.38747,40865.14269,5441.17146,1181.13277
817.36084,109.04997,21.38886,40864.64273,5441.17582,1181.12009
817.35992,109.0498,21.3867,40865.12956,5441.16516,1181.12413
817.35772,109.05037,21.38802,40864.62961,5441.16965,1181.12707
817.35711,109.05019,21.3899,40865.13031,5441.17502,1181.1311
817.35904,109.04691,21.38729,40864.63036,5441.1796,1181.13405
817.35754,109.04674,21.38918,40865.13315,5441.16888,1181.1221
817.3579,109.04741,21.38656,40864.6332,5441.17331,1181.12537
817.35738,109.0488,21.38845,40865.13425,5441.17863,1181.12932
817.35609,109.04875,21.38983,40864.6343,5441.16714,1181.13262
817.35371,109.04545,21.38773,40865.13725,5441.17248,1181.12064
817.35588,109.04689,21.38911,40864.6373,5441.17703,1181.12392
817.35755,109.04431,21.38701,40865.12272,5441.16617,1181.12792
817.36021,109.04965,21.3884,40864.62277,5441.17076,1181.13112
817.35995,109.04985,21.38628,40865.12528,5441.17615,1181.13514
817.35459,109.05048,21.38767,40864.62533,5441.16475,1181.12214
817.35756,109.04644,21.38984,40865.12708,5441.17008,1181.12614
817.36307,109.0471,21.38728,40864.62713,5441.17454,1181.12919
817.36132,109.04704,21.38482,40865.12987,5441.16389,1181.13318
817.36258,109.04762,21.39046,40864.62992,5441.16841,1181.1205
817.35999,109.04758,21.38827,40865.13153,5441.1738,1181.12454
817.35702,109.04816,21.38966,40864.63158,5441.17806,1181.12748
817.359,109.048,21.38744,40865.13404,5441.16746,1181.13151
817.36037,109.04513,21.38851,40864.63409,5441.172,1181.11884
817.35969,109.04652,21.38632,40865.13535,5441.17733,1181.12289
817.35781,109.04674,21.38769,40864.6354,5441.16583,1181.12518
817.35843,109.04734,21.38983,40865.12193,5441.17135,1181.12912
817.35932,109.04716,21.38727,40864.62198,5441.17599,1181.13213
817.35644,109.04423,21.38909,40865.12383,5441.16552,1181.12016
817.35777,109.0452,21.38647,40864.62388,5441.17022,1181.12344
817.35801,109.04658,21.38863,40865.12715,5441.17568,1181.12738
817.35816,109.04679,21.39006,40864.62719,5441.16427,1181.13067
817.35558,109.04339,21.38787,40865.12873,5441.16954,1181.13465
817.35298,109.04716,21.38495,40864.62877,5441.17416,1181.12192
817.3603,109.04784,21.38711,40865.13208,5441.17944,1181.12593
817.35882,109.04805,21.38859,40864.63213,5441.16804,1181.12895
817.3579,109.04484,21.38676,40865.13421,5441.17327,1181.13169
817.35706,109.04903,21.38811,40864.63425,5441.17785,1181.13571
817.35971,109.04966,21.38593,40865.1217,5441.1672,1181.12291
817.35745,109.04949,21.38729,40864.62175,5441.172,1181.12693
817.35363,109.04613,21.38523,40865.12329,5441.17723,1181.13022
817.35695,109.04907,21.39052,40864.62333,5441.16578,1181.13427
817.35869,109.05001,21.38844,40865.12653,5441.17111,1181.12153
817.36427,109.04749,21.38982,40864.62657,5441.17576,1181.1256
817.36003,109.04742,21.38775,40865.12848,5441.16512,1181.12855
817.35535,109.04449,21.38913,40864.62853,5441.16976,1181.13252
817.35585,109.04713,21.39094,40865.13135,5441.17504,1181.11975
817.36113,109.0442,21.38833,40864.6314,5441.17957,1181.12385
817.35461,109.04909,21.38615,40865.13358,5441.16893,1181.12683
817.35849,109.04503,21.38755,40864.63363,5441.17346,1181.13093
817.36051,109.04957,21.3897,40865.13648,5441.17879,1181.13423
817.35816,109.04955,21.38724,40864.63653,5441.16744,1181.12228
817.36039,109.04616,21.38503,40865.12235,5441.17291,1181.12528
817.35615,109.04636,21.39041,40864.6224,5441.17773,1181.12977
817.36137,109.04696,21.38822,40865.12556,5441.16706,1181.1331
817.35812,109.0468,21.38567,40864.62561,5441.17169,1181.12117
817.35606,109.0474,21.38783,40865.12722,5441.17716,1181.1245
817.35711,109.04725,21.38922,40864.62727,5441.16571,1181.12849
817.35698,109.04784,21.38713,,5441.17075,1181.13177
817.35761,109.0478,21.38852,,5441.17465,1181.11978
817.35579,109.04445,21.38641,,5441.1802,1181.13881
817.35809,109.04978,21.3878,,5441.16905,1181.12684
817.35538,109.04723,21.38571,,5441.17438,1181.13012
817.355,109.04313,21.38708,,5441.17803,1181.13417
817.35985,109.04805,21.385,,5441.16731,1181.12145
817.35551,109.04946,21.3903,,5441.17191,1181.12553
817.36139,109.0493,21.38823,,5441.17699,1181.12854
817.35569,109.04645,21.3856,,5441.16562,1181.1325
817.35986,109.04785,21.38738,,5441.17092,1181.11975
817.35599,109.04767,21.38444,,5441.17532,1181.12375
817.35627,109.04872,21.39052,,5441.18059,1181.12708
817.35896,109.04622,21.39192,,5441.16895,1181.13108
817.35856,109.0433,21.38975,,5441.17416,1181.1181
817.35623,109.04863,21.38678,,5441.17873,1181.12212
817.35402,109.04485,21.3846,,5441.16877,1181.1252
817.36049,109.04553,21.39025,,5441.17312,1181.1294
817.35613,109.04929,21.38807,,5441.16233,1181.13262
817.35729,109.04596,21.38944,,5441.16697,1181.12059
817.35624,109.04305,21.38726,,5441.17234,1181.12385
817.35773,109.04792,21.38468,,5441.17691,1181.12786
817.3558,109.04381,21.38687,,5441.16623,1181.13111
817.3592,109.04877,21.38825,,5441.17097,1181.11917
817.35978,109.04898,21.38618,,5441.1763,1181.12239
817.35706,109.04563,21.39147,,5441.16487,1181.12646
817.36023,109.0471,21.38934,,5441.17021,1181.12946
817.35779,109.0485,21.38639,,5441.17472,1181.13354
817.3577,109.04564,21.38856,,5441.18004,1181.13683
817.36072,109.04705,21.38562,,5441.1685,1181.12487
817.35579,109.04705,21.3878,,5441.17381,1181.12818
817.35791,109.04418,21.38488,,5441.16238,1181.11624
817.35848,109.04915,21.387,,5441.16768,1181.11945
817.35509,109.04939,21.38838,,5441.17221,1181.12347
817.35682,109.04575,21.39051,,5441.17759,1181.12575
817.35539,109.04592,21.38755,,5441.16566,1181.1298
817.35722,109.04653,21.38536,,5441.17101,1181.11682
817.35749,109.05037,21.38678,,5441.17471,1181.12082
817.3586,109.04746,21.38459,,5441.18033,1181.12386
817.35812,109.04892,21.38566,,5441.16895,1181.12787
817.35582,109.04635,21.38778,,5441.17429,1181.13114
817.35881,109.0478,21.38916,,5441.17862,1181.11913
817.35874,109.04766,21.38707,,5441.16807,1181.12239
817.35724,109.0443,21.39238,,5441.17208,1181.12643
817.35576,109.04571,21.39021,,5441.17738,1181.12968
817.35594,109.0495,21.38768,,5441.16614,1181.11768
817.35879,109.04621,21.38952,,5441.1716,1181.12094
817.35815,109.04771,21.39092,,5441.17614,1181.12489
817.35629,109.04364,21.38886,,5441.16543,1181.12817
817.35696,109.0443,21.38627,,5441.16996,1181.13213
817.35756,109.04573,21.38838,,5441.1754,1181.11937
817.35977,109.04682,21.38976,,5441.16399,1181.12339
817.35743,109.047,21.38763,,5441.1693,1181.12637
817.36175,109.04762,21.38871,,5441.17311,1181.13039
817.35781,109.04474,21.38652,,5441.16251,1181.13339
817.35508,109.04614,21.38789,,5441.16708,1181.12147
817.35706,109.04763,21.3857,,5441.17248,1181.1245
817.35563,109.04509,21.38711,,5441.17672,1181.12853
817.35507,109.04253,21.38899,,5441.16611,1181.13158
817.3548,109.04398,21.39039,,5441.17065,1181.11966
817.35295,109.0454,21.38831,,5441.17605,1181.1229
817.35544,109.04539,21.38968,,5441.16458,1181.12693
817.36201,109.04599,21.38761,,5441.16993,1181.12921
817.3543,109.04597,21.389,,5441.17417,1181.1172
817.35332,109.04305,21.38689,,5441.16354,1181.12027
817.3596,359.04521,21.38825,,5441.1681,1181.12431
817.35635,109.046,21.38617,,5441.17348,1181.12757
817.36202,109.04594,21.38753,,5441.17804,1181.13161
817.36032,109.04696,21.38547,,5441.16735,1181.11881
817.35572,109.0441,21.38683,,5441.17196,1181.12286
817.35676,109.04551,21.38475,,5441.17753,1181.12595
817.35868,109.04551,21.38612,,5441.16587,1181.13002
817.35896,109.0461,21.38794,,5441.17137,1181.11708
817.3596,109.04608,21.38535,,5441.17602,1181.12109
817.35919,109.04709,21.38747,,5441.16556,1181.12442
817.35913,109.04704,21.38884,,5441.17001,1181.12841
817.35517,109.04373,21.39097,,5441.17525,1181.13142
817.35854,109.04482,21.38841,,5441.17981,1181.1195
817.35749,109.04501,21.38623,,5441.16909,1181.12252
817.35589,109.04603,21.38722,,5441.17292,1181.12652
817.35364,109.04349,21.38515,,5441.16226,1181.12956
817.35727,109.04493,21.38652,,5441.16679,1181.1336
817.35564,109.04604,21.38834,,5441.17212,1181.12061
817.35605,109.04585,21.38574,,5441.17672,1181.12465
817.35741,109.04688,21.38792,,5441.166,1181.12793
817.35739,109.04402,21.38541,,5441.1706,1181.11591
817.3574,109.04544,21.38327,,5441.1759,1181.11919
817.35847,109.04539,21.38864,,5441.17971,1181.12322
817.35676,109.04634,21.38647,,5441.16894,1181.1265
817.35493,109.04381,21.38789,,,1181.13059
817.35648,109.04367,21.38568,,,1181.11762
817.35543,109.04464,21.38676,,,1181.1217
817.35769,109.04607,21.38889,,,1181.12499
817.35703,109.04592,21.39026,,,1181.12905
817.35765,109.04264,21.38815,,,1181.13203
817.35381,109.04411,21.3852,,,1181.12004
817.35717,109.04394,21.38736,,,1181.12325
817.35752,109.04456,21.38877,,,1181.12729
817.35714,109.04446,21.3906,,,1181.1306
817.35806,109.04549,21.38765,,,1181.11865
817.35848,109.04693,21.3898,,,1181.12185
817.35809,109.04438,21.38729,,,1181.12585
817.35978,109.04422,21.38942,,,1181.11314
817.35664,109.04528,21.38655,,,1181.11715
817.3598,109.04671,21.38873,,,1181.1364
817.35762,109.04669,21.38624,,,1181.1244
817.35718,109.04332,21.38405,,,1181.12761
817.35918,109.04709,21.38512,,,1181.11576
817.35784,109.04381,21.38724,,,1181.11903
817.35838,109.04523,21.3847,,,1181.12309
817.36052,109.04668,21.38648,,,1181.12648
817.35817,109.04615,21.39179,,,1181.11446
817.35474,109.04732,21.38971,,,1181.13375
817.35608,109.04752,21.38712,,,1181.1219
817.36122,109.04418,21.38902,,,1181.12517
817.35515,109.04566,21.38606,,,1181.1292
817.35452,109.0455,21.38789,,,1181.13245
817.35862,109.04623,21.38928,,,1181.12047
817.35482,109.04372,21.38724,,,1181.12348
817.35863,109.04367,21.38465,,,1181.12748
817.35967,109.0447,21.38655,,,1181.13046
817.35906,109.04466,21.39187,,,1181.13444
817.35931,109.04526,21.38977,,,1181.12172
817.35689,109.04635,21.38716,,,1181.12574
817.3589,109.04657,21.38498,,,1181.12875
817.35416,109.04716,21.38993,,,1181.13276
817.35764,109.04316,21.38775,,,1181.13501
817.35937,109.04772,21.38531,,,1181.12307
817.36234,359.0431,21.38747,,,1181.12605
817.36153,109.0439,21.38502,,,1181.13006
817.35556,109.04383,21.38717,,,1181.13307
817.35872,109.04482,21.38824,,,1181.12113
817.35836,109.04465,21.38606,,,1181.12414
817.35528,109.04529,21.3872,,,1181.12688
817.35517,109.04511,21.38501,,,1181.13089
817.35676,109.04655,21.38607,,,1181.13414
817.35862,109.04637,21.38821,,,1181.12209
817.35751,109.04306,21.38954,,,1181.12536
817.35493,109.04411,21.38743,,,1181.12937
817.361,109.04554,21.38448,,,1181.11665
817.35482,109.0454,21.38637,,,1181.12067
817.35768,109.04604,21.38776,,,1181.12389
817.35936,109.04711,21.38569,,,1181.12792
817.35544,109.043,21.39099,,,1181.13096
817.3554,109.0436,21.38501,,,1181.11897
817.35758,359.04403,21.3864,,,1181.12196
817.35729,109.04483,21.38822,,,1181.12589
817.35442,109.04541,21.3896,,,1181.12919
817.3585,109.04526,21.38755,,,1181.11719
817.35768,109.04626,21.38894,,,1181.12045
817.35978,109.04773,21.38686,,,1181.12445
817.36213,109.04515,21.38826,,,1181.12774
817.35618,109.04501,21.38619,,,1181.11576
817.35321,109.04607,21.38758,,,1181.11905
817.3554,109.04355,21.38553,,,1181.12301
817.35983,109.04504,21.3869,,,1181.12619
817.35596,109.04644,21.38878,,,1181.11411
817.35779,109.04631,21.38618,,,1181.11735
817.3564,109.04695,21.38795,,,1181.12133
817.35995,109.04442,21.38933,,,1181.12435
817.35753,109.04586,21.38715,,,1181.12709
817.35333,109.04567,21.38823,,,1181.13108
817.35752,109.04675,21.39003,,,1181.11835
817.35693,109.04416,21.3872,,,1181.12234
817.35802,109.0456,21.38501,,,1181.12558
817.36222,109.04665,21.38609,,,1181.11355
817.35624,109.04648,21.38823,,,1181.11677
817.35755,109.0432,21.38563,,,1181.12078
817.35766,109.04462,21.38744,,,1181.12403
817.35865,109.0446,21.3845,,,1181.12806
817.35245,109.0456,21.38641,,,1181.11531
817.3562,109.04707,21.38779,,,1181.1193
817.35997,109.04416,21.38573,,,1181.12224
817.35289,109.044,21.38712,,,1181.12622
817.36086,109.04505,21.389,,,1181.12919
817.35632,109.04648,21.38606,,,1181.11712
817.3585,109.04395,21.38794,,,1181.12033
817.35821,109.04379,21.38501,,,1181.1243
817.35919,109.0444,21.38688,,,1181.12704
817.35642,109.04425,21.38427,,,1181.13102
817.36021,109.04526,21.38639,,,1181.11828
817.35508,109.04674,21.38778,,,1181.12228
817.35807,109.04656,21.38562,,,1181.1255
817.36218,109.04373,21.38701,,,1181.12949
817.35794,109.04512,21.38483,,,1181.11676
817.35359,109.04534,21.38624,,,1181.12075
817.35444,109.04603,21.38813,,,1181.12398
817.36038,359.04458,21.38914,,,1181.12801
817.35674,109.04537,21.38706,,,1181.13125
817.35486,109.04679,21.38845,,,1181.11921
817.35949,109.04676,21.3864,,,1181.12246
817.35429,109.04337,21.38782,,,1181.12638
817.35212,109.04357,21.38573,,,1181.12963
817.35388,109.04422,21.38716,,,1181.1176
817.35813,109.04563,21.38896,,,1181.12086
817.35419,109.04544,21.38601,,,1181.12482
817.35633,109.04259,21.38814,,,1181.12812
817.35486,109.04243,271.38415,,,1181.13212
817.35757,109.04348,21.38492,,,1181.11917
817.35825,109.0433,21.38709,,,1181.12316
817.35778,109.04444,21.38858,,,1181.12634
817.359,109.04427,21.38639,,,1181.13054
817.36052,109.04523,21.38748,,,1181.11771
817.35733,109.0467,21.38532,,,1181.12176
817.35558,109.04415,21.38681,,,1181.12514
817.35831,109.04413,21.38462,,,1181.12864
817.35639,109.04474,21.39,,,1181.11606
817.35929,109.0447,21.38782,,,1181.12007
817.35859,109.04565,21.3892,,,1181.12329
817.35708,109.04706,21.38748,,,1181.12731
817.35458,109.04416,21.38823,,,1181.13054
817.3568,109.04557,21.38651,,,1181.1185
817.35968,109.04553,21.38347,,,1181.12144
817.35764,109.04649,21.38571,,,1181.12537
817.35647,109.04397,21.38693,,,1181.12843
817.35643,109.04383,21.38497,,,1181.11641
817.35579,109.04487,21.38654,,,1181.11966
817.358,109.04631,21.38484,,,1181.12364
817.35651,109.04615,21.38594,,,1181.12694
817.35748,109.04332,21.38398,,,1181.11492
817.35358,109.04472,21.38971,,,1181.1181
817.35474,109.04459,21.38804,,,1181.12206
817.35461,109.04525,21.38553,,,1181.12508
817.35675,109.04665,21.38779,,,1181.12906
817.35477,109.04659,21.38528,,,1181.11631
817.35737,109.04364,21.38751,,,1181.12033
817.35619,109.04342,21.38892,,,1181.12354
817.35833,109.04393,21.39094,,,1181.12753
817.3535,109.04361,21.38454,,,1181.13076
817.35753,109.04433,21.38631,,,1181.11875
817.35869,109.04416,21.38778,,,1181.12197
817.3576,109.0457,21.38604,,,1181.126
817.35632,109.04322,21.38789,,,1181.12897
817.36016,109.0447,21.38625,,,1181.11697
817.35767,109.04429,21.38806,,,1181.12023
817.35769,109.04567,21.38641,,,1181.12426
817.35427,109.04553,21.38371,,,1181.12753
817.35939,109.04233,21.38982,,,1181.11554
817.35663,109.04263,21.38696,,,1181.11879
817.3585,109.04331,21.38526,,,1181.12274
817.35676,109.04478,21.3867,,,1181.12603
817.35477,109.04467,21.38892,,,1181.12883
817.3588,109.04571,21.38646,,,1181.11682
817.35303,109.0456,21.39272,,,1181.12001
817.35867,359.04557,21.38606,,,1181.12399
817.35687,109.04637,21.38825,,,1181.12723
817.35482,109.04214,21.38581,,,1181.13124
817.35977,109.04285,21.38806,,,1181.13426
817.35803,109.04269,21.38562,,,1181.12226
817.35876,109.04422,21.38795,,,1181.12551
817.35548,109.04571,21.38545,,,1181.12951
817.35751,109.04537,21.38768,,,1181.13193
817.35861,109.04644,21.38912,,,1181.13593
817.35518,109.04394,21.38723,,,1181.12291
817.35608,109.04546,21.38869,,,1181.12695
817.35686,109.04556,21.38686,,,1181.13019
817.35642,109.04615,21.38832,,,1181.11816
817.35612,109.04613,21.39031,,,1181.12139
817.35782,109.04325,21.38781,,,1181.1254
817.35554,109.04476,21.38614,,,1181.12863
817.35356,109.04618,21.3876,,,1181.11661
817.36169,109.04378,21.38594,,,1181.11986
817.35817,109.0436,21.38707,,,1181.1239
817.35619,109.04472,21.3854,,,1181.12715
817.35793,109.04477,21.3908,,,1181.13113
817.35974,109.04616,21.38514,,,1181.11839
817.35797,109.04578,21.38704,,,1181.12236
817.36122,109.04291,21.38935,,,1181.12555
817.35797,359.04505,21.3908,,,1181.12951
817.35596,109.04585,21.3889,,,1181.11674
817.35508,109.046,21.39032,,,1181.12068
817.35573,109.0471,21.38865,,,1181.12369
817.35456,109.04286,21.39021,,,1181.12766
817.35805,109.04393,21.38455,,,1181.13089
817.35719,109.04539,21.38997,,,1181.11886
817.35803,109.04522,21.38434,,,1181.12209
817.3544,109.04262,21.38556,,,1181.12609
817.3596,109.04641,21.38719,,,1181.12932
817.35705,109.04314,21.3845,,,1181.11731
817.35714,109.0447,21.38675,,,1181.12024
817.35724,109.04222,21.38832,,,1181.12423
817.35649,109.04648,21.39056,,,1181.12718
817.36002,109.04364,21.38786,,,1181.11516
817.36112,109.0451,21.38615,,,1181.1184
817.35874,109.04496,21.38759,,,1181.12244
817.35635,109.04601,21.38569,,,1181.12568
817.35802,109.0451,21.38677,,,1181.1296
817.35807,109.04275,21.38891,,,1181.13289
817.35786,109.0458,21.38643,,,1181.12092
817.35699,109.04231,21.38858,,,1181.12388
817.35815,359.04446,21.38616,,,1181.12785
817.35971,109.04525,21.384,,,1181.13084
817.35602,109.04533,21.38551,,,1181.11887
817.36021,109.04215,21.39125,,,1181.12205
817.35713,109.04608,21.38878,,,1181.12608
817.35795,109.04286,21.38667,,,1181.12932
817.35664,109.04284,21.38804,,,1181.13335
817.35778,109.04425,21.38985,,,1181.1205
817.35994,109.04401,21.3869,,,1181.12446
817.35859,109.04507,21.38869,,,1181.12767
817.35844,109.04649,21.38578,,,1181.13169
817.35899,109.04233,21.38759,,,1181.11895
817.3548,109.04376,21.389,,,1181.12295
817.35508,109.0438,21.38696,,,1181.12615
817.35571,359.04368,21.38832,,,1181.13018
817.35258,109.04448,21.38615,,,1181.11748
817.35589,109.04595,21.38759,,,1181.12153
817.35264,109.04335,21.38547,,,1181.12478
817.35591,109.04482,21.38654,,,1181.12881
817.35225,109.04186,21.38835,,,1181.11604
817.35636,109.04331,21.38542,,,1181.11996
817.36168,109.0448,21.38757,,,1181.12298
817.35727,109.04462,21.38504,,,1181.12691
817.35609,109.04569,21.38721,,,1181.13018
817.35741,109.04323,21.38469,,,1181.1342
817.35817,109.04469,21.3905,,,1181.12142
817.35507,109.0445,21.388,,,1181.12541
817.35974,109.04559,21.38591,,,1181.1284
817.36183,109.04311,21.3873,,,1181.13239
817.36087,109.04308,21.38915,,,1181.11966
817.35472,109.04414,21.38621,,,1181.12364
817.35699,109.04396,21.38815,,,1181.12684
817.35731,109.045,21.38557,,,1181.13083
817.35915,109.04498,21.38772,,,1181.13407
817.35646,109.046,21.38524,,,1181.12206
817.35776,109.04358,21.3874,,,1181.12531
817.36138,109.04339,21.38493,,,1181.12933
817.35879,109.04417,21.38671,,,1181.13257
817.36078,109.04399,21.38389,,,1181.12054
817.36114,109.04481,21.38601,,,1181.12377
817.35672,109.04503,21.38742,,,1181.12779
817.35338,109.04589,21.38921,,,1181.13074
817.35648,109.04226,21.38627,,,1181.11871
817.35377,109.04698,21.38817,,,1181.12196
817.35565,109.04328,21.38528,,,
817.35753,109.04383,21.3871,,,
817.35878,109.04413,21.3885,,,
817.36142,109.04455,21.39042,,,
817.35563,109.04599,21.38747,,,
817.36026,109.04639,21.3854,,,
817.35623,109.0429,21.38678,,,
817.35782,109.04248,21.38465,,,
817.35815,109.04389,21.39001,,,
817.35792,109.04349,21.38783,,,
817.36041,109.0449,21.38924,,,
817.36077,109.0445,21.38712,,,
817.35668,109.0459,21.38823,,,
817.35616,109.04567,21.38606,,,
817.35727,109.04246,21.38712,,,
817.35729,109.04255,21.38495,,,
817.35976,109.0436,21.38634,,,
817.35566,109.04508,21.3885,,,
817.35718,109.04649,21.38598,,,
817.35485,109.04229,21.3839,,,
817.35802,109.04337,21.38919,,,
817.35913,109.04317,21.38717,,,
817.35472,359.0416,21.3846,,,
817.35687,109.0424,21.38651,,,
817.3558,109.04633,21.3879,,,
817.35431,109.04348,21.38583,,,
817.35818,109.04495,21.3872,,,
817.3586,109.04463,21.38512,,,
817.35717,109.04609,21.39047,,,
817.35779,109.04638,21.38841,,,
817.35878,109.0429,21.38582,,,
817.35982,109.04254,21.38795,,,
817.35739,109.04369,21.38934,,,
817.36172,109.04377,21.38717,,,
817.35519,109.04446,21.38858,,,
817.35867,109.04592,21.39074,,,
817.35891,109.04577,21.38818,,,
817.35625,109.04291,21.38614,,,
817.35553,109.04273,21.38753,,,
817.35745,109.0439,21.38548,,,
817.36044,109.04399,21.3869,,,
817.35894,109.04541,21.38481,,,
817.35702,109.04257,21.3862,,,
817.35488,109.04673,21.38415,,,
817.35643,109.04354,21.38946,,,
817.35759,109.04499,21.39135,,,
817.35643,109.04495,21.38839,,,
817.35982,109.04211,21.38637,,,
817.35679,109.04591,21.38775,,,
817.35586,109.04264,21.38567,,,
817.35795,109.04415,21.38708,,,
817.35761,109.04561,21.38898,,,
817.36149,109.04548,21.39037,,,
817.35558,109.04264,21.3844,,,
817.35873,109.04254,21.38973,,,
817.35398,109.04393,21.38374,,,
817.35957,109.04392,21.38909,,,
817.36166,109.04499,21.39091,,,
817.36099,109.04484,21.38405,,,
817.35821,109.04549,21.38595,,,
817.35668,109.04448,21.38696,,,
817.35825,109.04564,21.38879,,,
817.35658,109.04544,21.38621,,,
817.35942,109.04224,21.38834,,,
817.35738,109.04186,21.38587,,,
817.35676,109.04722,21.388,,,
817.35713,109.04306,21.38546,,,
817.35517,109.0441,21.38726,,,
817.35496,109.04555,21.38431,,,
817.35519,109.0467,21.38616,,,
,109.04697,21.38757,,,
,109.04375,21.38947,,,
,109.04521,21.39088,,,
,109.04664,21.3849,,,
,109.04257,21.3859,,,
,109.04376,21.38773,,,
,109.04794,21.38909,,,
,109.04511,21.38693,,,
,109.04493,21.38836,,,
,109.04571,21.39014,,,
,109.04721,21.38731,,,
,109.04705,21.38514,,,
,109.04418,21.38668,,,
,109.04569,21.38884,,,
,109.04322,21.3864,,,
,109.04308,21.38819,,,
,109.04448,21.38537,,,
,109.04431,21.38752,,,
,109.04125,21.38865,,,
,109.04518,21.38649,,,
,109.04638,21.38366,,,
,109.04232,21.38579,,,
,109.04736,21.39112,,,
,109.0445,21.38512,,,
,109.04834,21.38655,,,
,109.04549,21.38834,,,
,109.04577,21.38973,,,
,109.04292,21.3877,,,
,109.04714,21.38474,,,
,109.04421,21.38667,,,
,109.04578,21.38808,,,
,109.04174,21.38597,,,
,109.04677,21.38733,,,
,109.04666,21.38517,,,
,109.04385,21.38662,,,
,109.04532,21.38443,,,
,109.0429,21.38936,,,
,109.04438,21.38729,,,
,109.0443,21.38866,,,
,109.04511,21.38658,,,
,109.04268,21.38798,,,
,109.04686,21.38592,,,
,109.04401,21.38733,,,
,109.04819,21.38529,,,
,109.04491,21.38669,,,
,109.04534,21.38859,,,
,109.04605,21.38563,,,
,109.04361,21.38757,,,
,109.04344,21.38897,,,
,109.04419,21.3869,,,
,109.04564,21.38831,,,
,109.04551,21.38627,,,
,109.04271,21.38767,,,
,109.04262,21.38564,,,
,109.04718,21.38703,,,
,109.04318,21.38499,,,
,109.04813,21.3864,,,
,109.04457,21.38829,,,
,109.04528,21.38969,,,
,109.04281,21.38764,,,
,109.0482,21.3847,,,
,109.04576,21.38663,,,
,109.04172,21.38805,,,
,109.04279,21.38598,,,
,109.04264,21.38739,,,
,109.04727,21.38536,,,
,109.0436,21.39073,,,
,109.04077,21.38865,,,
,109.04846,21.38605,,,
,109.04531,21.3882,,,
,109.04562,21.38925,,,
,109.04275,21.38713,,,
,109.0426,21.3882,,,
,109.04717,21.38609,,,
,109.04747,21.38718,,,
,109.04463,21.38502,,,
,109.0449,21.38643,,,
,109.04205,21.38433,,,
,109.04621,21.38576,,,
,109.04692,21.38789,,,
,109.04723,21.38539,,,
,109.04829,21.38729,,,
,109.0482,21.38866,,,
,109.04494,21.38662,,,
,109.04917,21.38804,,,
,109.04592,21.38596,,,
,109.04186,21.38734,,,
,109.04326,21.38529,,,
,109.04306,21.39061,,,
,109.04812,21.38465,,,
,109.04408,21.38606,,,
,109.04522,21.38788,,,
,109.04276,21.38928,,,
,109.04421,21.38726,,,
,109.04406,21.38432,,,
,109.04515,21.38622,,,
,109.04496,21.38679,,,
,109.04214,21.3887,,,
,109.04638,21.3901,,,
,109.04709,21.38803,,,
,109.04853,21.38544,,,
,109.04453,21.38757,,,
,109.04519,21.3847,,,
,109.0455,21.38681,,,
,109.04693,21.38387,,,
,109.04449,21.38602,,,
,109.04435,21.38745,,,
,109.04543,21.38936,,,
,109.04161,21.39076,,,
,109.0423,21.38478,,,
,109.04674,21.3901,,,
,109.04365,21.38412,,,
,109.04788,21.38945,,,
,109.04542,21.38738,,,
,109.04139,21.38444,,,
,109.04279,21.38635,,,
,109.04698,21.38777,,,
,109.04417,21.3857,,,
,109.04401,21.38706,,,
,109.04505,21.38463,,,
,109.04535,21.38602,,,
,109.04641,21.38792,,,
,109.04274,21.38502,,,
,109.04391,21.39116,,,
,109.04533,21.38429,,,
,109.04524,21.39041,,,
,109.04196,21.3875,,,
,109.04589,21.38533,,,
,109.04279,21.38645,,,
,109.04657,21.38426,,,
,109.04729,21.3854,,,
,109.04477,21.38758,,,
,109.04593,21.38515,,,
,109.04581,21.38727,,,
,109.04256,21.38868,,,
,109.04793,21.38659,,,
,109.0451,21.38802,,,
,109.04255,21.38594,,,
,109.04402,21.38732,,,
,109.04385,21.38914,,,
,109.04529,21.3862,,,
,109.04516,21.38402,,,
,109.04222,21.38545,,,
,109.0437,21.38758,,,
,109.04512,21.38465,,,
,109.04616,21.38643,,,
,109.04325,21.38784,,,
,109.04465,21.38583,,,
,109.04452,21.38723,,,
,109.04514,21.38511,,,
,109.04223,21.38648,,,
,109.04367,21.38864,,,
,109.04384,21.39011,,,
,109.04451,21.38793,,,
,609.04403,21.38472,,,
,359.04484,21.38687,,,
,109.04564,21.38829,,,
,109.04272,21.39009,,,
,109.04412,21.38715,,,
,109.04398,21.38512,,,
,109.04543,21.38651,,,
,109.04564,21.3884,,,
,109.04241,21.38545,,,
,109.04225,21.38739,,,
,109.04325,21.38874,,,
,109.0447,21.38674,,,
,109.04615,21.38816,,,
,109.04484,21.38609,,,
,109.04549,21.38749,,,
,109.04271,21.38546,,,
,109.04255,21.39082,,,
,109.04365,21.38484,,,
,109.04349,21.39017,,,
,109.04464,21.3881,,,
,109.04486,21.38951,,,
,109.04582,21.38748,,,
,109.04457,21.38452,,,
,109.04518,21.38645,,,
,109.04515,21.38785,,,
,109.04612,21.38583,,,
,109.04204,21.38719,,,
,109.04271,21.38518,,,
,109.04413,21.38661,,,
,109.04128,21.38455,,,
,109.04505,21.38595,,,
,109.04539,21.38392,,,
,109.04559,21.38531,,,
,359.04299,21.38722,,,
,109.0438,21.38825,,,
,359.04235,21.38618,,,
,109.04315,21.38758,,,
,109.043,21.38555,,,
,109.04415,21.38695,,,
,109.04432,21.38884,,,
,109.04537,21.38592,,,
,109.04528,21.38783,,,
,109.042,21.38493,,,
,109.04699,21.38675,,,
,109.04291,21.38382,,,
,109.04407,21.38995,,,
,109.04427,21.39135,,,
,109.04486,21.38527,,,
,109.04635,21.3864,,,
,109.04226,21.38421,,,
,109.04302,21.38562,,,
,109.04445,21.38742,,,
,109.04439,21.38879,,,
,109.04536,21.38679,,,
,109.0456,21.38816,,,
,109.04232,21.38616,,,
,109.04375,21.38759,,,
,109.04371,21.38554,,,
,109.04437,21.38694,,,
,109.04431,21.38492,,,
,109.04491,21.38633,,,
,109.0449,21.38425,,,
,109.04587,21.38956,,,
,109.04337,21.38752,,,
,109.04482,21.3889,,,
,109.04228,21.38686,,,
,109.04227,21.38427,,,
,109.04324,21.3864,,,
,109.04324,21.39177,,,
,109.04424,21.38957,,,
,109.04425,21.38698,,,
,109.04526,21.3849,,,
,109.04405,21.38629,,,
,109.04466,21.38818,,,
,109.04581,21.38959,,,
,109.0417,21.38751,,,
,109.04271,21.38891,,,
,109.04418,21.38685,,,
,109.0452,21.38826,,,
,109.04239,21.38621,,,
,109.04379,21.3876,,,
,109.04379,21.38555,,,
,109.04479,21.39088,,,
,359.045,21.38493,,,
,109.04581,21.38634,,,
,109.04691,21.38815,,,
,359.04419,21.3852,,,
,109.045,21.38733,,,
,109.04211,21.38446,,,
,109.04199,21.38624,,,
,109.04275,21.38731,,,
,109.0426,21.38518,,,
,109.04374,21.38627,,,
,109.04392,21.3841,,,
,109.04452,21.38551,,,
,109.04169,21.38731,,,
,109.04546,21.38871,,,
,109.04213,21.38663,,,
,109.04203,21.38804,,,
,109.04264,21.38994,,,
,109.04408,21.38699,,,
,109.04548,21.38497,,,
,109.04296,21.38638,,,
,109.04281,21.38432,,,
,109.04381,21.38574,,,
,109.04528,21.38366,,,
,109.04271,21.38897,,,
,109.04293,21.38694,,,
,109.04358,21.38435,,,
,109.04458,21.38649,,,
,109.04443,21.38361,,,
,109.04505,21.38575,,,
,109.04213,21.38714,,,
,109.0436,21.38497,,,
,109.04504,21.38639,,,
,109.04503,21.38438,,,
,109.04599,21.38573,,,
,109.04599,21.38373,,,
,109.04268,21.38515,,,
,109.04654,21.38303,,,
,109.04325,21.388,,,
,109.04319,21.38598,,,
,359.0418,21.38739,,,
,109.0426,21.38532,,,
,109.04245,21.38672,,,
,109.04317,21.38468,,,
,109.04303,21.38569,,,
,109.0441,21.38758,,,
,109.04552,21.38897,,,
,109.0455,21.38694,,,
,109.0422,21.38833,,,
,109.04213,21.39022,,,
,109.04313,21.38732,,,
,109.04309,21.38915,,,
,109.04369,21.3905,,,
,359.04351,21.38841,,,
,109.04433,21.3898,,,
,109.04577,21.38761,,,
,109.04523,21.38861,,,
,109.04636,21.38644,,,
,109.04619,21.38788,,,
,109.04367,21.38583,,,
,109.04473,21.38724,,,
,109.04219,21.3852,,,
,109.04327,21.38661,,,
,109.04469,21.38456,,,
,109.04615,21.38597,,,
,109.04209,21.38786,,,
,359.04257,21.38527,,,
,109.04338,21.39139,,,
,109.04441,21.38458,,,
,109.04585,21.38673,,,
,109.04329,21.38433,,,
,109.04475,21.39045,,,
,109.04222,21.38761,,,
,109.04364,21.38543,,,
,109.04474,21.38658,,,
,109.04615,21.38441,,,
,109.0436,21.38555,,,
,109.04506,21.38768,,,
,109.0449,21.38474,,,
,109.04599,21.3869,,,
,109.04191,21.38441,,,
,109.04253,21.38632,,,
,109.04399,21.38772,,,
,109.04543,21.38569,,,
,109.04251,21.38709,,,
,359.04416,21.38505,,,
,109.04497,21.38646,,,
,109.04483,21.38443,,,
,109.04545,21.38586,,,
,109.04261,21.38769,,,
,109.04361,21.38475,,,
,109.04503,21.38688,,,
,109.04493,21.38404,,,
,109.04206,21.38616,,,
,109.04351,21.38719,,,
,109.04337,21.3851,,,
,109.04445,21.38653,,,
,109.04431,21.38869,,,
,109.04545,21.3862,,,
,109.04564,21.38419,,,
,109.04231,21.38951,,,
,109.04379,21.38747,,,
,109.04363,21.38453,,,
,109.04473,21.38666,,,
,109.04457,21.38807,,,
,109.04571,21.38987,,,
,109.04555,21.39128,,,
,109.04632,21.38921,,,
,109.0438,21.38628,,,
,109.04528,21.38421,,,
,109.0439,21.38956,,,
,109.04451,21.3875,,,
,109.0444,21.38456,,,
,109.04543,21.38648,,,
,109.04266,21.38358,,,
,109.0429,21.38546,,,
,109.04364,21.38685,,,
,109.04349,21.38484,,,
,109.04498,21.38622,,,
,109.0448,21.38815,,,
,109.04542,21.38519,,,
,109.04251,21.38709,,,
,109.04352,21.38452,,,
,109.04496,21.38643,,,
,109.0464,21.38784,,,
,109.04389,21.38577,,,
,109.04386,21.38717,,,
,109.04482,21.38512,,,
,109.04227,21.38654,,,
,109.04371,21.38448,,,
,109.04357,21.38587,,,
,109.04434,21.38382,,,
,109.04178,21.38915,,,
,109.04321,21.3832,,,
,109.04466,21.38853,,,
,109.0445,21.39036,,,
,109.04166,21.38741,,,
,109.04542,21.38524,,,
,109.04607,21.38662,,,
,109.04596,21.38878,,,
,109.04307,21.38627,,,
,109.04455,21.38842,,,
,109.04599,21.38592,,,
,109.04314,21.38782,,,
,109.04332,21.38489,,,
,109.04401,21.38678,,,
,109.0411,21.38782,,,
,109.04487,21.38575,,,
,109.04548,21.38714,,,
,109.04257,21.38469,,,
,109.04242,21.3861,,,
,109.04314,21.38802,,,
,109.04298,21.38509,,,
,109.04442,21.38693,,,
,109.04432,21.38829,,,
,109.04536,21.38618,,,
,109.04528,21.38758,,,
,109.04595,21.38539,,,
,109.04193,21.38678,,,
,109.04297,21.38471,,,
,109.04405,21.38607,,,
,109.04393,21.3879,,,
,109.04508,21.38496,,,
,109.0453,21.3871,,,
,109.04253,21.38851,,,
,109.04395,21.3864,,,
,109.04394,21.38752,,,
,109.04495,21.38534,,,
,109.0449,21.38634,,,
,109.04197,21.38426,,,
,109.04182,21.38564,,,
,109.04327,21.38747,,,
,109.0435,21.38889,,,
,109.04425,21.38687,,,
,109.04568,21.3883,,,
,109.04171,21.38623,,,
,109.04277,21.38763,,,
,109.04423,21.38591,,,
,109.04408,21.38734,,,
,109.04508,21.38559,,,
,109.04217,21.38747,,,
,109.04361,21.3858,,,
,109.04087,21.38728,,,
,109.04464,21.38564,,,
,109.04544,21.38749,,,
,109.04296,21.38549,,,
,109.04286,21.38672,,,
,109.04433,21.38504,,,
,109.04465,21.38653,,,
,109.0453,21.38484,,,
,109.04528,21.38633,,,
,109.04599,21.38869,,,
,109.04199,21.38653,,,
,109.04318,21.38922,,,
,109.04299,21.38656,,,
,109.04395,21.38467,,,
,109.04433,21.38611,,,
,109.04538,21.38446,,,
,109.04252,21.38633,,,
,109.04272,21.38465,,,
,109.04308,21.3865,,,
,109.04337,21.38483,,,
,109.04385,21.38671,,,
,109.04372,21.38896,,,
,109.04408,21.38637,,,
,109.0437,21.38801,,,
,109.04444,21.38556,,,
,109.04174,21.38783,,,
,109.04596,21.38933,,,
,109.04273,21.3837,,,
,109.04415,21.38887,,,
,109.04446,21.38723,,,
,109.04507,21.38487,,,
,109.04504,21.38712,,,
,109.04587,21.38862,,,
,109.04574,21.38695,,,
,109.04292,21.38446,,,
,109.04272,21.3867,,,
,109.04366,21.38819,,,
,109.04494,21.38544,,,
,109.04462,21.3869,,,
,109.04532,21.38499,,,
,359.04119,21.38648,,,
,109.042,21.38479,,,
,109.04622,21.38627,,,
,109.04338,21.3883,,,
,109.04482,21.38588,,,
,109.04237,21.38813,,,
,109.0424,21.38565,,,
,109.04378,21.384,,,
,109.04357,21.38561,,,
,109.04427,21.38784,,,
,109.04177,21.3854,,,
,109.04327,21.38763,,,
,109.04474,21.38916,,,
,109.04466,21.38753,,,
,359.041,21.38481,,,
,109.04182,21.39098,,,
,359.04216,21.38802,,,
,109.04297,21.38618,,,
,109.04441,21.38778,,,
,109.0448,21.38608,,,
,109.04565,21.38759,,,
,109.04156,21.38995,,,
,109.04246,21.38744,,,
,109.04278,21.38939,,,
,109.04324,21.38696,,,
,109.04466,21.38925,,,
,109.04619,21.3866,,,
,109.04251,21.38463,,,
