SWEPT-1024B,FIXED-1024B,SWEPT-128B,FIXED-128B,SWEPT-12B,FIXED-12B
28.08842,22.92326,27.36458,11.1349,13.40738,12.55068
18.0869,32.92612,17.36582,21.13834,3.40994,2.5707
38.09586,12.92878,7.36758,31.14254,23.41124,22.56488
28.10182,22.92978,27.3699,11.14482,13.41302,12.56378
18.0983,32.94032,17.37028,21.14758,3.41438,2.58382
8.10068,12.93666,7.3727,31.1525,23.4159,22.57784
28.1025,22.94328,27.37502,11.15462,13.41794,12.5765
18.10364,32.93914,17.3752,21.15972,3.42002,2.5971
8.09774,12.95066,7.37828,31.1635,23.42186,22.59062
28.10758,22.94618,27.3793,11.16532,13.42292,12.58948
18.10176,32.9571,17.38166,21.17038,3.42536,2.6097
38.11146,12.95756,7.38434,31.17408,23.42648,22.60374
28.11318,22.96352,27.38518,11.17606,13.37154,12.60232
18.10688,32.96126,17.38662,21.18054,2.37286,2.62324
8.11248,12.97232,7.38884,31.18346,21.37382,22.61666
28.10976,22.9669,27.3903,11.1871,10.376,12.61564
18.11128,32.9788,17.3922,21.18992,29.37852,2.63562
8.12092,12.98198,7.39344,31.19246,18.3798,22.63
28.11628,22.9779,27.39652,11.19628,7.38096,12.62824
18.1249,32.98068,17.39664,21.2,26.38362,2.64908
8.12566,12.9831,7.39888,31.20448,15.38486,22.6426
28.12908,22.99476,27.40118,11.20772,4.38674,12.64178
18.12936,32.99068,17.40152,21.21174,23.3881,2.66202
8.1242,13.0015,7.40296,31.21446,12.39092,22.65606
28.1254,23.0016,27.40504,11.21706,31.3917,12.6545
18.13114,33.005,17.40866,21.22194,20.39338,2.67478
37.3929,13.00446,7.40936,31.22478,8.797,22.669
26.39368,23.01522,27.41132,11.22762,26.80026,12.6675
15.3949,33.01896,17.41136,21.2318,14.80186,2.68764
34.39404,13.01606,7.41394,31.23466,2.80286,22.6817
23.39176,23.018,27.41614,11.23842,20.80462,12.68046
12.40104,33.02876,17.41734,21.24194,8.80704,2.70094
31.40186,13.03356,7.4188,31.24564,26.80886,22.6947
20.4039,23.03644,27.42256,11.24746,14.81094,12.69364
9.4042,33.04366,17.42292,21.25218,2.81216,2.71374
28.40752,13.03562,7.42432,31.2561,20.81392,22.70792
17.4058,23.0465,27.42708,11.25908,8.81494,12.70682
36.40938,33.04248,16.93998,21.26194,26.81834,2.72704
25.41262,13.05326,5.94208,31.26592,14.81862,22.72062
14.41006,23.05698,24.94264,11.26898,2.81992,12.71966
33.41596,33.05702,13.94602,21.27334,20.82248,2.7397
22.42074,13.06446,2.94806,31.27618,8.82424,22.73382
11.41918,23.06656,21.94944,11.2788,26.8261,12.73246
30.42218,33.0679,10.95052,21.28286,14.82802,2.75302
19.41588,13.07512,29.01646,31.28626,2.82876,22.74656
8.42468,23.0705,17.01848,11.2901,20.83242,12.74548
27.42658,33.07278,5.02094,21.29374,8.8329,2.76592
16.10586,13.08434,23.02246,31.29654,26.83452,22.76004
34.11952,23.08458,11.02474,11.29918,14.83708,12.75888
22.11626,33.08448,29.02666,21.30296,2.838,2.77898
10.10964,13.09548,17.02792,31.30672,20.83982,22.77278
28.1206,23.0977,5.02952,11.3101,8.49794,12.7716
16.12254,33.10242,23.03248,21.31462,25.49914,2.7917
34.1209,13.10526,10.21766,31.31686,12.50156,22.78608
22.12296,23.10812,27.2189,11.32016,29.50326,12.78452
10.12742,33.105,14.22104,21.32448,16.50546,2.80488
28.12868,13.11628,31.22242,31.3285,3.50716,22.79912
16.13188,23.11106,18.22462,11.3295,20.50884,12.79792
34.1334,33.12312,5.22626,21.33476,7.50916,2.81824
22.12786,13.12048,22.2272,31.33848,24.5122,22.8124
9.27308,23.12938,9.22912,11.34108,11.51326,12.81078
26.26668,33.12478,26.2311,21.34558,28.51618,2.83106
13.27278,13.13682,13.2323,31.34796,15.517,22.82464
30.274,23.13648,30.23476,11.35116,2.51884,12.82374
17.28026,33.14708,17.22992,21.35502,19.2017,2.84364
34.28266,13.14664,3.23136,31.35898,5.2026,22.83798
21.27908,23.15014,19.23382,11.36224,21.2059,12.83672
8.27692,33.1463,5.2359,21.36648,7.20688,2.85716
25.28332,13.15714,21.23694,31.36914,23.2075,22.85108
12.28882,23.15222,7.23918,11.3724,9.21044,12.84984
29.28232,33.16324,23.24068,21.37612,25.21184,2.86998
16.29136,13.16784,9.24246,31.37974,11.21436,22.86386
33.29278,23.1702,25.24442,11.38248,27.2161,12.8624
20.29544,33.17016,11.2459,21.38702,13.21806,2.88286
36.50826,13.17722,27.2482,31.39036,29.21972,22.87654
22.50644,23.18128,12.90678,11.39308,15.21982,12.8758
8.50804,33.1768,27.90912,21.39602,31.22232,2.89566
24.51374,13.18796,12.9121,31.40016,17.22492,22.88996
10.51488,23.1913,27.9115,11.40338,3.2252,12.88844
26.51618,33.19854,12.91432,21.4071,19.22818,2.90862
12.51926,13.19778,27.91602,31.41076,5.23016,22.90286
28.5133,23.20078,12.91786,11.41282,21.23188,12.90184
14.52268,33.20516,27.92002,21.4181,7.23408,2.9216
30.5206,13.20838,12.92112,31.42156,22.49202,22.91614
16.51902,23.2033,27.92338,11.42378,7.4937,12.91448
32.52652,33.20818,12.92464,21.4276,22.49602,2.93526
18.52188,13.22002,27.6577,31.4318,7.49758,22.92888
34.5312,23.22186,11.6584,11.43484,22.49844,12.92826
20.5287,33.22598,25.66242,21.43886,7.50072,2.94766
36.2181,13.22964,9.66288,31.44094,22.50238,22.94164
21.21518,23.23318,23.6646,11.44418,7.50386,12.9402
36.2128,33.233,7.6661,21.4474,22.50624,2.96076
21.22636,13.2328,21.66806,31.45148,7.50772,22.95462
36.22442,23.24296,5.66978,11.45504,22.51062,12.95328
21.22714,33.25038,19.67228,21.45814,7.51074,2.97344
36.22006,13.25006,3.67268,31.46256,22.51284,22.9678
21.22742,23.2529,17.0248,11.46528,7.51466,12.96634
36.22808,33.25248,30.0278,21.4693,22.5179,2.98674
21.22632,13.26016,13.02874,31.47302,7.51904,22.98078
36.23876,23.26346,26.03016,11.47542,21.62092,12.97974
21.23738,33.26736,9.03278,21.4801,5.62196,2.99918
36.24018,13.27124,22.035,31.48314,19.62344,22.99354
21.23368,23.27318,5.03554,11.4854,3.6264,12.99236
36.24026,33.27812,18.03806,21.4899,17.62808,3.01278
20.75608,13.27276,31.04122,31.4936,1.6296,23.00656
34.75502,23.28402,13.92084,11.49628,15.63152,13.00576
18.75252,33.2801,25.9219,21.50006,29.63422,3.02536
32.7624,13.28338,7.92356,31.50346,13.6344,23.0197
16.75974,23.28646,19.92556,11.5064,27.63746,13.01794
30.76608,33.3022,31.92862,21.51026,11.6387,3.03888
14.76734,13.30152,13.92956,31.5137,25.64174,23.0326
28.76904,23.3046,25.9328,11.51586,9.64194,13.03156
12.76746,33.30828,7.93254,21.52068,23.64332,3.05142
26.77192,13.31128,19.93526,31.52442,7.64506,23.04556
10.77348,23.315,31.93678,11.5275,21.60994,13.04434
24.77004,33.31824,13.75552,21.53164,4.61258,3.06468
8.7784,13.31838,24.75688,31.53418,17.61354,23.0584
22.77622,23.32488,5.75966,11.53814,30.61618,13.05772
36.62262,33.32572,16.76072,21.54144,13.61738,3.07728
19.63264,13.33276,27.7626,31.54434,26.61874,23.07158
32.6375,23.33576,8.7637,11.54812,9.62048,13.07002
15.63488,33.3399,19.7657,21.55114,22.62212,3.0908
28.63734,13.33874,30.76796,31.55492,5.62472,23.0843
11.63964,23.34254,11.77032,11.55794,18.62646,13.08328
24.64176,33.35034,22.77178,21.56152,1.62948,3.1036
37.63616,13.35346,3.77316,31.56474,14.63,23.09776
20.64558,23.35632,14.58714,11.56848,27.6316,13.09638
33.65106,33.35598,24.58892,21.5719,10.63398,3.11678
16.64768,13.36326,4.59,31.57626,23.6366,23.11046
29.64652,23.3666,14.59292,11.57896,6.63732,13.10956
12.37796,33.36678,24.59454,21.5831,19.64016,3.12932
24.3796,13.37028,4.59612,31.58636,2.6425,23.12378
36.38148,23.37664,14.59874,11.58978,15.6432,13.12242
18.38338,33.37796,24.60034,21.59292,27.66218,3.14266
30.38868,13.38424,4.60132,31.59588,9.6642,23.13634
12.38582,23.3833,14.60344,11.60004,21.66568,13.13576
24.3884,33.38366,24.60608,21.60328,3.66768,3.1557
36.39022,13.38534,3.82654,31.60684,15.67108,23.14982
18.38494,23.39514,12.82914,11.6099,27.67246,13.14836
30.393,33.40564,21.83048,21.61286,9.67362,3.16872
12.39582,13.40146,30.8322,31.6177,21.67574,23.16248
24.40186,23.40196,9.8349,11.61984,3.67614,13.1614
36.39934,33.40326,18.83722,21.62544,15.67896,3.18164
17.70694,13.40744,27.83744,31.62712,27.6817,23.17578
28.70886,23.41464,6.84046,11.63094,9.68296,13.17452
9.71076,33.422,15.84292,21.6355,21.68652,3.19476
20.70906,13.4251,24.84358,31.63812,3.68728,23.18848
31.71488,23.42118,3.53942,11.64154,15.68902,13.18754
12.70924,33.42924,11.54224,21.64454,27.44304,3.20738
23.71902,13.4363,19.54278,31.6482,8.445,23.20162
34.71284,23.43592,27.54512,11.65166,19.44592,13.20044
15.71802,33.44342,5.54734,21.65476,30.44858,3.22086
26.72508,13.4459,13.54882,31.65838,11.45118,23.21436
7.7217,23.44968,21.55172,11.66262,22.45278,13.21352
18.72816,33.45714,29.55298,21.66546,3.45344,3.23338
29.3431,13.45592,7.55458,31.6686,14.45584,23.22762
9.34524,23.45284,15.55664,11.67144,25.45822,13.24766
19.34796,33.45958,22.83468,21.67634,6.45962,3.24658
29.34832,13.46624,29.83642,31.68002,17.4614,23.24078
9.34716,23.46158,6.83908,11.6816,28.46388,13.2396
19.34876,33.46978,13.8408,21.68594,9.4654,3.25942
29.35074,13.4734,20.84226,31.69042,20.4668,23.25362
9.35594,23.47972,27.84496,11.69288,31.46928,13.25226
19.35926,33.4848,4.84634,21.69652,12.4705,3.27276
29.36126,13.48814,11.84812,31.70044,22.81494,23.26648
9.36152,23.4909,18.85076,11.70244,2.81652,13.26538
19.36414,33.49534,25.62582,21.7059,12.8185,3.28558
29.3656,13.4943,31.62756,31.7096,22.82032,23.27962
8.50184,23.49456,7.62958,11.714,2.82166,13.27862
17.5029,33.50852,13.63236,21.7172,12.82436,3.29886
26.50658,13.4999,19.63414,31.71974,22.82612,23.2927
35.50824,23.51076,25.63538,11.72334,2.8276,13.2915
14.51068,33.51078,31.6379,21.7278,12.82982,3.31152
23.51208,13.51826,7.64024,31.73088,22.83088,23.30574
32.5103,23.52178,13.26014,11.73374,2.83336,13.3046
11.50908,33.5249,18.26316,21.73764,12.83542,3.32506
20.51698,13.529,23.2651,31.74182,22.83812,23.31838
29.51902,23.53196,28.26726,11.74372,2.02846,13.31772
8.5211,33.53666,3.26862,21.74886,11.03096,3.33764
17.09996,13.53906,8.2705,31.75188,20.03274,23.3318
25.09782,23.54246,13.27302,11.75482,29.03366,13.33036
33.10346,33.54706,18.27546,21.75794,8.03636,3.35076
11.09866,13.5415,23.2768,31.76144,17.03684,23.34462
19.10634,23.55332,28.28014,11.7653,26.03994,13.34344
27.10282,33.56034,2.69948,21.768,5.0421,3.36386
35.11112,13.55608,6.70164,31.77262,14.043,23.35762
13.1097,23.56258,10.70356,11.77596,23.0456,13.35662
21.11146,33.5622,14.70458,21.77866,2.04692,3.37708
29.11292,13.57022,18.707,31.78244,11.04864,23.37074
37.11922,23.56686,22.70952,11.78526,20.0506,13.3697
15.12052,33.57646,26.71114,21.78898,29.05362,3.38976
23.11566,13.58036,30.71402,31.79378,8.05504,23.38378
31.11796,23.58368,4.71614,11.79646,17.05658,13.38254
8.43898,33.58424,8.71674,21.79952,25.5233,3.4028
15.44104,13.58802,11.85338,31.80286,3.52526,23.39636
22.44306,23.59422,14.85602,11.80648,11.52754,13.3955
29.44396,33.5979,17.8576,21.80892,19.5295,3.41578
36.44738,13.60086,20.8596,31.81368,27.5317,23.40968
13.44918,23.60444,23.86202,11.81682,5.53184,13.40838
20.45052,33.61182,26.86408,21.81902,13.535,3.42878
27.44474,13.61078,29.86606,31.82326,21.53702,23.42266
34.45448,23.6141,2.8671,11.82596,29.53852,13.44342
11.45936,33.61068,5.7177,21.83088,7.5415,3.44202
18.4572,13.61406,7.7196,31.83432,15.5432,23.43596
24.85362,23.6177,9.72118,11.83706,23.54454,13.43462
30.84862,33.62226,11.72334,21.84098,1.54742,3.45486
36.849,13.6287,13.72562,31.84386,9.54932,23.44882
12.8581,23.63528,15.72754,11.8462,16.59134,13.44798
18.85624,33.63598,17.7307,21.85098,23.59198,3.46788
24.86258,13.6433,19.73282,31.85486,30.59502,23.46168
30.86424,23.64538,21.734,11.85746,7.5958,13.46082
36.8667,33.65054,23.37646,21.86094,14.5988,3.48054
12.8688,13.65338,24.37816,31.86442,21.6007,23.4747
18.87056,23.65658,25.38136,11.8682,28.60252,13.47376
24.86494,33.65188,26.38288,21.87226,5.60456,3.4937
30.87818,13.66258,27.38582,31.87488,12.6073,23.4882
36.8215,23.66584,28.38614,11.87806,19.6081,13.508
11.82242,33.6624,29.38856,21.88242,26.61102,3.50712
16.8176,13.67352,30.39102,31.88594,3.53046,23.50074
21.82366,23.67684,31.39372,11.88934,9.53356,13.4998
26.82876,33.67242,2.35504,21.89382,15.53494,3.51988
31.82692,13.68426,2.35714,31.89674,21.53798,23.51424
36.83272,23.6863,2.3588,11.89838,27.5392,13.51266
11.8271,33.69082,2.3608,21.90306,3.54184,3.53324
16.83758,13.68678,2.36274,31.90606,9.54318,23.52682
21.83902,23.69682,2.3648,11.90926,15.54616,13.52596
26.83682,33.70086,2.36638,21.91286,21.54758,3.54606
31.83944,13.70494,2.36978,31.91552,27.54996,23.53992
36.45986,23.70006,2.37152,11.92022,3.551,13.53868
10.45742,33.70406,2.37374,21.92266,9.55436,3.55892
14.45914,13.70566,2.1734,31.92698,15.55574,23.55286
18.4616,23.71052,31.17604,11.92988,21.55698,13.55168
22.46432,33.71718,30.1782,21.93454,27.55854,3.57178
26.45798,13.72512,29.18064,31.9373,3.56158,23.56588
30.46372,23.72074,28.18298,11.94068,9.1674,13.5648
34.47004,33.73182,27.18508,21.94456,14.16928,3.58492
8.4718,13.73614,26.18632,31.94876,19.17034,23.57886
12.47132,23.7378,25.18846,11.95026,24.17322,13.57792
16.47592,33.74256,24.191,21.95508,29.17516,3.59794
19.57196,13.7431,22.71318,31.95692,4.17738,23.59218
22.57838,23.74892,20.71484,11.96128,9.1788,13.59082
25.58282,33.75318,18.71772,21.96396,14.1807,3.61126
28.58144,13.75606,16.71976,31.96778,19.18254,23.60532
31.58342,23.75548,14.72272,11.97056,24.18482,13.60386
34.58532,33.75548,12.72342,21.97424,29.18652,3.624
37.58056,13.76636,10.72626,31.97806,4.18918,23.61808
10.58542,23.76656,8.72722,11.98192,9.19082,13.6171
13.58692,33.76862,6.73006,21.98498,13.7061,3.63722
16.59298,13.77646,4.1963,31.98868,17.70812,23.63108
18.7828,23.78018,31.19874,11.99148,21.7111,13.62994
20.7814,33.78382,28.20072,21.9961,25.71282,3.64972
22.7795,13.78734,25.20384,31.99916,29.71482,23.6442
24.78534,23.78918,22.20406,12.00236,3.71758,13.643
26.79116,33.78706,19.20798,22.00638,7.71856,3.66294
28.79672,13.79742,16.20984,32.00916,11.7198,23.65686
30.7869,23.80126,13.2115,12.01214,15.72294,13.65612
32.79702,33.80388,9.96576,22.01626,19.72576,3.67586
34.79904,13.80838,5.96826,32.0203,23.72638,23.67014
36.79786,23.811,31.97098,12.02258,27.7281,13.66902
8.6022,33.81782,27.97424,22.0267,1.73142,3.68928
9.60418,13.81822,23.97488,32.03092,5.50736,23.68316
10.60512,23.82152,19.97782,12.0329,8.50852,13.68152
11.60748,33.82114,15.97912,22.0372,10.51074,3.70192
12.6023,13.82768,11.98166,32.04098,12.51372,23.69642
13.60916,23.83142,7.23822,12.04378,14.51574,13.69476
14.61002,33.83532,2.24078,22.04838,16.51742,3.71512
15.6127,13.83884,27.24384,2.0503,18.5188,23.70938
16.61792,23.8419,22.24574,12.05406,20.52218,13.708
17.6197,33.84664,17.2473,22.05778,22.52298,3.728
18.6152,13.84644,12.24988,2.06044,24.52572,23.72236
19.61712,23.85236,7.25108,12.06426,26.5272,13.72102
20.30026,33.85622,2.25378,22.06698,28.53042,3.74126
20.30244,13.8592,27.25696,2.07114,30.53114,23.73502
20.30812,23.8585,22.2584,12.07384,2.53348,13.73426
20.30728,33.87018,16.5327,22.07766,3.66056,3.75394
20.30884,13.87012,10.536,2.08234,4.66284,23.74822
20.3111,23.8725,4.5375,12.08436,5.66444,13.7468
20.30908,33.87326,28.53932,22.08834,6.66772,3.76714
20.31064,13.88014,22.54264,2.0923,7.66918,23.76098
20.32074,23.88334,16.54342,12.09512,8.67076,13.7602
20.31098,33.88666,10.54498,22.0993,9.67356,3.78018
19.53196,13.89066,4.548,2.10304,10.67496,23.7742
18.52876,23.89292,28.54936,12.10558,11.67676,13.77288
17.53542,33.89384,21.7682,22.10952,12.68,3.79312
16.54216,13.90132,14.7698,2.11312,13.68192,23.78716
15.5439,23.90374,7.77344,12.11596,14.68398,13.78604
14.54502,33.90666,30.77464,22.1189,15.68604,3.80604
13.54788,13.90728,23.77764,2.1235,16.34206,23.80038
12.55022,23.91112,16.77848,12.12582,16.34456,13.799
11.5497,33.92166,9.78062,22.13048,16.34622,3.81922
10.54972,13.92144,2.78332,2.1342,16.34864,23.81302
8.82168,23.92382,25.7857,12.13618,16.34936,13.81222
36.82372,33.92392,17.88336,22.1407,16.35308,3.83208
34.82674,13.93412,9.88584,2.14298,16.35478,23.82638
32.82174,23.93496,31.88866,12.14704,16.3574,13.82502
30.82512,33.93852,23.89094,22.15056,16.35834,3.84534
28.82838,13.94222,15.89124,2.15374,16.35996,23.83916
26.83482,23.93724,7.89408,12.1565,15.70592,13.83836
24.82886,33.9496,29.89658,22.1621,14.70762,3.85832
22.8344,13.9531,21.25564,2.16468,13.71054,23.8523
20.83216,23.95224,12.25696,12.16768,12.71314,13.85126
18.81272,33.95202,3.2586,22.17054,11.71432,3.87128
15.81128,13.96316,24.26232,2.1744,10.71674,23.86532
12.80942,23.96252,15.2638,12.17824,9.71864,13.86452
9.81126,33.97346,6.26518,22.1812,8.72108,3.8843
36.821,13.97326,27.26798,2.18516,7.72334,23.8785
33.82398,23.97554,18.27032,12.18854,6.72508,13.87722
30.8227,33.97616,9.27228,22.19318,5.72766,3.89748
27.82762,13.983,29.78214,2.19558,4.01376,23.89134
24.82656,23.9828,19.78518,12.19816,2.01444,13.8901
21.8356,33.98646,9.78636,22.2026,30.00766,3.9103
18.82808,13.9936,29.78966,2.20592,28.01966,23.90452
15.71354,23.99774,19.79198,12.20862,26.0212,13.90308
11.71546,34.00098,9.79396,22.2126,24.0226,3.92348
37.71772,13.99702,29.79612,2.21528,22.02544,23.91742
33.71972,24.008,19.79778,12.21936,20.02708,13.9162
29.72578,34.01166,9.2895,22.22234,18.02882,3.93626
25.72438,14.01476,28.29096,2.22658,16.03186,23.93042
21.7191,24.01794,17.29398,12.22976,13.8734,13.92928
17.72834,34.02162,6.29626,22.2327,10.8755,3.9494
13.73058,14.02468,25.29824,2.23644,7.87832,23.94338
9.7298,24.02744,14.30024,12.24024,4.87996,13.94208
35.73836,34.02762,3.30254,22.24406,1.88112,3.9624
31.00088,14.03554,22.30524,2.24764,28.87202,23.95648
26.0024,24.0389,10.57848,12.25024,25.88724,13.95532
21.002,34.0417,28.58156,22.25368,22.88856,3.9757
16.00678,14.04132,16.58416,2.25702,19.89016,23.96932
11.0095,24.04746,4.58684,12.26098,16.89324,13.968
36.01512,34.04512,22.58952,22.2643,13.1863,3.9883
31.00538,14.0521,10.59088,2.26812,9.18826,23.98234
26.01604,24.05552,28.59254,12.26968,5.19174,13.98078
21.00984,34.0553,16.59452,22.27432,31.17198,4.00164
16.0198,14.06644,4.27174,2.27794,27.19586,23.99544
11.01738,24.0615,21.27388,12.27964,23.19806,13.99416
35.02046,34.07644,8.27582,22.28452,19.19952,4.01402
29.01876,14.07636,25.2784,2.28768,15.20152,24.00852
23.02492,24.07272,12.281,12.29118,11.20376,14.00706
17.01922,34.07932,29.28266,22.2956,7.16428,4.02752
11.02468,14.08674,16.28502,2.29862,2.16516,24.02124
35.03124,24.08942,3.28868,12.301,27.14174,14.0203
29.03584,34.08622,20.28874,22.30544,22.16946,4.04034
23.03556,14.0978,7.29088,2.3084,17.17248,24.03442
17.0334,24.09964,23.65128,12.31218,12.17488,14.0332
11.03946,34.10492,9.65326,22.3154,7.1779,4.05344
34.11742,14.10436,25.65626,2.3192,2.17868,24.04678
27.11588,24.10448,11.65906,12.32188,27.17592,14.04634
20.11446,34.11402,27.66138,22.32626,22.1838,4.06606
13.12292,14.11818,13.6621,2.32912,17.18542,24.06054
36.12658,24.1212,29.66614,12.33308,12.18828,14.05922
29.12802,34.12768,15.66666,22.33572,6.59644,4.07936
22.12674,14.1265,31.17132,2.33882,30.57536,24.07352
15.13226,24.1312,16.1722,12.343,24.60112,14.072
8.1378,34.12642,31.17474,22.34758,18.60298,4.09228
30.22384,14.1381,16.17814,2.34928,12.60466,24.08644
22.2314,24.14116,31.17976,12.35294,6.6074,14.08504
14.23322,34.1415,16.18288,22.35676,30.58762,4.10554
36.23906,14.1492,31.04438,2.35974,24.61194,24.09946
28.2375,24.15122,15.04714,12.36316,18.61344,14.09852
20.243,34.15558,29.04822,22.3676,12.61582,4.11842
12.2449,14.15962,13.05074,2.36996,5.95996,24.1127
34.24416,24.16284,27.05348,12.37368,28.94642,14.11138
26.24264,34.15824,11.05634,22.37808,21.96676,4.13146
18.24884,14.1691,25.058,2.38096,14.9689,24.12544
9.82292,24.16896,9.06194,12.38404,7.9707,14.12432
30.82764,34.17624,22.81574,22.38744,30.9643,4.14432
21.82978,14.17944,5.81746,2.39072,23.9752,24.1385
12.82832,24.18196,18.82016,12.39406,16.97746,14.1372
33.8349,34.1846,31.8226,22.39844,9.97894,4.15756
24.83772,14.18932,14.82506,2.4015,2.9817,24.15128
15.8391,24.19352,27.82676,12.40454,25.97614,14.15008
36.8414,34.19284,10.82924,22.4091,18.9854,4.1707
27.8437,14.19466,23.83176,2.41154,11.988,24.16484
18.84566,24.203,6.68054,12.41552,4.98936,14.16314
9.12166,34.20766,18.68238,22.41956,27.11542,4.18324
29.12818,14.20704,30.68566,2.42258,19.14108,24.17748
19.13376,24.2083,12.68818,12.42542,11.14388,14.17674
9.13184,34.21768,24.69056,22.42958,3.14512,4.19636
29.12992,14.21748,6.69286,2.43262,25.13414,24.19032
19.13574,24.22452,18.69574,12.43578,17.1499,14.18946
9.13444,34.2212,30.6985,22.43906,9.15216,4.20974
29.13652,14.22354,12.69948,2.44288,31.12892,24.20336
18.25688,24.23406,23.97464,12.44634,22.68822,14.20268
37.25816,34.23382,4.97668,22.45084,13.6897,4.22254
26.26826,14.2413,15.97992,2.4536,4.69212,24.21652
15.2663,24.24096,26.98198,12.45648,25.6752,14.21534
34.26898,34.24844,7.9837,22.46056,16.69628,4.2354
23.26732,14.24884,18.98576,2.4632,7.69768,24.2292
12.27684,24.2543,29.9891,12.46648,28.6918,14.2286
31.27914,34.2549,10.99036,22.4703,19.7029,4.24846
20.28114,14.26194,21.11644,2.4741,10.70522,24.24254
9.28446,24.2648,31.11938,12.47796,1.70626,14.24116
27.51076,34.2701,11.12142,22.48,22.68442,4.26144
15.51334,14.27238,21.12394,2.48454,13.71134,24.25544
33.51638,24.26872,31.12644,12.48726,4.71378,14.25446
21.5178,34.283,11.12916,22.49166,25.70494,4.2744
9.51994,14.27646,21.13186,2.49474,16.7188,24.26858
27.52134,24.28626,30.6658,12.49806,7.72144,14.26736
15.51792,34.28966,9.66834,22.50226,28.70046,4.28744
33.53052,14.2935,18.67096,2.50524,19.72554,24.28172
21.52936,24.29708,27.67372,12.50736,10.7267,14.28054
9.23846,34.29158,6.67498,22.51258,1.72876,NA
26.23748,14.30058,15.67798,2.51498,22.71518,NA
13.24686,24.30646,24.68144,12.5181,13.73394,NA
30.2397,34.30706,3.44782,22.52212,4.73646,NA
17.25092,14.31438,11.45012,2.52626,25.41974,NA
34.2533,24.31714,19.45224,12.52876,15.42942,NA
21.25554,34.31314,27.45542,22.53166,5.43202,NA
8.25094,14.32352,5.45746,2.5365,25.4157,NA
24.90676,24.32386,13.4602,12.53898,15.43554,NA
10.90076,34.33254,21.4628,22.54226,5.43878,NA
26.90354,14.3346,29.46544,2.54736,25.432,NA
12.90604,24.33688,7.2934,12.54844,15.44208,NA
28.91642,34.3412,14.29474,22.5541,5.44506,NA
14.91802,14.34438,21.29922,2.55702,25.42774,NA
30.9124,24.34082,28.3013,12.56046,15.44826,NA
16.9262,34.35146,5.30432,22.56452,5.42304,NA
32.92474,14.35538,12.30512,2.56708,24.41944,NA
18.25026,24.35054,19.30778,12.57032,13.42634,NA
33.25254,34.36188,26.30956,22.57404,2.42876,NA
18.24862,14.36594,2.89432,2.57684,21.4111,NA
33.2579,24.36564,8.89686,12.58184,10.43326,NA
18.2595,34.37164,14.89874,22.58368,29.43038,NA
33.26228,14.37574,20.90138,2.58826,18.43758,NA
18.25688,24.37534,26.90316,12.58954,7.43986,NA
33.25822,34.3809,2.90584,22.59466,26.426,NA
18.26546,14.38574,8.90874,2.5977,14.56572,NA
33.27448,24.3888,14.9127,12.601,2.56832,NA
17.92386,34.39328,20.19724,22.6056,20.56284,NA
31.9307,14.39622,25.20068,2.60896,8.57288,NA
15.9359,24.40004,30.20396,12.61154,26.56134,NA
29.93842,34.39914,5.2057,22.61682,14.5758,NA
13.93734,14.402,10.20784,2.6186,2.57892,NA
27.93616,24.4093,15.21126,12.62308,20.55602,NA
11.94466,34.40564,20.21356,22.62594,8.58414,NA
25.9471,14.41372,25.02424,2.62916,26.57554,NA
9.95032,24.4205,29.02646,12.63202,14.58814,NA
23.94912,34.42388,3.02902,22.63658,2.22858,NA
37.21776,14.42762,7.03118,2.63966,19.20588,NA
20.2158,24.4235,11.03348,12.64208,6.2325,NA
33.21836,34.43512,15.03676,22.64568,23.2292,NA
16.22188,14.43754,19.03892,2.6511,10.23738,NA
29.21646,24.44054,22.95772,12.65298,27.2235,NA
12.22468,34.43756,25.95946,22.65714,14.24212,NA
25.22104,14.44808,28.9607,2.66054,31.22088,NA
8.221,24.44796,31.96434,12.66416,18.2475,NA
20.5869,34.44754,4.96592,22.66728,5.24918,NA
32.58676,14.45808,7.96876,2.66984,22.23802,NA
14.58498,24.4541,10.9717,12.67348,9.25382,NA
26.59814,34.46574,13.97388,22.67736,26.2318,NA
8.59616,14.4649,16.55686,2.6796,12.41028,NA
20.59988,24.46468,18.5589,12.68494,28.40752,NA
32.5995,34.4761,20.56272,22.68606,14.41434,NA
14.60352,14.47108,22.56468,2.69142,30.4021,NA
26.6068,24.48322,24.56754,12.69472,16.4207,NA
37.90708,34.48934,26.57012,22.69762,2.42132,NA
18.90988,14.48988,28.57156,2.70116,18.4188,NA
29.9128,24.49176,30.5291,12.70434,4.4268,NA
10.9061,34.49264,31.53114,22.70852,20.41732,NA
21.91614,14.4993,2.53276,2.7117,6.43152,NA
32.91936,24.50336,3.53498,12.71436,22.41088,NA
13.92086,34.5022,4.5381,22.71874,8.4363,NA
24.92364,14.5065,5.5407,2.72196,24.43054,NA
35.9276,24.5129,6.54314,12.7265,9.6691,NA
16.92202,34.5171,7.54592,22.72856,24.6576,NA
27.14842,14.51696,8.42508,2.73272,9.6738,NA
37.14694,24.52358,8.42664,12.73646,24.65132,NA
17.14164,34.52778,8.42986,22.7391,9.67894,NA
27.15166,14.5219,8.43248,2.74252,24.67466,NA
37.15374,24.53414,8.43602,12.74562,9.68284,NA
17.1484,34.54158,8.43794,22.74938,24.66892,NA
27.15768,14.54032,8.44042,2.75212,9.6878,NA
37.15428,24.54432,7.64044,12.75572,24.57348,NA
17.16294,34.54782,6.64214,22.76062,8.5994,NA
27.16208,14.54334,5.64474,2.7631,22.59264,NA
36.59782,24.55542,4.64754,12.76724,6.60396,NA
15.60256,34.55428,3.64966,22.7703,20.58752,NA
24.60212,14.56134,2.65222,2.77362,4.60898,NA
33.5966,24.56504,31.65702,12.77638,18.5854,NA
12.60384,34.56582,30.6581,22.78034,1.69686,NA
21.60598,14.56842,28.79592,2.78416,14.68824,NA
30.6155,24.57172,26.79742,12.78758,27.68474,NA
9.60702,34.57098,24.80156,22.79044,10.70418,NA
18.6167,14.58178,22.80386,2.79456,23.6824,NA
27.61352,24.57848,20.8052,12.797,6.70902,NA
36.32262,34.5933,18.80846,22.80108,19.7017,NA
14.32934,14.5855,16.81126,2.8046,2.7133,NA
22.3305,24.59596,14.59734,12.80788,15.3967,NA
30.33508,34.5917,11.5995,22.81204,27.3931,NA
8.33568,14.60318,8.60252,2.81546,9.42028,NA
16.33868,24.60062,5.605,12.8184,21.41672,NA
24.34116,34.60454,2.60684,22.8214,3.42456,NA
32.33524,14.60688,29.61112,2.8256,15.41122,NA
10.3372,24.6156,26.61322,12.82752,27.40762,NA
18.34506,34.6165,23.6159,22.83246,9.43338,NA
25.87526,14.624,19.88446,2.83562,21.42682,NA
32.8821,24.62654,15.88756,12.8383,3.43752,NA
9.89004,34.63148,11.88888,22.84098,14.84686,NA
16.88894,14.62968,7.89174,2.84504,25.84402,NA
23.88438,24.634,3.89372,12.84898,6.86618,NA
30.89412,34.64156,29.8972,22.85218,17.84186,NA
7.8915,14.64436,25.89892,2.85652,28.85922,NA
14.90352,24.64816,21.9021,12.85856,9.87488,NA
21.9009,34.65172,17.90508,22.86416,20.85792,NA
28.90042,14.6546,13.69882,2.8666,1.87822,NA
35.90212,24.6544,8.70096,12.8697,12.85572,NA
12.9002,34.661,3.70302,22.8741,23.87788,NA
19.91058,14.65682,28.70596,2.87618,4.88526,NA
26.91276,24.66114,23.70916,12.8811,15.74744,NA
33.9158,34.66808,18.71106,22.88414,25.74374,NA
10.91046,14.6754,13.62516,2.88816,5.7685,NA
17.92106,24.67182,7.62838,12.89136,15.76306,NA
24.92308,34.68298,31.63164,22.89372,25.76384,NA
31.92622,14.6853,25.6334,2.89748,5.77558,NA
8.92788,24.68958,19.63722,12.9,15.75834,NA
15.92998,34.68442,13.6396,22.90402,25.75456,NA
22.92566,14.69548,7.64102,2.9078,5.78188,NA
29.92644,24.699,31.6449,12.91092,15.77814,NA
36.23472,34.69884,25.6466,22.91596,25.2333,NA
12.22836,14.70624,19.65004,2.91858,4.2474,NA
18.2361,24.70922,13.53422,12.92092,13.22702,NA
24.23914,34.71236,6.53862,22.92638,22.22772,NA
30.24468,14.70988,29.54136,2.92842,31.24948,NA
36.2509,24.71924,22.5428,12.9317,10.25768,NA
12.24264,34.72348,15.5461,22.93648,19.24462,NA
18.25248,14.71864,8.54882,2.93804,28.24092,NA
24.25048,24.73034,31.55178,12.94172,7.26538,NA
30.24856,34.7289,24.55348,22.94506,16.26016,NA
35.36276,14.73724,17.07334,2.94942,25.24834,NA
10.36256,24.74044,9.07662,12.95144,3.25928,NA
15.3665,34.74452,31.07858,22.95566,11.24266,NA
20.37356,14.74662,23.08168,2.95932,19.23884,NA
25.37912,24.75022,15.08508,12.962,27.2404,NA
30.37838,34.75268,7.08646,22.96634,5.26908,NA
35.38374,14.75736,29.08992,2.9692,13.25974,NA
10.38522,24.7578,21.09144,12.97188,21.25612,NA
15.38938,34.7575,13.09506,22.97648,29.25266,NA
19.75386,14.76822,4.78462,2.97984,7.08472,NA
23.7574,24.7633,25.78622,12.98316,14.0814,NA
27.7584,34.77512,16.78902,22.98734,21.07854,NA
31.76116,14.77554,7.79228,2.99068,28.0753,NA
35.76352,24.78126,28.7957,12.99316,5.09408,NA
9.75922,34.77818,19.7962,22.99638,12.07278,NA
13.76914,14.78126,10.80114,3.00088,19.09114,NA
17.7744,24.78462,31.8038,13.00436,26.09186,NA
21.77448,34.7962,21.91756,23.00724,3.10314,NA
25.77314,14.7993,11.92066,3.01086,10.08622,NA
28.94366,24.80186,31.92316,13.01506,16.89882,NA
31.9418,34.80586,21.9257,23.0193,22.9176,NA
34.94822,14.80898,11.92928,3.02206,28.91774,NA
7.94264,24.81284,31.9321,13.02364,4.92932,NA
10.95306,34.81554,21.93398,23.02886,10.9124,NA
13.95238,14.81422,11.93818,3.03142,16.9088,NA
16.9587,24.82358,31.94036,13.03528,22.93108,NA
19.96492,34.82698,21.94392,23.03904,28.93154,NA
22.8804,14.82678,11.94594,3.04178,4.94182,NA
24.88828,24.82984,31.9476,13.04542,10.92606,NA
26.89418,34.83682,21.9515,23.04932,16.9219,NA
28.8973,14.84024,11.95412,3.0528,22.4188,NA
30.90276,24.8366,31.2679,13.05576,27.44056,NA
32.90188,34.85094,20.2706,23.05866,2.44948,NA
34.90412,14.84202,9.27246,3.06274,7.43464,NA
36.90726,24.84618,28.27508,13.06516,12.43116,NA
8.90892,34.85766,17.2779,23.06952,17.4314,NA
10.91538,14.86074,6.2804,3.07284,22.45028,NA
12.13878,24.86468,25.28318,13.07652,27.45064,NA
13.14048,34.86406,14.28476,23.07998,2.46496,NA
14.14692,14.86784,3.28786,3.08328,7.44474,NA
15.14484,24.87436,22.29222,13.08648,11.80988,NA
16.15616,34.8747,10.60934,23.0905,15.82806,NA
17.15122,14.87868,28.61126,3.0934,19.82892,NA
18.16116,24.88496,16.61556,13.0976,23.8257,NA
19.16388,34.88282,4.61738,23.09984,27.8224,NA
20.16604,14.88386,22.62026,3.10478,1.84592,NA
21.11692,24.89556,10.6225,13.10746,5.8458,NA
21.12798,34.89082,28.62524,23.11078,9.84218,NA
21.12978,14.90298,16.62854,3.11512,13.78028,NA
21.12854,24.90578,3.99998,13.11582,16.77682,NA
21.12632,34.90588,21.00248,23.12182,19.77706,NA
21.13034,14.91246,8.00588,3.12462,22.79542,NA
21.13958,24.91588,25.01014,13.12748,25.7963,NA
21.14232,34.91142,12.0113,23.13182,28.79324,NA
21.14174,14.91938,29.01538,3.13386,1.8098,NA
21.143,24.92558,16.01848,13.13906,4.78564,NA
21.15416,34.93058,3.01918,23.14128,6.787,NA
20.2451,14.9263,20.02272,3.146,8.80432,NA
19.23908,24.93046,7.02568,13.14934,10.80594,NA
18.2433,34.94136,24.0281,23.15196,12.8021,NA
17.24848,14.94448,11.0324,3.15464,14.79848,NA
16.24862,24.94712,28.03506,13.15956,16.82066,NA
15.2545,34.95508,15.03654,23.16212,18.82152,NA
14.25334,14.94558,32.04094,3.16666,20.8182,NA
13.2592,24.95654,19.04308,13.16928,22.81484,NA
12.25626,34.96106,6.04524,23.17222,24.59986,NA
11.2723,14.96432,23.04854,3.17642,25.6226,NA
10.26702,24.96032,10.9039,13.17932,26.6226,NA
8.73402,34.97084,28.90622,23.18278,27.62014,NA
36.74058,14.96788,16.90978,3.18698,28.61644,NA
34.7377,24.97042,4.91176,13.1906,29.6128,NA
32.74914,34.98244,22.9142,23.19276,30.6354,NA
30.7488,14.98458,10.91776,3.196,1.64288,NA
28.74262,24.9808,28.92076,13.20102,2.63354,NA
26.7503,34.99172,17.26738,23.20294,3.06234,NA
24.75642,14.99568,6.26904,3.20746,3.05876,NA
22.76246,24.99832,25.27258,13.20948,3.0595,NA
20.05172,35.00558,14.27552,23.2138,3.08124,NA
17.05464,14.99614,3.27826,3.21754,3.07864,NA
14.05024,25.00822,22.27988,13.22066,3.0747,NA
11.05984,35.00456,11.28432,23.2253,3.07144,NA
38.06666,15.00776,30.84832,3.22786,3.0724,NA
35.05674,25.01958,20.85088,13.23086,3.09452,NA
32.06784,35.02258,10.853,23.23562,2.70582,NA
29.06232,15.02634,30.85656,3.23862,1.70262,NA
26.06886,25.02962,20.8592,13.24164,30.69822,NA
22.25988,35.0339,10.86178,23.24596,29.7205,NA
18.252,15.03354,31.50582,3.24902,28.72092,NA
14.25492,25.0397,22.50864,13.2525,27.71816,NA
10.265,35.04304,13.51036,23.25618,26.7143,NA
36.26664,15.04302,4.51328,3.25914,25.711,NA
32.26946,25.04262,25.51658,13.2623,24.28986,NA
28.27214,35.05816,16.51876,23.2653,22.29054,NA
24.2685,15.05684,7.52068,3.26982,20.28746,NA
20.27776,25.05996,28.62866,13.27226,18.2841,NA
15.5158,35.06,20.6313,23.27632,16.28052,NA
10.51878,15.06762,12.63376,3.27928,14.3028,NA
35.51386,25.06218,4.63606,13.2827,12.30324,NA
30.52472,35.07088,26.63976,23.28604,10.3006,NA
25.52294,15.07456,18.64142,3.28974,8.2968,NA
20.52578,25.08096,10.974,13.29342,5.67604,NA
15.53184,35.07972,3.97622,23.2968,2.6982,NA
10.53574,15.08828,26.97954,3.29924,29.69824,NA
35.53802,25.08346,19.98214,13.30364,26.69518,NA
30.23954,35.0877,12.98452,23.30646,23.69164,NA
24.236,15.09866,5.98668,3.31036,20.69182,NA
18.24516,25.10278,28.99056,13.31294,17.7108,NA
12.24726,35.10954,21.99262,23.31684,14.10356,NA
36.2504,15.10916,15.46346,3.32118,10.10074,NA
30.25316,25.10826,9.4668,13.32384,6.09742,NA
24.25956,35.11146,3.46972,23.32746,2.09738,NA
18.258,15.11166,27.47166,3.33156,28.11512,NA
12.26092,25.12294,21.47364,13.33438,24.11594,NA
36.02264,35.12588,15.47688,23.33852,20.11298,NA
29.0286,15.12552,9.98482,3.34072,16.10938,NA
22.03286,25.13226,4.98828,13.34476,12.1097,NA
15.02586,35.1384,29.99146,23.348,8.12806,NA
8.03614,15.14066,24.99326,3.35152,4.12872,NA
31.03244,25.13752,19.99704,13.3546,30.12516,NA
24.03916,35.14604,14.9989,23.35864,26.12106,NA
16.86598,15.14658,10.002,3.36096,22.12174,NA
8.86892,25.1536,5.35478,13.3657,18.14406,NA
30.87156,35.1613,31.3582,23.36832,13.28532,NA
22.87444,15.16098,27.3599,3.37292,8.2818,NA
14.87742,25.15638,23.36308,13.37438,3.2787,NA
36.88024,35.16756,19.36542,23.37992,28.27836,NA
28.88326,15.17142,15.36842,3.38302,23.3006,NA
20.88184,25.17414,11.37008,13.38546,18.29762,NA
12.8786,35.17766,7.37316,23.38972,13.29426,NA
34.66058,15.17354,3.37558,3.3933,8.29046,NA
25.65892,25.17716,29.37814,13.3959,3.20628,NA
16.65444,35.18846,25.38138,23.40014,27.22358,NA
37.66488,15.1885,21.38436,3.40338,21.22478,NA
28.66616,25.18718,17.38598,13.40702,15.2211,NA
19.67034,35.19924,13.3893,23.40938,9.21728,NA
9.72508,15.2018,9.39128,3.41338,3.2394,NA
29.729,25.19806,5.39456,13.41702,27.23942,NA
19.72736,35.21314,31.39682,23.42074,21.23654,NA
9.73002,15.21196,27.39772,3.42446,14.83044,NA
29.73628,25.2154,24.32922,13.42748,7.83068,NA
19.74006,35.21552,21.33214,23.43088,30.8481,NA
9.73574,15.22274,18.3355,3.4338,23.8491,NA
29.40034,25.21722,15.3362,13.4374,16.84626,NA
18.40758,35.22146,12.33898,23.44194,9.8422,NA
37.40628,15.22892,9.54216,3.44482,2.84296,NA
26.40918,25.23582,7.54312,13.44806,25.63566,NA
15.41216,35.23646,5.54658,23.45238,17.63672,NA
34.40598,15.24008,3.54948,3.45598,9.63352,NA
22.74206,25.24008,31.55184,13.45854,1.63002,NA
10.73316,35.24298,29.55484,23.46184,23.62996,NA
28.74402,15.24602,27.55838,3.46548,15.65186,NA
16.74334,25.24936,25.55908,13.46852,7.64892,NA
34.74986,35.26482,23.56238,23.47152,29.64478,NA
22.75128,15.26396,21.56386,3.4758,21.64106,NA
10.75582,25.26714,20.3527,13.4789,13.66366,NA
28.7547,35.26752,19.3541,23.4837,5.06208,NA
16.76058,15.27476,18.35646,3.48546,26.0588,NA
34.76776,25.27048,17.35918,13.4893,17.05518,NA
21.91072,35.27718,16.3617,23.49306,8.05544,NA
8.91806,15.27748,15.36574,3.49636,29.07322,NA
25.9216,25.28806,14.36778,13.49938,20.074,NA
12.92002,35.29188,14.16474,23.50288,11.07102,NA
29.92536,15.29172,14.16682,3.5067,2.06742,NA
16.92826,25.29876,14.16956,13.5106,23.06734,NA
33.93256,35.30238,14.17366,23.5132,14.0896,NA
20.93486,15.29762,14.17556,3.51752,5.08656,NA
37.93808,25.30824,14.17822,13.5198,26.08258,NA
24.86114,35.316,14.77394,23.52384,17.0791,NA
10.86386,15.3161,15.77648,3.52684,7.86586,NA
26.86324,25.31874,16.78002,13.52982,27.88288,NA
12.86908,35.32294,17.78306,23.5338,17.88404,NA
28.86464,15.32604,18.78396,3.53726,7.8805,NA
14.8741,25.32866,19.78764,13.5407,27.88044,NA
30.8769,35.32528,20.89978,23.54462,17.89884,NA
16.87626,15.3325,22.9043,3.54706,7.89918,NA
32.87998,25.33174,24.90614,13.5514,27.89552,NA
18.09036,35.34008,26.9091,23.55494,17.72796,NA
33.09548,15.34696,28.91002,3.5581,6.72796,NA
18.0974,25.34996,31.31106,13.56118,25.7499,NA
33.10054,35.35374,4.31298,23.56514,14.7464,NA
18.10644,15.34902,7.31582,3.56782,3.74376,NA
33.10592,25.3604,10.3185,13.57182,22.73884,NA
18.10482,35.36804,13.32104,23.57456,11.73986,NA
33.11154,15.35848,16.32248,3.57968,30.59636,NA
17.1246,25.36262,19.32628,13.5816,18.59332,NA
31.12676,35.37042,22.42454,23.5858,6.58984,NA
15.13118,15.37814,26.42882,3.58898,24.58946,NA
29.13368,25.38042,30.43066,13.59242,12.60776,NA
13.13014,35.38328,4.432,23.59652,30.60774,NA
27.14366,15.38398,8.43524,3.59944,18.60468,NA
11.14188,25.39032,12.43692,13.6027,6.60172,NA
25.14472,35.39514,16.44018,23.60656,24.27566,NA
8.34782,15.39508,20.44326,3.60904,11.29418,NA
21.34698,25.40086,24.57866,13.61248,28.29426,NA
34.35294,35.39788,29.58022,23.6169,15.29114,NA
17.3567,15.40088,4.5825,3.62008,2.2875,NA
30.35896,25.40852,9.58548,13.6235,19.30924,NA
13.36158,35.41916,14.58756,23.62754,6.30936,NA
26.36862,15.41838,19.58986,3.63056,22.67462,NA
9.35934,25.4221,24.59246,13.63312,8.67132,NA
21.9312,35.42598,29.59532,23.63848,24.67094,NA
33.93396,15.42882,4.59686,3.64108,10.68902,NA
15.92772,25.43194,10.2197,13.64302,26.68958,NA
27.9385,35.43216,16.22404,23.64746,12.68572,NA
9.94228,15.43668,22.22548,3.65142,28.68208,NA
21.93698,25.4426,28.2283,13.65432,14.6825,NA
33.94358,35.43844,4.23036,23.65862,29.70394,NA
15.00374,15.4469,10.23206,3.66132,14.70456,NA
26.00312,25.44528,16.39606,13.66534,29.70054,NA
37.00628,35.45704,23.39922,23.6688,14.7008,NA
18.0091,15.46056,30.40264,3.67206,29.71904,NA
29.00826,25.4551,7.40298,13.67526,14.71956,NA
10.01362,35.47164,14.40674,23.6778,29.71556,NA
21.014,15.47086,21.40858,3.68198,14.41304,NA
32.02086,25.47346,28.41066,13.68502,28.41348,NA
12.54118,35.47702,5.43914,23.68962,12.43498,NA
22.5471,15.48124,13.44154,3.69294,26.4319,NA
32.54616,25.4841,21.44486,13.69574,10.42792,NA
12.54642,35.4841,29.44756,23.69988,24.42754,NA
22.55162,15.49184,NA,3.70246,8.446,NA
32.22896,25.48616,NA,13.70556,22.44642,NA
11.23172,35.49256,NA,23.71048,6.44308,NA
20.22666,15.49864,NA,3.713,20.40688,NA
29.23014,25.50554,NA,13.71648,3.40736,NA
8.24046,35.50864,NA,23.71962,16.42862,NA
17.24294,15.50354,NA,3.72338,29.4248,NA
26.2394,25.5085,NA,13.72624,12.42182,NA
35.24624,35.52238,NA,23.7301,25.42096,NA
14.18854,15.52234,NA,3.73402,8.43952,NA
22.19682,25.52372,NA,13.73642,21.4396,NA
30.19556,35.52488,NA,23.74132,4.43672,NA
8.1944,15.53272,NA,3.74384,17.432,NA
16.20066,25.53192,NA,13.74676,30.4325,NA
NA,35.53532,NA,23.7515,13.02606,NA
NA,15.53888,NA,3.75426,25.02274,NA
NA,25.54526,NA,13.75664,7.01924,NA
NA,35.55024,NA,23.76148,19.01862,NA
NA,15.55056,NA,3.76446,31.0363,NA
NA,25.55306,NA,13.76686,13.03752,NA
NA,35.56008,NA,23.77144,25.03342,NA
NA,15.5598,NA,3.77472,7.03006,NA
NA,25.56306,NA,13.7775,19.02986,NA
NA,35.5744,NA,23.78144,30.35446,NA
NA,15.56596,NA,3.78542,NA,NA
NA,25.57632,NA,13.78866,NA,NA
NA,35.57712,NA,23.7923,NA,NA
NA,15.58402,NA,3.79596,NA,NA
NA,25.58396,NA,13.7989,NA,NA
NA,35.5907,NA,23.8021,NA,NA
NA,15.59504,NA,3.80514,NA,NA
NA,25.59786,NA,13.80898,NA,NA
NA,35.60264,NA,23.81286,NA,NA
NA,15.60186,NA,3.81698,NA,NA
NA,25.60482,NA,13.81916,NA,NA
NA,35.61202,NA,23.82322,NA,NA
NA,15.6111,NA,3.82586,NA,NA
NA,25.61544,NA,13.83024,NA,NA
NA,35.6236,NA,23.83226,NA,NA
NA,15.61928,NA,3.83746,NA,NA
NA,25.6288,NA,13.84044,NA,NA
NA,35.6287,NA,23.84448,NA,NA
NA,15.63858,NA,3.84692,NA,NA
NA,25.63936,NA,13.85028,NA,NA
NA,35.63468,NA,23.85434,NA,NA
NA,15.64704,NA,3.85796,NA,NA
NA,25.64942,NA,13.86134,NA,NA
NA,35.65334,NA,23.86534,NA,NA
NA,15.64878,NA,3.86702,NA,NA
NA,25.65998,NA,13.87152,NA,NA
NA,35.66402,NA,23.87398,NA,NA
NA,15.66752,NA,3.87738,NA,NA
NA,25.67002,NA,13.88204,NA,NA
NA,35.6671,NA,23.8846,NA,NA
NA,15.67664,NA,3.88844,NA,NA
NA,25.68016,NA,13.89194,NA,NA
NA,35.68052,NA,23.89648,NA,NA
NA,15.68728,NA,3.89834,NA,NA
NA,25.68704,NA,13.90222,NA,NA
NA,35.69016,NA,23.90688,NA,NA
NA,15.6945,NA,3.90814,NA,NA
NA,25.70014,NA,13.9127,NA,NA
NA,35.7011,NA,23.91664,NA,NA
NA,15.7047,NA,3.91912,NA,NA
NA,25.71082,NA,13.9238,NA,NA
NA,35.7158,NA,23.92692,NA,NA
NA,15.71126,NA,3.9302,NA,NA
NA,25.71836,NA,13.93266,NA,NA
NA,35.72994,NA,23.93682,NA,NA
NA,15.72906,NA,3.93964,NA,NA
NA,25.73174,NA,13.94378,NA,NA
NA,35.7359,NA,23.94784,NA,NA
NA,15.73124,NA,3.95106,NA,NA
NA,25.73612,NA,13.95386,NA,NA
NA,35.73886,NA,23.9577,NA,NA
NA,15.74962,NA,3.96116,NA,NA
NA,25.75124,NA,13.96484,NA,NA
NA,35.75656,NA,23.96834,NA,NA
NA,15.75992,NA,3.97126,NA,NA
NA,25.75552,NA,13.9745,NA,NA
NA,35.7662,NA,23.97822,NA,NA
NA,15.76998,NA,3.9813,NA,NA
NA,25.76592,NA,13.98526,NA,NA
NA,35.78086,NA,23.98734,NA,NA
NA,15.7812,NA,3.99226,NA,NA
NA,25.78338,NA,13.99542,NA,NA
NA,35.77954,NA,23.99878,NA,NA
NA,15.79062,NA,4.00194,NA,NA
NA,25.78724,NA,14.00488,NA,NA
NA,35.7968,NA,24.00972,NA,NA
NA,15.79334,NA,4.013,NA,NA
NA,25.80388,NA,14.017,NA,NA
NA,35.8049,NA,24.0201,NA,NA
NA,15.81228,NA,4.02234,NA,NA
NA,25.81054,NA,14.02632,NA,NA
NA,35.81942,NA,24.02926,NA,NA
NA,15.8211,NA,4.0335,NA,NA
NA,25.82174,NA,14.03614,NA,NA
NA,35.82928,NA,24.03984,NA,NA
NA,15.8322,NA,4.04418,NA,NA
NA,25.83496,NA,14.0477,NA,NA
NA,35.83144,NA,24.0506,NA,NA
NA,15.84528,NA,4.05364,NA,NA
NA,25.84614,NA,14.05706,NA,NA
NA,35.8484,NA,24.06144,NA,NA
NA,15.85246,NA,4.06356,NA,NA
NA,25.85552,NA,14.0683,NA,NA
NA,35.85326,NA,24.0719,NA,NA
NA,15.85982,NA,4.07506,NA,NA
NA,25.86648,NA,14.07704,NA,NA
NA,35.8701,NA,24.0813,NA,NA
NA,15.8644,NA,4.08494,NA,NA
NA,25.86964,NA,14.08826,NA,NA
NA,35.88452,NA,24.09096,NA,NA
NA,15.88348,NA,4.09474,NA,NA
NA,25.87934,NA,14.09834,NA,NA
NA,35.88732,NA,24.10238,NA,NA
NA,15.89342,NA,4.10566,NA,NA
NA,25.89364,NA,14.10908,NA,NA
NA,35.89346,NA,24.11202,NA,NA
NA,15.90442,NA,4.11576,NA,NA
NA,25.90746,NA,14.11972,NA,NA
NA,35.9112,NA,24.12312,NA,NA
NA,15.9113,NA,4.1264,NA,NA
NA,25.9099,NA,14.12874,NA,NA
NA,35.9164,NA,24.13268,NA,NA
NA,15.92108,NA,4.13642,NA,NA
NA,25.92238,NA,14.13854,NA,NA
NA,35.93602,NA,24.14178,NA,NA
NA,15.93208,NA,4.14774,NA,NA
NA,25.93872,NA,14.15004,NA,NA
NA,35.93874,NA,24.15476,NA,NA
NA,15.94588,NA,4.158,NA,NA
NA,25.94916,NA,14.15988,NA,NA
NA,35.94418,NA,24.16422,NA,NA
NA,15.9566,NA,4.1667,NA,NA
NA,25.95836,NA,14.1706,NA,NA
NA,35.9631,NA,24.17386,NA,NA
NA,15.95864,NA,4.17744,NA,NA
NA,25.96986,NA,14.18068,NA,NA
NA,35.97388,NA,24.1839,NA,NA
NA,15.97312,NA,4.18814,NA,NA
NA,25.98024,NA,14.1917,NA,NA
NA,35.98422,NA,24.19504,NA,NA
NA,15.9867,NA,4.19764,NA,NA
NA,25.9905,NA,14.2012,NA,NA
NA,35.98998,NA,24.20454,NA,NA
NA,15.99678,NA,4.2087,NA,NA
NA,25.9973,NA,14.2114,NA,NA
NA,36.00106,NA,24.21574,NA,NA
NA,16.0003,NA,4.21938,NA,NA
NA,26.00286,NA,14.22286,NA,NA
NA,36.01092,NA,24.2258,NA,NA
NA,16.01498,NA,4.22874,NA,NA
NA,26.02142,NA,14.2331,NA,NA
NA,36.02564,NA,24.23584,NA,NA
NA,16.02782,NA,4.24024,NA,NA
NA,26.03144,NA,14.2423,NA,NA
NA,36.0388,NA,24.246,NA,NA
NA,16.03926,NA,4.25066,NA,NA
NA,26.04152,NA,14.2525,NA,NA
NA,36.042,NA,24.25734,NA,NA
NA,16.04878,NA,4.26012,NA,NA
NA,26.05232,NA,14.26316,NA,NA
NA,36.0479,NA,24.26814,NA,NA
NA,16.05946,NA,4.27032,NA,NA
NA,26.06198,NA,14.2737,NA,NA
NA,36.06246,NA,24.2766,NA,NA
NA,16.07028,NA,4.28068,NA,NA
NA,26.07254,NA,14.28382,NA,NA
NA,36.07704,NA,24.28742,NA,NA
NA,16.07654,NA,4.2916,NA,NA
NA,26.07622,NA,14.29444,NA,NA
NA,36.09074,NA,24.29718,NA,NA
NA,16.08188,NA,4.30114,NA,NA
NA,26.08596,NA,14.3047,NA,NA
NA,36.08838,NA,24.30794,NA,NA
NA,16.10056,NA,4.3121,NA,NA
NA,26.10418,NA,14.31496,NA,NA
NA,36.10674,NA,24.32006,NA,NA
NA,16.11072,NA,4.3224,NA,NA
NA,26.11398,NA,14.32472,NA,NA
NA,36.11904,NA,24.33042,NA,NA
NA,16.12158,NA,4.33288,NA,NA
NA,26.12534,NA,14.3362,NA,NA
NA,36.12936,NA,24.3384,NA,NA
NA,16.13138,NA,4.34298,NA,NA
NA,26.13072,NA,14.34552,NA,NA
NA,36.14222,NA,24.34892,NA,NA
NA,16.13878,NA,4.35388,NA,NA
NA,26.1451,NA,14.35616,NA,NA
NA,36.1493,NA,24.36058,NA,NA
NA,16.1519,NA,4.3642,NA,NA
NA,26.15564,NA,14.3664,NA,NA
NA,36.15048,NA,24.37124,NA,NA
NA,16.1557,NA,4.3734,NA,NA
NA,26.1655,NA,14.37642,NA,NA
NA,36.16682,NA,24.38068,NA,NA
NA,16.16526,NA,4.38392,NA,NA
NA,26.17628,NA,14.38774,NA,NA
NA,36.18056,NA,24.3907,NA,NA
NA,16.1831,NA,4.39322,NA,NA
NA,26.18356,NA,14.39816,NA,NA
NA,36.19436,NA,24.40076,NA,NA
NA,16.19412,NA,4.4052,NA,NA
NA,26.19622,NA,14.40736,NA,NA
NA,36.19634,NA,24.41154,NA,NA
NA,16.20666,NA,4.41546,NA,NA
NA,26.2073,NA,14.41714,NA,NA
NA,36.20286,NA,24.4226,NA,NA
NA,16.21468,NA,4.42582,NA,NA
NA,26.21004,NA,14.42762,NA,NA
NA,36.21366,NA,24.4332,NA,NA
NA,16.22144,NA,4.43566,NA,NA
NA,26.22856,NA,14.43844,NA,NA
NA,36.23116,NA,24.44198,NA,NA
NA,16.23498,NA,4.44616,NA,NA
NA,26.23838,NA,14.44948,NA,NA
NA,36.23538,NA,24.45198,NA,NA
NA,16.24484,NA,4.45666,NA,NA
NA,26.24828,NA,14.4593,NA,NA
NA,36.25142,NA,24.46332,NA,NA
NA,16.25532,NA,4.46632,NA,NA
NA,26.25924,NA,14.47,NA,NA
NA,36.2624,NA,24.47458,NA,NA
NA,16.26216,NA,4.47678,NA,NA
NA,26.26194,NA,14.48084,NA,NA
NA,36.26486,NA,24.48352,NA,NA
NA,16.27682,NA,4.48682,NA,NA
NA,26.27178,NA,14.49082,NA,NA
NA,36.28306,NA,24.49338,NA,NA
NA,16.28656,NA,4.4971,NA,NA
NA,26.29024,NA,14.50066,NA,NA
NA,36.29726,NA,24.50476,NA,NA
NA,16.29574,NA,4.50724,NA,NA
NA,26.29946,NA,14.51056,NA,NA
NA,36.29966,NA,24.516,NA,NA
NA,16.30692,NA,4.51868,NA,NA
NA,26.30232,NA,14.52164,NA,NA
NA,36.31404,NA,24.52522,NA,NA
NA,16.31768,NA,4.52858,NA,NA
NA,26.3136,NA,14.53164,NA,NA
NA,36.32554,NA,24.5356,NA,NA
NA,16.32234,NA,4.53902,NA,NA
NA,26.32406,NA,14.54214,NA,NA
NA,36.32702,NA,24.54544,NA,NA
NA,16.33858,NA,4.54896,NA,NA
NA,26.3374,NA,14.55192,NA,NA
NA,36.34874,NA,24.5554,NA,NA
NA,16.34486,NA,4.55896,NA,NA
NA,26.3508,NA,14.56286,NA,NA
NA,36.34726,NA,24.5657,NA,NA
NA,16.3583,NA,4.56994,NA,NA
NA,26.3623,NA,14.57316,NA,NA
NA,NA,NA,24.57718,NA,NA
NA,NA,NA,NA,NA,NA
NA,NA,NA,NA,NA,NA
NA,NA,NA,NA,NA,NA
NA,NA,NA,NA,NA,NA
NA,NA,NA,NA,NA,NA
NA,NA,NA,NA,NA,NA
NA,NA,NA,NA,NA,NA
NA,NA,NA,NA,NA,NA
NA,NA,NA,NA,NA,NA
NA,NA,NA,NA,NA,NA
NA,NA,NA,NA,NA,NA
NA,NA,NA,NA,NA,NA
NA,NA,NA,NA,NA,NA
NA,NA,NA,NA,NA,NA
NA,NA,NA,NA,NA,NA
NA,NA,NA,NA,NA,NA
NA,NA,NA,NA,NA,NA
NA,NA,NA,NA,NA,NA
NA,NA,NA,NA,NA,NA
NA,NA,NA,NA,NA,NA
NA,NA,NA,NA,NA,NA
NA,NA,NA,NA,NA,NA
NA,NA,NA,NA,NA,NA
NA,NA,NA,NA,NA,NA
NA,NA,NA,NA,NA,NA
NA,NA,NA,NA,NA,NA
NA,NA,NA,NA,NA,NA
NA,NA,NA,NA,NA,NA
NA,NA,NA,NA,NA,NA
NA,NA,NA,NA,NA,NA
NA,NA,NA,NA,NA,NA
NA,NA,NA,NA,NA,NA
NA,NA,NA,NA,NA,NA
NA,NA,NA,NA,NA,NA
NA,NA,NA,NA,NA,NA
NA,NA,NA,NA,NA,NA
NA,NA,NA,NA,NA,NA
NA,NA,NA,NA,NA,NA
NA,NA,NA,NA,NA,NA
NA,NA,NA,NA,NA,NA
NA,NA,NA,NA,NA,NA
NA,NA,NA,NA,NA,NA
NA,NA,NA,NA,NA,NA
NA,NA,NA,NA,NA,NA
NA,NA,NA,NA,NA,NA
NA,NA,NA,NA,NA,NA
NA,NA,NA,NA,NA,NA
NA,NA,NA,NA,NA,NA
NA,NA,NA,NA,NA,NA
NA,NA,NA,NA,NA,NA
NA,NA,NA,NA,NA,NA
NA,NA,NA,NA,NA,NA
NA,NA,NA,NA,NA,NA
NA,NA,NA,NA,NA,NA
NA,NA,NA,NA,NA,NA
NA,NA,NA,NA,NA,NA
NA,NA,NA,NA,NA,NA
NA,NA,NA,NA,NA,NA
NA,NA,NA,NA,NA,NA
NA,NA,NA,NA,NA,NA
NA,NA,NA,NA,NA,NA
NA,NA,NA,NA,NA,NA
NA,NA,NA,NA,NA,NA
NA,NA,NA,NA,NA,NA
NA,NA,NA,NA,NA,NA
NA,NA,NA,NA,NA,NA
NA,NA,NA,NA,NA,NA
NA,NA,NA,NA,NA,NA
NA,NA,NA,NA,NA,NA
NA,NA,NA,NA,NA,NA
NA,NA,NA,NA,NA,NA
NA,NA,NA,NA,NA,NA
NA,NA,NA,NA,NA,NA
NA,NA,NA,NA,NA,NA
NA,NA,NA,NA,NA,NA
NA,NA,NA,NA,NA,NA
NA,NA,NA,NA,NA,NA
NA,NA,NA,NA,NA,NA
NA,NA,NA,NA,NA,NA
NA,NA,NA,NA,NA,NA
NA,NA,NA,NA,NA,NA
NA,NA,NA,NA,NA,NA
NA,NA,NA,NA,NA,NA
NA,NA,NA,NA,NA,NA
NA,NA,NA,NA,NA,NA
NA,NA,NA,NA,NA,NA
NA,NA,NA,NA,NA,NA
NA,NA,NA,NA,NA,NA
NA,NA,NA,NA,NA,NA
NA,NA,NA,NA,NA,NA
NA,NA,NA,NA,NA,NA
NA,NA,NA,NA,NA,NA
NA,NA,NA,NA,NA,NA
NA,NA,NA,NA,NA,NA
NA,NA,NA,NA,NA,NA
NA,NA,NA,NA,NA,NA
NA,NA,NA,NA,NA,NA
NA,NA,NA,NA,NA,NA
NA,NA,NA,NA,NA,NA
NA,NA,NA,NA,NA,NA
NA,NA,NA,NA,NA,NA
NA,NA,NA,NA,NA,NA
NA,NA,NA,NA,NA,NA
NA,NA,NA,NA,NA,NA
NA,NA,NA,NA,NA,NA
NA,NA,NA,NA,NA,NA
NA,NA,NA,NA,NA,NA
NA,NA,NA,NA,NA,NA
NA,NA,NA,NA,NA,NA
NA,NA,NA,NA,NA,NA
NA,NA,NA,NA,NA,NA
NA,NA,NA,NA,NA,NA
NA,NA,NA,NA,NA,NA
NA,NA,NA,NA,NA,NA
NA,NA,NA,NA,NA,NA
NA,NA,NA,NA,NA,NA
NA,NA,NA,NA,NA,NA
NA,NA,NA,NA,NA,NA
NA,NA,NA,NA,NA,NA
NA,NA,NA,NA,NA,NA
NA,NA,NA,NA,NA,NA
NA,NA,NA,NA,NA,NA
NA,NA,NA,NA,NA,NA
NA,NA,NA,NA,NA,NA
NA,NA,NA,NA,NA,NA
NA,NA,NA,NA,NA,NA
NA,NA,NA,NA,NA,NA
NA,NA,NA,NA,NA,NA
NA,NA,NA,NA,NA,NA
NA,NA,NA,NA,NA,NA
NA,NA,NA,NA,NA,NA
NA,NA,NA,NA,NA,NA
NA,NA,NA,NA,NA,NA
NA,NA,NA,NA,NA,NA
NA,NA,NA,NA,NA,NA
NA,NA,NA,NA,NA,NA
NA,NA,NA,NA,NA,NA
NA,NA,NA,NA,NA,NA
NA,NA,NA,NA,NA,NA
NA,NA,NA,NA,NA,NA
NA,NA,NA,NA,NA,NA
NA,NA,NA,NA,NA,NA
NA,NA,NA,NA,NA,NA
NA,NA,NA,NA,NA,NA
NA,NA,NA,NA,NA,NA
NA,NA,NA,NA,NA,NA
NA,NA,NA,NA,NA,NA
NA,NA,NA,NA,NA,NA
NA,NA,NA,NA,NA,NA
NA,NA,NA,NA,NA,NA
NA,NA,NA,NA,NA,NA
NA,NA,NA,NA,NA,NA
NA,NA,NA,NA,NA,NA
NA,NA,NA,NA,NA,NA
NA,NA,NA,NA,NA,NA
NA,NA,NA,NA,NA,NA
NA,NA,NA,NA,NA,NA
NA,NA,NA,NA,NA,NA
NA,NA,NA,NA,NA,NA
NA,NA,NA,NA,NA,NA
NA,NA,NA,NA,NA,NA
NA,NA,NA,NA,NA,NA
NA,NA,NA,NA,NA,NA
NA,NA,NA,NA,NA,NA
NA,NA,NA,NA,NA,NA
NA,NA,NA,NA,NA,NA
NA,NA,NA,NA,NA,NA
NA,NA,NA,NA,NA,NA
NA,NA,NA,NA,NA,NA
NA,NA,NA,NA,NA,NA
NA,NA,NA,NA,NA,NA
NA,NA,NA,NA,NA,NA
NA,NA,NA,NA,NA,NA
NA,NA,NA,NA,NA,NA
NA,NA,NA,NA,NA,NA
NA,NA,NA,NA,NA,NA
NA,NA,NA,NA,NA,NA
NA,NA,NA,NA,NA,NA
NA,NA,NA,NA,NA,NA
NA,NA,NA,NA,NA,NA
NA,NA,NA,NA,NA,NA
NA,NA,NA,NA,NA,NA
NA,NA,NA,NA,NA,NA
NA,NA,NA,NA,NA,NA
NA,NA,NA,NA,NA,NA
NA,NA,NA,NA,NA,NA
NA,NA,NA,NA,NA,NA
NA,NA,NA,NA,NA,NA
NA,NA,NA,NA,NA,NA
NA,NA,NA,NA,NA,NA
NA,NA,NA,NA,NA,NA
NA,NA,NA,NA,NA,NA
NA,NA,NA,NA,NA,NA
NA,NA,NA,NA,NA,NA
NA,NA,NA,NA,NA,NA
NA,NA,NA,NA,NA,NA
NA,NA,NA,NA,NA,NA
NA,NA,NA,NA,NA,NA
NA,NA,NA,NA,NA,NA
NA,NA,NA,NA,NA,NA
NA,NA,NA,NA,NA,NA
NA,NA,NA,NA,NA,NA
NA,NA,NA,NA,NA,NA
NA,NA,NA,NA,NA,NA
NA,NA,NA,NA,NA,NA
NA,NA,NA,NA,NA,NA
NA,NA,NA,NA,NA,NA
NA,NA,NA,NA,NA,NA
NA,NA,NA,NA,NA,NA
NA,NA,NA,NA,NA,NA
NA,NA,NA,NA,NA,NA
NA,NA,NA,NA,NA,NA
NA,NA,NA,NA,NA,NA
NA,NA,NA,NA,NA,NA
NA,NA,NA,NA,NA,NA
NA,NA,NA,NA,NA,NA
NA,NA,NA,NA,NA,NA
NA,NA,NA,NA,NA,NA
NA,NA,NA,NA,NA,NA
NA,NA,NA,NA,NA,NA
NA,NA,NA,NA,NA,NA
NA,NA,NA,NA,NA,NA
NA,NA,NA,NA,NA,NA
NA,NA,NA,NA,NA,NA
NA,NA,NA,NA,NA,NA
NA,NA,NA,NA,NA,NA
NA,NA,NA,NA,NA,NA
NA,NA,NA,NA,NA,NA
NA,NA,NA,NA,NA,NA
NA,NA,NA,NA,NA,NA
NA,NA,NA,NA,NA,NA
NA,NA,NA,NA,NA,NA
NA,NA,NA,NA,NA,NA
NA,NA,NA,NA,NA,NA
NA,NA,NA,NA,NA,NA
NA,NA,NA,NA,NA,NA
NA,NA,NA,NA,NA,NA
NA,NA,NA,NA,NA,NA
NA,NA,NA,NA,NA,NA
NA,NA,NA,NA,NA,NA
NA,NA,NA,NA,NA,NA
NA,NA,NA,NA,NA,NA
NA,NA,NA,NA,NA,NA
NA,NA,NA,NA,NA,NA
NA,NA,NA,NA,NA,NA
NA,NA,NA,NA,NA,NA
NA,NA,NA,NA,NA,NA
NA,NA,NA,NA,NA,NA
NA,NA,NA,NA,NA,NA
NA,NA,NA,NA,NA,NA
NA,NA,NA,NA,NA,NA
NA,NA,NA,NA,NA,NA
NA,NA,NA,NA,NA,NA
NA,NA,NA,NA,NA,NA
NA,NA,NA,NA,NA,NA
NA,NA,NA,NA,NA,NA
NA,NA,NA,NA,NA,NA
NA,NA,NA,NA,NA,NA
NA,NA,NA,NA,NA,NA
NA,NA,NA,NA,NA,NA
NA,NA,NA,NA,NA,NA
NA,NA,NA,NA,NA,NA
NA,NA,NA,NA,NA,NA
NA,NA,NA,NA,NA,NA
NA,NA,NA,NA,NA,NA
NA,NA,NA,NA,NA,NA
NA,NA,NA,NA,NA,NA
NA,NA,NA,NA,NA,NA
NA,NA,NA,NA,NA,NA
NA,NA,NA,NA,NA,NA
NA,NA,NA,NA,NA,NA
NA,NA,NA,NA,NA,NA
NA,NA,NA,NA,NA,NA
NA,NA,NA,NA,NA,NA
NA,NA,NA,NA,NA,NA
NA,NA,NA,NA,NA,NA
NA,NA,NA,NA,NA,NA
NA,NA,NA,NA,NA,NA
NA,NA,NA,NA,NA,NA
NA,NA,NA,NA,NA,NA
NA,NA,NA,NA,NA,NA
NA,NA,NA,NA,NA,NA
NA,NA,NA,NA,NA,NA
NA,NA,NA,NA,NA,NA
NA,NA,NA,NA,NA,NA
NA,NA,NA,NA,NA,NA
NA,NA,NA,NA,NA,NA
NA,NA,NA,NA,NA,NA
NA,NA,NA,NA,NA,NA
NA,NA,NA,NA,NA,NA
NA,NA,NA,NA,NA,NA
NA,NA,NA,NA,NA,NA
NA,NA,NA,NA,NA,NA
NA,NA,NA,NA,NA,NA
NA,NA,NA,NA,NA,NA
NA,NA,NA,NA,NA,NA
NA,NA,NA,NA,NA,NA
NA,NA,NA,NA,NA,NA
NA,NA,NA,NA,NA,NA
NA,NA,NA,NA,NA,NA
NA,NA,NA,NA,NA,NA
NA,NA,NA,NA,NA,NA
NA,NA,NA,NA,NA,NA
NA,NA,NA,NA,NA,NA
NA,NA,NA,NA,NA,NA
NA,NA,NA,NA,NA,NA
NA,NA,NA,NA,NA,NA
NA,NA,NA,NA,NA,NA
NA,NA,NA,NA,NA,NA
NA,NA,NA,NA,NA,NA
NA,NA,NA,NA,NA,NA
NA,NA,NA,NA,NA,NA
NA,NA,NA,NA,NA,NA
NA,NA,NA,NA,NA,NA
NA,NA,NA,NA,NA,NA
NA,NA,NA,NA,NA,NA
NA,NA,NA,NA,NA,NA
NA,NA,NA,NA,NA,NA
NA,NA,NA,NA,NA,NA
NA,NA,NA,NA,NA,NA
NA,NA,NA,NA,NA,NA
NA,NA,NA,NA,NA,NA
NA,NA,NA,NA,NA,NA
NA,NA,NA,NA,NA,NA
NA,NA,NA,NA,NA,NA
NA,NA,NA,NA,NA,NA
NA,NA,NA,NA,NA,NA
NA,NA,NA,NA,NA,NA
NA,NA,NA,NA,NA,NA
NA,NA,NA,NA,NA,NA
NA,NA,NA,NA,NA,NA
NA,NA,NA,NA,NA,NA
NA,NA,NA,NA,NA,NA
NA,NA,NA,NA,NA,NA
NA,NA,NA,NA,NA,NA
NA,NA,NA,NA,NA,NA
NA,NA,NA,NA,NA,NA
NA,NA,NA,NA,NA,NA
NA,NA,NA,NA,NA,NA
NA,NA,NA,NA,NA,NA
NA,NA,NA,NA,NA,NA
NA,NA,NA,NA,NA,NA
NA,NA,NA,NA,NA,NA
NA,NA,NA,NA,NA,NA
NA,NA,NA,NA,NA,NA
NA,NA,NA,NA,NA,NA
NA,NA,NA,NA,NA,NA
NA,NA,NA,NA,NA,NA
NA,NA,NA,NA,NA,NA
NA,NA,NA,NA,NA,NA
NA,NA,NA,NA,NA,NA
NA,NA,NA,NA,NA,NA
NA,NA,NA,NA,NA,NA
NA,NA,NA,NA,NA,NA
NA,NA,NA,NA,NA,NA
NA,NA,NA,NA,NA,NA
NA,NA,NA,NA,NA,NA
NA,NA,NA,NA,NA,NA
NA,NA,NA,NA,NA,NA
NA,NA,NA,NA,NA,NA
NA,NA,NA,NA,NA,NA
NA,NA,NA,NA,NA,NA
NA,NA,NA,NA,NA,NA
NA,NA,NA,NA,NA,NA
NA,NA,NA,NA,NA,NA
NA,NA,NA,NA,NA,NA
NA,NA,NA,NA,NA,NA
NA,NA,NA,NA,NA,NA
NA,NA,NA,NA,NA,NA
NA,NA,NA,NA,NA,NA
NA,NA,NA,NA,NA,NA
NA,NA,NA,NA,NA,NA
NA,NA,NA,NA,NA,NA
NA,NA,NA,NA,NA,NA
NA,NA,NA,NA,NA,NA
NA,NA,NA,NA,NA,NA
NA,NA,NA,NA,NA,NA
NA,NA,NA,NA,NA,NA
NA,NA,NA,NA,NA,NA
NA,NA,NA,NA,NA,NA
NA,NA,NA,NA,NA,NA
NA,NA,NA,NA,NA,NA
NA,NA,NA,NA,NA,NA
NA,NA,NA,NA,NA,NA
NA,NA,NA,NA,NA,NA
NA,NA,NA,NA,NA,NA
NA,NA,NA,NA,NA,NA
NA,NA,NA,NA,NA,NA
NA,NA,NA,NA,NA,NA
NA,NA,NA,NA,NA,NA
NA,NA,NA,NA,NA,NA
NA,NA,NA,NA,NA,NA
NA,NA,NA,NA,NA,NA
NA,NA,NA,NA,NA,NA
NA,NA,NA,NA,NA,NA
NA,NA,NA,NA,NA,NA
NA,NA,NA,NA,NA,NA
NA,NA,NA,NA,NA,NA
NA,NA,NA,NA,NA,NA
NA,NA,NA,NA,NA,NA
NA,NA,NA,NA,NA,NA
NA,NA,NA,NA,NA,NA
NA,NA,NA,NA,NA,NA
NA,NA,NA,NA,NA,NA
NA,NA,NA,NA,NA,NA
NA,NA,NA,NA,NA,NA
NA,NA,NA,NA,NA,NA
NA,NA,NA,NA,NA,NA
NA,NA,NA,NA,NA,NA
NA,NA,NA,NA,NA,NA
NA,NA,NA,NA,NA,NA
NA,NA,NA,NA,NA,NA
NA,NA,NA,NA,NA,NA
NA,NA,NA,NA,NA,NA
NA,NA,NA,NA,NA,NA
NA,NA,NA,NA,NA,NA
NA,NA,NA,NA,NA,NA
NA,NA,NA,NA,NA,NA
NA,NA,NA,NA,NA,NA
NA,NA,NA,NA,NA,NA
NA,NA,NA,NA,NA,NA
NA,NA,NA,NA,NA,NA
NA,NA,NA,NA,NA,NA
NA,NA,NA,NA,NA,NA
NA,NA,NA,NA,NA,NA
NA,NA,NA,NA,NA,NA
NA,NA,NA,NA,NA,NA
NA,NA,NA,NA,NA,NA
NA,NA,NA,NA,NA,NA
NA,NA,NA,NA,NA,NA
NA,NA,NA,NA,NA,NA
NA,NA,NA,NA,NA,NA
NA,NA,NA,NA,NA,NA
NA,NA,NA,NA,NA,NA
NA,NA,NA,NA,NA,NA
NA,NA,NA,NA,NA,NA
NA,NA,NA,NA,NA,NA
NA,NA,NA,NA,NA,NA
NA,NA,NA,NA,NA,NA
NA,NA,NA,NA,NA,NA
NA,NA,NA,NA,NA,NA
NA,NA,NA,NA,NA,NA
NA,NA,NA,NA,NA,NA
NA,NA,NA,NA,NA,NA
NA,NA,NA,NA,NA,NA
NA,NA,NA,NA,NA,NA
NA,NA,NA,NA,NA,NA
NA,NA,NA,NA,NA,NA
NA,NA,NA,NA,NA,NA
NA,NA,NA,NA,NA,NA
NA,NA,NA,NA,NA,NA
NA,NA,NA,NA,NA,NA
NA,NA,NA,NA,NA,NA
NA,NA,NA,NA,NA,NA
NA,NA,NA,NA,NA,NA
NA,NA,NA,NA,NA,NA
NA,NA,NA,NA,NA,NA
NA,NA,NA,NA,NA,NA
NA,NA,NA,NA,NA,NA
NA,NA,NA,NA,NA,NA
NA,NA,NA,NA,NA,NA
NA,NA,NA,NA,NA,NA
NA,NA,NA,NA,NA,NA
NA,NA,NA,NA,NA,NA
NA,NA,NA,NA,NA,NA
NA,NA,NA,NA,NA,NA
NA,NA,NA,NA,NA,NA
NA,NA,NA,NA,NA,NA
NA,NA,NA,NA,NA,NA
NA,NA,NA,NA,NA,NA
NA,NA,NA,NA,NA,NA
NA,NA,NA,NA,NA,NA
NA,NA,NA,NA,NA,NA
NA,NA,NA,NA,NA,NA
NA,NA,NA,NA,NA,NA
NA,NA,NA,NA,NA,NA
NA,NA,NA,NA,NA,NA
NA,NA,NA,NA,NA,NA
NA,NA,NA,NA,NA,NA
NA,NA,NA,NA,NA,NA
NA,NA,NA,NA,NA,NA
NA,NA,NA,NA,NA,NA
NA,NA,NA,NA,NA,NA
NA,NA,NA,NA,NA,NA
NA,NA,NA,NA,NA,NA
NA,NA,NA,NA,NA,NA
NA,NA,NA,NA,NA,NA
NA,NA,NA,NA,NA,NA
NA,NA,NA,NA,NA,NA
NA,NA,NA,NA,NA,NA
NA,NA,NA,NA,NA,NA
NA,NA,NA,NA,NA,NA
NA,NA,NA,NA,NA,NA
NA,NA,NA,NA,NA,NA
NA,NA,NA,NA,NA,NA
NA,NA,NA,NA,NA,NA
NA,NA,NA,NA,NA,NA
NA,NA,NA,NA,NA,NA
NA,NA,NA,NA,NA,NA
NA,NA,NA,NA,NA,NA
NA,NA,NA,NA,NA,NA
NA,NA,NA,NA,NA,NA
NA,NA,NA,NA,NA,NA
NA,NA,NA,NA,NA,NA
NA,NA,NA,NA,NA,NA
NA,NA,NA,NA,NA,NA
NA,NA,NA,NA,NA,NA
NA,NA,NA,NA,NA,NA
NA,NA,NA,NA,NA,NA
NA,NA,NA,NA,NA,NA
NA,NA,NA,NA,NA,NA
NA,NA,NA,NA,NA,NA
NA,NA,NA,NA,NA,NA
NA,NA,NA,NA,NA,NA
NA,NA,NA,NA,NA,NA
NA,NA,NA,NA,NA,NA
NA,NA,NA,NA,NA,NA
NA,NA,NA,NA,NA,NA
NA,NA,NA,NA,NA,NA
NA,NA,NA,NA,NA,NA
NA,NA,NA,NA,NA,NA
NA,NA,NA,NA,NA,NA
NA,NA,NA,NA,NA,NA
NA,NA,NA,NA,NA,NA
NA,NA,NA,NA,NA,NA
NA,NA,NA,NA,NA,NA
NA,NA,NA,NA,NA,NA
NA,NA,NA,NA,NA,NA
NA,NA,NA,NA,NA,NA
NA,NA,NA,NA,NA,NA
NA,NA,NA,NA,NA,NA
NA,NA,NA,NA,NA,NA
NA,NA,NA,NA,NA,NA
NA,NA,NA,NA,NA,NA
NA,NA,NA,NA,NA,NA
NA,NA,NA,NA,NA,NA
NA,NA,NA,NA,NA,NA
NA,NA,NA,NA,NA,NA
NA,NA,NA,NA,NA,NA
NA,NA,NA,NA,NA,NA
NA,NA,NA,NA,NA,NA
NA,NA,NA,NA,NA,NA
NA,NA,NA,NA,NA,NA
NA,NA,NA,NA,NA,NA
NA,NA,NA,NA,NA,NA
NA,NA,NA,NA,NA,NA
NA,NA,NA,NA,NA,NA
NA,NA,NA,NA,NA,NA
NA,NA,NA,NA,NA,NA
NA,NA,NA,NA,NA,NA
NA,NA,NA,NA,NA,NA
NA,NA,NA,NA,NA,NA
NA,NA,NA,NA,NA,NA
NA,NA,NA,NA,NA,NA
NA,NA,NA,NA,NA,NA
NA,NA,NA,NA,NA,NA
NA,NA,NA,NA,NA,NA
NA,NA,NA,NA,NA,NA
NA,NA,NA,NA,NA,NA
NA,NA,NA,NA,NA,NA
NA,NA,NA,NA,NA,NA
NA,NA,NA,NA,NA,NA
NA,NA,NA,NA,NA,NA
NA,NA,NA,NA,NA,NA
NA,NA,NA,NA,NA,NA
NA,NA,NA,NA,NA,NA
NA,NA,NA,NA,NA,NA
NA,NA,NA,NA,NA,NA
NA,NA,NA,NA,NA,NA
NA,NA,NA,NA,NA,NA
NA,NA,NA,NA,NA,NA
NA,NA,NA,NA,NA,NA
NA,NA,NA,NA,NA,NA
NA,NA,NA,NA,NA,NA
NA,NA,NA,NA,NA,NA
NA,NA,NA,NA,NA,NA
NA,NA,NA,NA,NA,NA
NA,NA,NA,NA,NA,NA
NA,NA,NA,NA,NA,NA
NA,NA,NA,NA,NA,NA
NA,NA,NA,NA,NA,NA
NA,NA,NA,NA,NA,NA
NA,NA,NA,NA,NA,NA
NA,NA,NA,NA,NA,NA
NA,NA,NA,NA,NA,NA
NA,NA,NA,NA,NA,NA
NA,NA,NA,NA,NA,NA
NA,NA,NA,NA,NA,NA
NA,NA,NA,NA,NA,NA
NA,NA,NA,NA,NA,NA
NA,NA,NA,NA,NA,NA
NA,NA,NA,NA,NA,NA
NA,NA,NA,NA,NA,NA
NA,NA,NA,NA,NA,NA
NA,NA,NA,NA,NA,NA
NA,NA,NA,NA,NA,NA
NA,NA,NA,NA,NA,NA
NA,NA,NA,NA,NA,NA
NA,NA,NA,NA,NA,NA
NA,NA,NA,NA,NA,NA
NA,NA,NA,NA,NA,NA
NA,NA,NA,NA,NA,NA
NA,NA,NA,NA,NA,NA
NA,NA,NA,NA,NA,NA
NA,NA,NA,NA,NA,NA
NA,NA,NA,NA,NA,NA
NA,NA,NA,NA,NA,NA
NA,NA,NA,NA,NA,NA
NA,NA,NA,NA,NA,NA
NA,NA,NA,NA,NA,NA
NA,NA,NA,NA,NA,NA
NA,NA,NA,NA,NA,NA
NA,NA,NA,NA,NA,NA
NA,NA,NA,NA,NA,NA
NA,NA,NA,NA,NA,NA
NA,NA,NA,NA,NA,NA
NA,NA,NA,NA,NA,NA
NA,NA,NA,NA,NA,NA
NA,NA,NA,NA,NA,NA
NA,NA,NA,NA,NA,NA
NA,NA,NA,NA,NA,NA
NA,NA,NA,NA,NA,NA
NA,NA,NA,NA,NA,NA
NA,NA,NA,NA,NA,NA
NA,NA,NA,NA,NA,NA
NA,NA,NA,NA,NA,NA
NA,NA,NA,NA,NA,NA
NA,NA,NA,NA,NA,NA
NA,NA,NA,NA,NA,NA
NA,NA,NA,NA,NA,NA
NA,NA,NA,NA,NA,NA
NA,NA,NA,NA,NA,NA
NA,NA,NA,NA,NA,NA
NA,NA,NA,NA,NA,NA
NA,NA,NA,NA,NA,NA
NA,NA,NA,NA,NA,NA
NA,NA,NA,NA,NA,NA
NA,NA,NA,NA,NA,NA
NA,NA,NA,NA,NA,NA
NA,NA,NA,NA,NA,NA
NA,NA,NA,NA,NA,NA
NA,NA,NA,NA,NA,NA
NA,NA,NA,NA,NA,NA
NA,NA,NA,NA,NA,NA
NA,NA,NA,NA,NA,NA
NA,NA,NA,NA,NA,NA
NA,NA,NA,NA,NA,NA
NA,NA,NA,NA,NA,NA
NA,NA,NA,NA,NA,NA
NA,NA,NA,NA,NA,NA
NA,NA,NA,NA,NA,NA
NA,NA,NA,NA,NA,NA
NA,NA,NA,NA,NA,NA
NA,NA,NA,NA,NA,NA
NA,NA,NA,NA,NA,NA
NA,NA,NA,NA,NA,NA
NA,NA,NA,NA,NA,NA
NA,NA,NA,NA,NA,NA
NA,NA,NA,NA,NA,NA
NA,NA,NA,NA,NA,NA
NA,NA,NA,NA,NA,NA
NA,NA,NA,NA,NA,NA
NA,NA,NA,NA,NA,NA
NA,NA,NA,NA,NA,NA
NA,NA,NA,NA,NA,NA
NA,NA,NA,NA,NA,NA
NA,NA,NA,NA,NA,NA
NA,NA,NA,NA,NA,NA
NA,NA,NA,NA,NA,NA
NA,NA,NA,NA,NA,NA
NA,NA,NA,NA,NA,NA
NA,NA,NA,NA,NA,NA
NA,NA,NA,NA,NA,NA
NA,NA,NA,NA,NA,NA
NA,NA,NA,NA,NA,NA
NA,NA,NA,NA,NA,NA
NA,NA,NA,NA,NA,NA
NA,NA,NA,NA,NA,NA
NA,NA,NA,NA,NA,NA
NA,NA,NA,NA,NA,NA
NA,NA,NA,NA,NA,NA
NA,NA,NA,NA,NA,NA
NA,NA,NA,NA,NA,NA
NA,NA,NA,NA,NA,NA
NA,NA,NA,NA,NA,NA
NA,NA,NA,NA,NA,NA
NA,NA,NA,NA,NA,NA
NA,NA,NA,NA,NA,NA
NA,NA,NA,NA,NA,NA
NA,NA,NA,NA,NA,NA
NA,NA,NA,NA,NA,NA
NA,NA,NA,NA,NA,NA
NA,NA,NA,NA,NA,NA
NA,NA,NA,NA,NA,NA
NA,NA,NA,NA,NA,NA
NA,NA,NA,NA,NA,NA
NA,NA,NA,NA,NA,NA
NA,NA,NA,NA,NA,NA
NA,NA,NA,NA,NA,NA
NA,NA,NA,NA,NA,NA
NA,NA,NA,NA,NA,NA
NA,NA,NA,NA,NA,NA
NA,NA,NA,NA,NA,NA
NA,NA,NA,NA,NA,NA
NA,NA,NA,NA,NA,NA
NA,NA,NA,NA,NA,NA
NA,NA,NA,NA,NA,NA
NA,NA,NA,NA,NA,NA
NA,NA,NA,NA,NA,NA
NA,NA,NA,NA,NA,NA
NA,NA,NA,NA,NA,NA
NA,NA,NA,NA,NA,NA
NA,NA,NA,NA,NA,NA
NA,NA,NA,NA,NA,NA
NA,NA,NA,NA,NA,NA
NA,NA,NA,NA,NA,NA
NA,NA,NA,NA,NA,NA
NA,NA,NA,NA,NA,NA
NA,NA,NA,NA,NA,NA
NA,NA,NA,NA,NA,NA
NA,NA,NA,NA,NA,NA
NA,NA,NA,NA,NA,NA
NA,NA,NA,NA,NA,NA
NA,NA,NA,NA,NA,NA
NA,NA,NA,NA,NA,NA
NA,NA,NA,NA,NA,NA
NA,NA,NA,NA,NA,NA
NA,NA,NA,NA,NA,NA
NA,NA,NA,NA,NA,NA
NA,NA,NA,NA,NA,NA
NA,NA,NA,NA,NA,NA
NA,NA,NA,NA,NA,NA
NA,NA,NA,NA,NA,NA
NA,NA,NA,NA,NA,NA
NA,NA,NA,NA,NA,NA
NA,NA,NA,NA,NA,NA
NA,NA,NA,NA,NA,NA
NA,NA,NA,NA,NA,NA
NA,NA,NA,NA,NA,NA
NA,NA,NA,NA,NA,NA
NA,NA,NA,NA,NA,NA
NA,NA,NA,NA,NA,NA
NA,NA,NA,NA,NA,NA
NA,NA,NA,NA,NA,NA
NA,NA,NA,NA,NA,NA
NA,NA,NA,NA,NA,NA
NA,NA,NA,NA,NA,NA
NA,NA,NA,NA,NA,NA
NA,NA,NA,NA,NA,NA
NA,NA,NA,NA,NA,NA
NA,NA,NA,NA,NA,NA
NA,NA,NA,NA,NA,NA
NA,NA,NA,NA,NA,NA
NA,NA,NA,NA,NA,NA
NA,NA,NA,NA,NA,NA
NA,NA,NA,NA,NA,NA
NA,NA,NA,NA,NA,NA
NA,NA,NA,NA,NA,NA
NA,NA,NA,NA,NA,NA
