ETHERNET-1024B,ETHERNET-128B,ETHERNET-12B,WiFi-1024B,WiFi-128B,WiFi-12B
2.62642,2.47476,2.09508,6.41554,5.93544,6.64785
2.50667,2.49761,2.26484,6.34031,5.92912,7.29835
2.3679,2.52117,2.1602,6.40832,6.17612,7.50813
2.33951,2.47175,2.1151,6.12823,6.07015,7.02801
2.28715,2.45726,2.18144,6.72043,5.74648,7.73375
2.27073,2.42625,2.15248,8.67023,5.77019,6.31857
2.29242,2.37751,2.11876,10.67992,7.34104,6.71229
2.36114,2.36001,2.17901,7.24396,6.1413,6.44063
2.46469,2.48878,2.17092,6.35074,6.33311,6.95064
2.32338,2.50994,2.22411,6.20531,6.02884,7.68299
2.52062,2.40701,2.56377,6.02076,5.82052,7.21722
2.38756,2.42566,2.64566,6.40347,6.17684,7.37737
2.25325,2.6648,2.59856,6.1536,9.11975,7.20933
2.48841,2.47912,2.56546,6.01399,6.41584,7.33204
2.4525,2.39724,2.55651,6.17247,6.66755,7.25131
2.40407,2.4241,2.5785,6.25555,6.14247,8.61775
2.30866,2.35851,2.59684,7.06506,5.99171,7.71331
2.28612,2.34632,2.57325,5.69754,5.85415,7.73113
2.29029,2.26173,2.49025,6.05648,6.08173,6.45766
2.30676,2.59315,2.5774,3.98455,5.61506,7.66656
2.37851,2.4189,2.54602,6.07393,6.16969,7.65652
2.43989,2.39719,2.63322,6.39599,6.08088,7.17152
2.30037,2.39619,2.58637,6.2091,6.5897,6.93816
2.32567,2.41056,2.52185,6.41642,5.94754,6.5962
2.28578,2.42588,2.66091,9.74911,5.75796,7.01165
2.35596,2.30656,2.67688,6.41891,5.98916,7.65628
2.2792,2.44885,2.55076,6.45575,6.03639,8.22059
2.28655,2.32515,2.49763,7.67706,8.25012,7.15515
2.30735,2.35897,2.47987,6.0265,5.79958,6.84588
2.28077,2.45511,2.52259,6.22228,5.84443,6.81109
2.37408,2.32618,2.54664,6.39391,6.07574,7.37469
2.39059,3.35192,2.99671,6.52831,5.80923,6.99324
2.30861,2.51727,2.58283,5.74482,6.34327,7.65753
2.37913,2.40656,2.56946,6.20703,7.53411,6.96506
2.32942,2.39145,2.53557,6.75516,5.74991,6.82824
2.29407,2.37262,2.58668,6.53626,5.78813,7.37903
2.26347,2.42106,2.51258,6.203,6.33517,7.93717
2.34151,2.39931,2.61683,6.65594,6.71656,7.3146
2.31686,2.38025,2.53217,10.29315,6.226,7.04506
2.49573,2.49887,2.60642,6.18027,5.7546,6.87966
2.54974,2.37135,2.68321,6.14647,5.84522,6.68637
2.33214,2.4123,2.54797,7.97166,5.81979,6.96153
2.49259,2.38285,2.32228,6.82073,5.75353,7.37252
2.56562,2.33437,2.41583,6.11256,6.08022,6.637
2.36134,11.91685,2.41326,3.02634,5.8997,7.10165
2.29507,2.17358,2.45937,6.0859,5.90056,7.10311
2.42591,1.90754,2.47268,6.4824,5.74994,8.59427
2.31257,1.84424,2.37403,6.401,7.10199,6.53988
2.47073,1.86815,2.29085,7.61881,6.07256,6.96103
2.38717,2.09435,2.4675,10.67704,5.8385,7.26929
2.47408,1.88798,2.34743,6.2059,5.95168,8.0325
2.34286,2.17141,2.53524,6.41593,5.73048,7.3564
2.41828,2.04343,2.37773,6.63826,5.83782,7.74212
2.93858,2.27196,2.45684,6.1034,6.23112,6.91826
2.41998,2.46444,2.48761,3.32249,5.93072,7.19719
2.45595,2.44218,2.62906,6.12834,11.4271,13.16153
2.40738,2.33847,2.38448,6.11096,5.95237,7.43667
2.35216,11.01362,2.33921,6.10817,5.83155,7.61402
2.45804,2.53602,2.4414,5.67384,5.7251,12.50218
2.34356,2.01288,2.30823,3.07887,5.75142,6.57454
2.39682,1.95378,2.37799,6.12945,6.00805,7.14682
2.34231,1.91556,2.56554,6.32705,5.70226,7.18405
2.2837,1.91567,2.37024,8.65654,6.10513,7.36867
2.27339,1.91063,2.31781,5.86865,5.77075,7.25187
2.34349,1.87368,2.49045,3.34213,84.01898,6.92803
2.27184,1.92592,2.48228,6.86668,13.81,7.05471
2.31202,2.27072,2.35008,6.22953,76.4701,7.57083
20.88069,2.37033,2.35904,7.26141,7.73476,8.26101
17.23529,2.33314,2.34733,6.27276,79.52431,7.10279
14.41271,2.46424,2.30186,4.61225,13.57657,6.74818
2.18002,2.35153,2.30931,8.98717,82.32657,6.92747
2.13018,2.38996,2.43751,6.19426,3.07872,7.12039
1.94151,2.41686,2.775,7.75941,121.22113,6.842
1.98687,2.41088,2.39089,6.42249,96.71335,7.07544
2.00773,2.44047,2.3092,6.48319,67.27943,6.98825
3.7565,2.49455,2.39135,5.71604,40.59996,7.14775
30.75508,2.36126,2.42463,6.38188,12.81765,7.30768
2.29494,2.41359,2.30775,6.51687,5.80304,6.8073
2.08149,2.3503,2.30947,6.10813,131.18323,9.74351
3.62769,2.45601,2.35896,5.17337,103.50763,12.46074
2.79181,2.35639,2.31997,6.43456,76.28599,6.87497
2.20983,2.41797,2.44223,6.36532,54.15795,7.15568
2.11532,2.36599,2.3408,6.12686,5.75342,6.81222
2.12304,2.4405,2.39842,6.14043,5.84301,8.77376
2.59286,2.26764,2.45409,3.23228,5.73468,6.56717
2.8208,2.45375,2.42964,5.62713,5.71098,6.49946
2.7277,2.36208,2.40916,6.17684,5.73193,34.75073
2.63694,2.39314,2.30476,5.76432,6.00342,6.94291
2.70733,2.5232,2.30551,7.9258,5.84829,6.45232
2.73938,2.47982,2.49968,3.12382,5.77513,6.39288
2.79272,2.37876,2.32727,6.60094,5.84531,6.35859
2.76046,2.44197,2.66236,7.95876,5.89264,7.3809
2.88963,2.39444,2.44194,5.6058,5.90157,7.24675
3.34751,2.37661,2.37681,6.17528,5.89146,6.61591
2.73654,2.36672,2.34248,3.26082,6.01723,7.14257
2.78662,2.4511,2.38463,6.83059,5.9889,7.04979
2.72189,2.38771,2.40675,6.2762,5.76013,15.05164
2.74862,2.43099,2.41931,5.81659,6.26103,6.9008
2.86334,2.38575,2.29943,7.01156,5.74222,6.66882
2.74415,2.50191,2.37908,3.16791,5.91052,12.16904
2.86643,2.32533,2.25376,6.2004,5.92101,8.38779
2.89151,2.31099,2.55605,6.67586,127.73551,7.30877
2.71428,2.27158,2.36466,6.36893,5.8863,7.78188
2.6777,2.37556,2.41041,6.36405,6.65467,6.80353
2.58656,2.41986,2.38271,3.15232,24.62399,6.85668
2.63024,2.35929,2.35593,7.5505,5.87014,7.13435
2.71823,2.32865,2.44111,6.25283,5.80181,7.28585
2.70318,2.41351,2.33405,6.2178,6.24504,6.82255
2.77015,2.42444,2.3399,6.03381,6.01275,6.92859
2.77921,2.44759,2.36611,3.13599,5.80727,7.07966
2.80428,2.35806,2.34692,5.7404,5.98069,6.97259
2.69936,2.45712,2.51791,6.01019,7.56556,7.11801
2.66392,2.39064,2.43706,7.99089,5.79908,6.87444
2.63643,2.43257,2.33487,11.85386,5.79213,6.92795
2.78771,2.37261,2.33112,3.35138,6.53953,8.2034
2.79784,2.41806,2.44424,5.98838,5.66918,7.04968
2.72964,2.3966,2.35987,7.63849,5.92752,7.13842
2.6794,2.32617,2.36328,6.38463,9.79022,7.32214
2.74733,2.41224,2.38228,6.2015,9.56409,6.92197
2.71489,2.5125,2.35213,3.06976,10.78369,7.26166
2.81538,2.37928,2.38225,6.24332,5.8207,7.86532
2.78857,2.45276,2.88513,6.18818,7.05321,7.25575
2.64262,2.42406,2.42728,5.71172,6.56725,11.33971
2.88201,2.43392,2.47194,6.1709,5.83202,6.82434
2.74989,2.41293,2.43572,3.22052,6.30443,6.774
2.77122,2.48161,2.42621,6.32265,6.42361,7.09561
2.73437,2.41435,2.5403,6.55943,6.58442,7.28409
2.69125,2.4054,2.48469,6.60207,6.59745,7.03114
2.59295,2.57444,2.44039,6.07348,6.76786,7.27553
2.59588,2.77724,2.33384,3.10057,6.53345,7.53902
2.68938,2.46185,2.30187,8.68435,6.93567,7.06212
2.60325,2.46539,2.58232,6.42561,6.55577,7.1593
2.4616,2.43136,2.40792,6.32454,6.41851,7.07104
2.50066,2.46888,2.423,5.82283,6.6321,10.2887
2.62307,2.38483,2.3352,3.39073,6.5484,7.0958
2.50356,2.40152,2.35734,14.32384,6.83934,6.93145
2.53125,2.54707,2.36376,6.74274,6.41907,6.83389
2.54393,2.33729,2.39223,6.39782,6.61975,7.28916
2.41319,2.30036,2.32615,5.84717,6.76952,6.81316
2.65552,2.67749,2.46283,2.95263,6.52811,7.2983
2.66855,2.38338,2.33341,6.1102,9.3059,7.48548
2.58038,3.12351,2.52542,6.96283,6.25061,6.88783
2.49872,3.08059,2.68775,6.18305,6.51099,9.08555
2.55435,2.66016,2.29273,6.14853,6.57858,9.76689
2.47912,2.58777,2.5076,3.56645,8.19509,7.04287
2.55274,2.57265,2.43552,5.74111,6.6402,6.73234
2.59669,2.61822,2.32966,6.56553,6.99911,6.3088
2.50376,2.58008,2.43388,6.24482,6.89905,14.83548
2.5203,2.59597,2.7249,6.04908,7.39276,6.84073
2.54102,2.8221,7.1862,3.27736,6.43399,6.39314
2.67478,2.55882,2.60018,6.22611,6.36217,6.3559
2.56212,2.61114,2.61533,6.54451,6.51038,6.81021
2.494,2.59495,2.5571,6.02622,6.6487,6.48535
2.68135,2.58992,2.39451,6.39152,6.08425,6.40684
2.65715,2.54901,2.46108,3.11776,6.3084,3.20702
2.50567,2.59581,2.49579,7.44145,6.44309,6.50589
2.54566,2.59594,2.44781,12.43673,6.49512,6.43729
2.53658,2.60615,2.47796,6.11431,6.65368,6.27902
2.51436,2.57241,2.5798,6.34838,5.95542,6.67672
2.56545,2.71914,2.37643,3.0315,6.25095,7.56042
2.65297,2.54764,2.30875,6.25157,6.51319,6.1969
2.56897,2.58861,2.47665,5.99449,6.17778,6.40062
2.49254,2.56292,2.44401,5.54751,6.47079,6.15575
2.53021,2.58992,2.48083,6.15674,6.14628,6.14392
2.6193,2.55186,2.40135,2.87595,6.94117,8.08165
2.60333,2.60335,2.41138,6.24512,6.25205,6.33939
2.45431,2.63008,2.40521,6.32577,6.56907,6.46376
2.4145,2.58365,2.35364,5.99921,6.63899,6.1518
2.57303,2.56811,2.45593,6.12329,3.64527,6.3968
2.60547,2.78246,2.43384,3.22903,6.76443,7.19411
2.64363,2.54471,2.36952,5.62945,6.46779,6.85563
2.53577,2.57248,2.47695,6.09077,6.69417,7.76745
2.47627,2.63166,2.39369,5.77462,6.9661,7.33733
2.5028,2.56278,2.4063,8.07314,6.78535,6.55874
2.57257,2.57783,2.377,5.00451,6.44128,6.94828
2.48434,2.58291,2.49453,8.3019,7.32705,8.0085
2.66514,2.58246,2.40796,7.05908,6.75541,7.18118
2.55724,2.62877,2.44919,5.5506,6.98177,6.76322
2.54916,2.56041,2.49686,5.9392,6.15341,8.06854
2.54994,2.54509,2.4065,2.94728,6.76269,6.83449
51.68226,2.54924,2.36005,7.40758,6.60222,6.65117
2.62321,2.56364,2.59193,6.26619,6.76954,6.97302
2.00202,2.58117,2.41978,5.48878,7.05454,6.9809
1.96541,2.63895,2.29928,6.5244,11.04387,8.05749
1.91718,2.44698,2.44396,3.00177,6.38335,7.42019
2.09165,2.59193,2.37102,6.34447,6.51505,7.90345
2.03798,2.59007,2.3435,6.19458,6.46909,12.67518
4.01374,2.63481,2.45492,6.69871,6.05526,8.01396
2.52029,2.56248,2.43523,6.41213,6.97601,6.78876
2.22953,2.70688,2.46542,3.2195,6.48767,7.13184
2.4082,2.54187,2.43247,7.07804,6.4994,6.9016
2.60868,2.59031,2.45341,6.43055,6.36809,6.89033
2.19689,2.60604,9.89238,6.08784,6.63998,6.85467
1.98007,2.56612,3.13357,8.82125,6.30895,6.7809
2.05961,2.54539,2.46591,3.37337,6.32697,6.87063
2.04204,2.6077,2.58457,5.88546,6.84117,6.76769
1.97889,2.54541,2.62428,6.22066,6.70176,7.0775
1.95937,2.56657,2.56311,6.0597,6.55684,6.85759
2.02836,2.62924,2.58461,9.22693,8.41626,6.69254
1.99063,2.96584,2.62219,3.14638,6.48728,6.79959
2.14805,2.62331,2.54841,6.33703,6.74541,6.89791
3.63307,2.61697,2.6269,6.4231,6.42776,7.46987
2.2743,2.63007,2.56391,5.66363,6.61128,6.78859
2.03324,2.59609,2.59284,79.79426,9.01209,6.62913
1.95697,2.55301,2.63331,12.26622,8.08584,6.53105
2.03574,2.60535,2.64461,74.38996,6.18061,6.97756
1.99455,2.53703,2.52247,5.9771,6.42882,7.19429
1.94434,2.5828,2.57333,72.49672,6.13121,11.17633
2.02898,2.74186,2.62483,7.76052,6.03508,6.7154
1.99131,2.8393,2.58533,80.81803,6.97329,6.94588
2.04164,2.71879,2.6086,5.90229,6.47957,7.11474
2.19759,2.716,2.79548,118.26609,6.75345,7.43547
2.22216,2.70325,3.1068,90.33209,6.8652,7.26919
2.15489,2.67682,2.79553,63.31974,6.70881,6.95412
2.16836,2.6733,2.56876,36.55455,6.81987,6.75958
1.99282,2.70275,2.60217,8.51771,6.64105,6.84354
2.04357,30.57642,2.60816,6.05643,6.4807,6.89297
1.98188,2.49704,2.55698,132.16132,6.61078,6.93367
2.03689,2.2738,2.54381,98.68372,6.46455,6.85466
1.95782,2.12564,2.56832,70.90146,6.32767,6.9258
2.04387,2.1774,2.53298,45.24803,6.34668,7.21384
1.99352,2.01394,2.65665,6.55442,6.60309,7.07134
2.0919,2.01573,2.59348,5.92121,6.41939,8.38559
1.99121,11.50435,2.5889,5.94275,6.03143,6.92416
2.03991,30.61187,2.55161,3.45712,6.33205,6.83385
1.97806,2.32151,2.52089,6.27243,7.90553,7.0412
1.95845,2.04533,2.57839,6.71052,6.72037,7.17315
2.13672,2.32468,2.49405,5.7168,7.22806,7.57735
2.03297,2.41254,2.50945,5.99588,6.92169,8.93279
2.09806,2.17541,2.68409,2.8807,6.30856,6.87432
2.14513,2.05156,2.59359,6.18415,7.31905,7.02912
2.50384,40.54773,2.62107,6.29989,6.48647,7.11866
2.60217,2.58999,2.54033,5.90575,6.89694,7.151
2.51505,2.37352,2.49561,7.5884,5.89945,6.79169
2.57069,2.52647,2.53468,2.82115,6.79177,6.92082
2.56935,2.54172,2.59043,6.13405,6.46128,7.08067
2.63977,2.57341,2.7345,6.74198,6.41633,7.90318
2.65612,2.56208,2.57191,6.07467,6.76065,7.15779
2.61848,2.52341,2.51176,14.178,6.05739,6.85228
2.52433,2.61943,2.58235,7.04145,7.34827,7.19494
2.72307,2.53826,2.55286,7.06546,6.16667,7.55213
2.56745,2.54444,2.79632,9.42767,6.6279,6.95362
2.60512,2.52459,2.58788,5.69991,6.68675,7.97443
2.55825,2.54466,2.61366,6.16551,5.82103,6.95753
2.58058,2.50917,2.58327,5.65231,6.74111,6.79281
2.5285,2.4637,2.55678,5.96674,6.88393,6.84363
2.5474,2.50837,2.57376,6.15209,6.88824,6.70046
2.58839,2.49635,2.64566,6.08936,9.50385,7.24466
2.60418,9.85434,2.53688,6.16423,6.19789,8.18882
2.55189,2.69404,2.56113,5.12425,6.42484,7.79769
2.68003,2.44498,2.57963,6.08047,6.3265,11.54291
2.44052,2.58767,2.65799,6.01344,10.6154,6.78411
2.59669,2.44661,2.53255,6.59928,6.75462,7.41684
2.57377,2.38009,2.58616,6.30472,7.17029,8.12102
2.60196,2.36758,2.5625,6.00054,6.28666,7.27874
2.57546,2.40679,2.54818,5.97858,6.54238,6.63812
2.57385,2.58816,2.60688,6.26642,6.90669,7.03728
2.44983,2.36914,2.49788,6.09454,6.54164,6.57779
2.59453,2.38835,2.51251,5.88034,6.59889,6.74402
2.62646,2.73915,2.55528,5.90832,7.31845,6.76806
2.69734,2.40396,2.62897,6.22259,6.43677,6.91501
2.58918,2.53003,2.68187,6.44443,6.49754,7.32646
2.59474,2.62726,2.91677,9.7839,6.66779,6.631
2.57853,2.49702,2.59668,6.06331,6.41296,86.81468
2.60462,2.40497,2.75377,5.9223,6.23325,17.38739
2.54725,2.44794,2.68004,6.18824,6.32581,83.86933
2.60476,2.37756,2.56116,6.37023,6.40363,12.86022
2.59752,2.41407,2.49477,6.3418,10.26828,79.78539
2.55602,2.62794,2.50857,6.00411,8.66934,14.67685
2.70199,2.51612,2.52722,6.26764,6.49141,85.92306
2.64209,2.40512,2.56055,6.11338,6.18215,6.70443
2.54727,2.39797,2.67358,6.03033,6.23433,123.39069
2.64445,2.46501,2.5361,6.5576,6.67014,95.26356
2.54563,2.5657,2.53783,5.51889,6.37026,67.49235
2.60807,2.42946,10.33568,6.05272,6.32964,41.53468
2.62556,2.35009,2.75714,6.08667,6.25244,14.21159
2.57061,2.67404,2.29476,5.99285,6.36727,6.9674
2.58557,2.44255,2.39672,7.53845,6.37085,132.32887
2.65099,2.37917,2.31592,5.9057,6.31989,103.68334
2.5697,2.47871,2.2823,6.00316,6.36954,76.60743
2.6854,2.53137,2.43778,6.361,6.11594,85.23189
2.59118,2.46085,2.42953,8.02748,6.26724,59.44591
2.59342,2.40604,2.40699,6.57758,6.5064,7.03001
2.52008,2.43696,2.40982,6.70907,6.51288,7.23111
2.84806,2.41345,2.38825,5.66562,6.44583,25.14358
2.59405,2.48448,2.68194,6.06783,6.20312,7.47238
2.52059,2.37703,2.93802,6.23956,3.30424,6.88057
2.46387,2.41226,2.36727,6.13635,6.47352,7.12292
2.63058,2.40059,2.34863,6.24924,7.51172,11.90446
2.43306,2.50769,2.3442,5.94092,6.34497,6.62831
2.75529,2.40274,2.3365,5.60509,6.47636,7.69784
2.57488,2.50254,2.43594,6.98751,6.43076,7.10834
2.57537,2.40182,2.58272,7.79125,6.47686,10.09048
2.53878,2.38629,2.4125,6.04976,6.4165,7.15399
2.54611,2.42065,2.55109,5.92158,6.41252,6.64149
2.61644,2.411,2.52311,5.47229,6.3108,6.58635
2.55953,2.39724,2.29689,5.91107,6.42276,7.29389
2.5645,2.51303,2.52068,7.36171,6.6543,7.11519
2.67678,2.42776,2.37398,6.04633,6.44682,7.19651
2.54924,2.44202,2.4954,6.32416,6.60684,6.91029
2.6505,2.53369,2.43162,5.97334,6.64009,6.94003
3.04641,2.46963,2.44504,6.20983,3.05647,6.88245
2.58468,2.43673,2.5806,5.67215,6.88862,7.48039
2.55975,2.49221,2.44057,5.81716,6.76524,6.80661
2.65573,2.39143,2.52581,6.9414,6.41842,4.05537
2.5816,2.4908,2.32939,5.83033,6.46345,8.52634
2.52684,2.37067,2.28141,6.61007,3.04139,8.48417
2.44266,2.37922,2.43731,5.88879,8.22107,6.74219
2.49419,2.39128,2.23964,5.76904,6.56317,6.61913
2.58931,2.52758,2.33575,6.43555,6.5784,6.95147
2.66155,2.38953,2.16755,7.15084,9.14331,6.9637
2.60794,2.49303,2.45427,6.71232,3.22885,6.93221
2.44591,2.42845,2.25743,6.36646,6.63564,8.53984
2.53749,2.35928,2.26012,6.02802,6.74278,7.31789
2.6548,2.37962,2.45331,5.89639,7.18794,11.57839
2.53368,2.48905,2.25368,6.01645,6.30932,6.52734
2.51592,2.3763,2.29032,6.03518,3.40217,7.10388
2.59707,2.48143,2.15343,6.0622,6.66245,6.76306
2.58457,2.33332,2.19637,6.11674,8.0615,6.78586
2.55854,2.63221,2.40841,6.98504,6.97593,6.77639
2.74122,2.41355,2.26037,5.97978,6.47694,6.87495
2.58298,2.51594,2.51062,5.94157,3.23478,6.75636
2.60953,2.45351,2.49017,5.92813,6.12368,6.90713
2.57661,2.39569,2.30913,6.68215,6.22156,8.53364
2.62592,2.2925,2.31163,7.21393,6.2681,7.13123
2.55612,10.31338,2.24096,5.8976,6.25207,6.68316
2.58629,12.40113,2.30787,10.41411,3.43991,6.83067
2.57108,2.43546,2.39954,6.48485,6.41775,7.23381
2.55633,1.96211,2.22946,5.87453,6.68447,7.41336
2.57687,2.01516,2.26411,6.05981,7.28515,6.99176
2.73724,2.07674,2.20872,5.8721,6.47161,8.73251
2.60205,2.01476,2.44677,6.18033,4.22127,7.26795
2.59665,1.99706,2.2741,6.26529,7.94607,8.1636
2.43948,2.95593,4.637,5.97853,6.253,6.92782
2.60824,2.22106,2.43631,5.94318,6.35382,7.5475
2.55456,4.13282,2.4349,5.98285,5.97443,10.79696
2.55712,2.54735,2.58818,6.18864,3.10608,6.76998
2.54889,2.05914,2.42699,6.02962,6.24449,6.7965
2.61677,2.00703,2.28672,6.71296,6.5587,8.95014
2.58037,2.01762,2.29977,6.03729,6.45943,7.22148
2.69572,2.00331,2.26933,6.51242,6.15215,6.77677
2.50223,1.94736,2.26883,6.98327,3.20811,6.70065
2.64404,1.85921,2.33273,6.00404,6.33311,7.23546
2.55549,1.94101,2.30244,5.72679,6.6744,6.82078
2.48564,1.83406,2.22165,6.77666,6.62185,7.44547
2.49145,1.90724,2.25978,6.42877,6.29517,6.89845
2.48196,1.91843,2.30097,6.2973,3.04903,6.75596
2.53465,1.9058,2.2893,7.53672,6.43911,6.89063
2.56504,1.85926,2.23053,5.71073,6.39693,6.96834
2.61176,1.91256,2.23637,6.42142,6.55589,7.5641
2.68213,1.86227,2.46024,6.11435,6.31353,6.8863
2.57661,1.97073,2.63896,6.15451,3.27402,7.22162
2.54976,1.86025,2.26752,6.33268,8.51821,6.8918
2.55092,1.88943,2.18374,5.92388,8.41282,6.81385
2.60227,1.91919,2.29933,6.07592,6.5713,6.95367
2.62306,1.9857,2.32638,6.22396,6.184,7.68734
2.77497,1.89167,2.27139,6.26942,3.06607,8.3997
2.69021,1.94987,2.25273,6.1553,6.57376,6.90736
2.64386,1.85211,2.21763,6.06985,6.48315,6.94882
2.71673,1.95026,2.22028,6.42783,6.27525,7.87312
2.72323,1.92306,2.24359,5.91265,6.28207,7.1282
2.66392,2.10734,2.39273,7.312,2.93614,7.36431
2.61671,1.88302,2.54138,6.15816,6.37622,7.39328
2.58668,2.05597,2.32879,5.97135,6.30366,6.86212
2.73045,2.02594,2.19974,6.07538,83.75419,6.86101
2.6101,1.89067,2.22246,5.75097,14.62882,7.20386
2.69416,1.92975,2.31689,5.96313,77.35158,7.61674
2.79126,2.12177,2.36016,6.29617,8.66703,6.87274
2.72789,1.90453,2.26015,9.10465,80.77682,7.07433
2.77556,2.16611,2.23411,12.19658,12.81904,6.93398
2.68256,1.86133,2.0899,6.23728,81.6847,8.76688
2.73662,1.92158,2.38316,6.24292,3.6937,7.05643
2.97719,1.91091,2.36689,6.14402,123.93545,7.08692
2.8911,2.17613,2.32325,5.83326,103.4231,6.82024
2.5598,2.32187,2.23559,6.48714,68.12974,6.69483
2.72317,2.05597,2.15792,6.01955,39.66829,7.13775
2.69728,1.91617,2.28821,5.82328,15.65165,6.91272
11.43973,2.33596,2.23055,6.05614,6.47277,8.38812
3.56549,2.42957,2.26879,5.93761,131.23897,11.4557
2.42985,2.41488,2.29752,6.00513,103.21415,7.15966
2.6841,2.34758,2.36771,6.02772,76.68228,6.85492
3.82431,2.36301,2.40613,5.88099,49.72067,6.80088
2.85878,2.41518,2.27614,5.86695,6.56406,7.17058
2.58723,2.39548,2.6159,6.2123,7.69957,6.64826
2.56191,2.3528,2.30648,6.28804,6.21914,7.76071
2.62894,2.39178,2.2301,5.99047,6.42382,10.19038
2.56812,2.3459,2.28492,7.99869,3.19164,6.74785
2.77748,2.37901,2.28212,6.55429,6.49136,7.28693
2.68683,2.37349,2.16475,7.89626,6.33263,6.69885
2.52309,4.06458,2.20902,10.06406,6.53725,6.70288
2.7495,2.45665,2.17425,13.34468,6.64721,6.79309
2.57412,2.41321,2.32784,6.42114,3.13372,6.91571
2.77598,2.38571,2.25841,9.745,6.32005,7.11843
2.54191,2.39699,2.19755,6.03922,6.26646,6.74239
2.5823,2.3633,2.21985,5.88883,6.61793,6.9928
2.66754,2.33772,2.31765,6.25172,8.15285,7.21492
2.85628,2.39596,2.24198,6.40535,3.4168,6.85089
2.6802,2.3627,2.22133,5.95161,7.00835,7.02288
2.58189,2.32749,2.25495,8.65203,6.80595,7.062
2.4892,2.55287,2.20775,6.07011,6.39167,10.68404
2.74559,2.30344,2.16706,6.22895,6.49516,6.64101
2.67301,2.31241,2.27754,6.48562,3.26204,6.68731
2.62653,2.44121,2.2117,6.06177,6.52189,7.01464
2.59538,2.36489,2.25073,5.67732,6.4879,6.69168
2.5231,2.31265,2.22224,7.22457,6.50556,6.83147
2.47864,2.39611,2.12827,6.13922,6.84132,6.56418
2.68478,2.38352,2.20307,22.30165,3.41083,6.91949
2.66175,2.34773,2.32381,5.7901,6.26547,6.52254
2.67091,2.26473,2.22115,5.79994,6.68359,6.82757
2.56084,2.46665,2.20778,5.94214,6.28868,6.41035
2.79702,2.3609,2.21983,8.99822,6.40192,6.39354
2.60626,2.37693,2.48564,8.86696,3.55836,7.02959
2.5025,2.3452,2.24308,5.50747,6.33763,6.69438
2.6404,2.39893,2.25042,6.31046,6.2373,6.84746
2.50522,2.36446,2.2008,5.8987,6.7948,6.37256
2.65053,2.35666,2.21361,6.42903,7.2385,6.80207
2.55093,2.33388,2.3365,6.20719,6.88836,6.52871
2.65952,2.41529,4.50178,5.9921,6.36436,6.61725
2.61583,2.29457,2.94625,5.4935,6.21401,6.77476
2.64606,2.40214,2.32027,6.41643,6.40546,9.19605
2.81692,2.32057,2.25116,6.20057,6.01221,7.10224
11.12016,2.36357,2.50617,6.09603,3.06861,7.08554
2.96343,2.35261,2.28262,6.35962,6.30115,6.79964
2.27149,2.43548,2.33742,6.67033,6.30676,7.07709
2.30126,2.36251,2.2331,5.71075,6.2519,6.78282
2.28136,2.37282,2.23991,8.60105,6.57412,6.7965
2.27374,2.39208,2.3158,5.92686,3.27904,7.03119
2.50182,2.33155,2.22657,6.0687,6.56207,6.8368
2.45402,2.38308,2.25775,5.98429,6.38171,6.86842
2.40141,2.45688,2.1627,6.24961,6.46042,6.65562
2.42631,2.31206,2.13581,5.92063,6.36725,6.91533
2.3203,2.46171,2.32759,6.24114,3.23515,6.79345
2.37055,2.32404,2.19337,7.20352,6.36102,6.97135
2.27302,2.37775,2.30152,10.83949,7.58976,6.85565
2.29542,2.32771,2.27567,6.1976,6.57071,6.63308
2.41134,2.39442,2.21632,5.60935,6.40044,6.75023
2.44784,2.42733,2.15785,6.0337,3.11783,7.03604
2.36446,2.35616,2.24746,5.83086,6.24284,6.806
2.48105,2.26429,2.24823,5.83376,6.70837,6.87381
2.28978,2.51537,2.22868,6.25822,9.41188,6.8833
2.55278,2.65583,2.19358,5.70528,7.01387,7.02224
2.35379,2.4448,2.28852,6.28432,3.18606,7.83799
2.90019,2.34871,2.21203,5.44007,13.83288,10.46574
2.56929,2.36578,2.26011,5.72401,6.09048,6.62309
2.43213,2.27044,2.24293,6.84281,6.10841,6.69881
2.28002,2.37958,2.23513,6.00636,6.64235,7.29151
2.38014,2.316,2.32413,6.51609,3.21171,7.08674
2.27745,2.38518,2.31872,5.68666,8.59189,6.74119
2.30766,2.33651,2.20943,6.04168,6.31122,6.67568
2.32733,2.48041,2.27874,5.93983,6.20564,6.73403
2.48716,2.32297,2.15895,5.95934,6.73734,6.79477
2.52886,2.27008,2.32707,6.9501,3.17334,6.82267
2.47956,2.38878,2.29726,5.73752,6.43405,6.98624
2.32109,2.36494,2.20638,6.60906,6.79851,6.86787
2.16922,2.33494,2.2978,9.75633,6.59582,3.92907
2.13655,2.40589,2.26381,6.04141,6.25335,7.30502
2.18207,2.33428,2.21059,6.08652,3.25828,7.09198
2.31725,2.32532,2.19346,5.82622,6.25478,7.1831
2.32464,2.33327,2.20461,6.6612,6.48816,6.83113
2.2396,2.49176,2.26644,5.58383,7.05902,6.7038
2.38986,2.26164,2.21119,6.02607,9.54789,6.95017
2.14732,2.25994,2.32151,5.88729,3.42128,6.86499
2.22703,2.26522,2.16637,6.04251,6.11794,7.16998
2.32808,2.27973,2.28699,6.16007,5.87613,10.00209
2.23173,2.45196,2.26286,6.03981,6.70179,15.25175
2.32359,2.39192,2.35651,5.58041,6.36759,6.87766
2.18324,2.25881,2.27492,6.0562,3.49333,7.1179
2.29612,2.29531,2.23467,5.77612,6.18368,6.71514
2.41346,2.27463,2.21446,6.03329,6.5278,6.68838
2.31692,2.54663,2.30134,6.15252,6.16511,6.79982
2.38626,2.27391,2.3934,5.52691,6.72741,6.72771
2.19409,2.37756,2.30776,6.58508,3.20077,6.91944
2.19232,2.33011,2.29529,6.06643,6.41774,6.94124
2.14379,2.29473,20.76167,5.70386,6.33594,6.80921
2.24492,2.28942,2.46182,5.99513,6.19688,6.7817
2.15707,2.23854,2.06083,8.09431,6.2988,7.09492
2.15642,2.36906,2.06039,6.4439,2.97506,7.26093
2.14141,2.33902,2.10531,5.78269,6.56932,6.7809
2.17553,2.34146,2.11436,5.97276,6.4333,7.60995
2.16938,2.40978,2.16111,6.95091,6.29596,7.17098
2.3255,2.34872,2.54611,6.91822,6.28157,6.86754
2.35964,2.29267,2.30126,5.69395,12.01055,6.83213
2.2583,2.21846,2.08377,6.19093,6.50748,6.52943
2.28403,2.34026,2.17328,7.71923,6.22318,11.51442
2.20774,2.37033,2.08421,6.1606,6.20778,8.96442
2.28755,2.28908,2.14027,6.02693,6.0839,6.82432
2.24302,2.36118,2.19039,6.54177,5.28851,7.08543
2.26402,2.25678,2.7844,7.06309,6.34624,5.72218
2.58863,2.21344,2.54902,5.8869,6.29375,6.84309
2.54998,2.36798,2.2708,8.13004,6.38314,6.95097
2.71289,2.2956,2.26894,5.53703,6.32917,6.80825
2.82386,2.32968,2.3769,5.96562,6.18084,6.72189
2.4059,2.34872,2.2415,6.05949,6.34943,6.88307
2.31451,2.17933,2.33885,6.05755,5.90708,6.78942
2.44768,2.18906,2.3008,5.90289,6.34446,6.59967
2.22238,2.33733,2.31674,6.03849,7.58225,6.81792
2.27604,2.83891,4.0965,6.55876,3.84439,7.11492
2.28087,2.37134,2.67814,9.56036,6.32257,6.7033
2.30504,2.46137,2.30675,5.95666,6.45408,6.79008
2.60128,2.50426,2.29122,6.11989,6.24865,6.77363
2.47428,2.40229,2.25812,,,
2.41717,2.39382,2.39778,,,
2.36912,2.46995,2.23978,,,
2.3322,2.43492,2.20516,,,
2.2986,2.4086,2.17575,,,
2.32948,2.4798,2.2691,,,
2.25133,2.38049,2.24809,,,
2.22051,2.4434,2.28242,,,
2.22902,2.42089,2.40017,,,
2.19235,2.44079,3.14316,,,
2.37495,2.47808,2.31681,,,
2.64088,2.44526,2.33429,,,
2.95304,2.42388,2.25029,,,
2.35921,2.46537,2.21705,,,
2.31471,2.40398,2.22978,,,
2.20097,2.48449,2.22747,,,
2.2866,2.33608,2.24137,,,
2.15056,2.39372,2.28384,,,
2.17056,2.41506,2.21281,,,
2.26349,2.49651,2.18445,,,
2.32602,2.52914,2.27421,,,
2.32228,2.66622,2.64706,,,
2.27186,2.62137,2.30119,,,
2.37756,2.44173,2.29689,,,
2.25809,2.45003,2.26968,,,
2.17599,2.57883,3.93701,,,
2.15732,2.5124,2.60829,,,
2.11887,2.44634,2.25091,,,
2.17177,11.49696,2.42504,,,
2.11756,2.77333,2.35434,,,
2.2612,2.20101,2.28956,,,
2.18408,2.16322,2.44609,,,
2.19118,2.1652,2.49012,,,
2.12826,20.96788,2.32241,,,
2.33041,2.78311,2.52508,,,
2.24612,2.18066,2.3583,,,
2.1894,2.34824,2.38145,,,
2.12521,2.48041,2.46319,,,
2.13379,2.43616,2.41978,,,
2.40669,2.49158,2.40558,,,
2.38859,2.42457,2.22573,,,
2.30732,2.52046,2.43404,,,
2.2982,2.41192,2.28113,,,
2.3703,2.46012,2.4593,,,
2.32473,2.38074,2.31324,,,
2.39705,2.45395,2.28036,,,
2.19272,2.36385,2.56689,,,
2.27925,2.33295,2.37624,,,
2.43392,2.41285,2.2665,,,
2.46237,2.48934,2.34241,,,
2.61538,2.3587,2.46882,,,
4.31109,2.37764,2.68381,,,
2.59086,2.39044,2.31021,,,
2.24718,2.39696,2.33577,,,
2.34104,2.35169,2.24041,,,
2.25655,2.48304,2.23336,,,
2.19038,2.45927,2.2473,,,
2.28299,2.33115,2.36036,,,
2.2423,2.39743,2.23995,,,
2.30293,2.37407,2.26559,,,
2.45393,2.40663,2.20812,,,
2.32163,2.44086,2.33925,,,
2.32425,2.33268,2.31903,,,
2.23354,2.42168,2.28927,,,
2.31163,2.6026,2.2204,,,
2.36785,2.38726,2.24076,,,
2.2684,2.37589,2.1797,,,
2.20675,2.4083,2.29946,,,
2.35907,2.31559,2.15233,,,
2.31571,2.51967,2.23337,,,
2.48741,2.37666,2.19365,,,
2.58711,2.41506,2.29407,,,
2.43813,2.39225,2.19071,,,
2.31225,2.3829,2.10785,,,
2.42391,2.36449,2.25539,,,
2.32436,2.39637,2.242,,,
2.22404,2.43417,2.23892,,,
2.24884,10.92956,2.2725,,,
2.27207,3.04132,2.19083,,,
2.67197,2.286,2.16407,,,
5.44448,2.40054,2.22424,,,
2.94755,2.33635,2.24584,,,
2.44625,2.28927,2.28104,,,
2.49838,2.24851,2.25297,,,
2.43996,2.25687,2.22728,,,
2.49192,2.3229,2.26163,,,
2.51118,2.206,2.1747,,,
2.39722,2.3775,2.21994,,,
2.43867,2.30821,2.29385,,,
2.35812,2.41316,2.26048,,,
2.69503,2.34613,2.37716,,,
2.38091,2.3143,2.7993,,,
2.28835,2.22402,2.30087,,,
2.37025,2.39444,2.22891,,,
2.33663,2.2269,2.14307,,,
2.2689,2.44269,2.31729,,,
2.31355,2.32757,2.24574,,,
2.46702,2.38323,2.15745,,,
2.32592,2.73498,2.22393,,,
2.43117,2.4951,2.17318,,,
2.37457,2.40833,2.25317,,,
2.32187,2.3398,2.30641,,,
2.70241,2.36181,2.6216,,,
2.59525,2.42004,2.27279,,,
2.50997,2.30244,2.26939,,,
2.49583,2.42672,2.24649,,,
2.27217,2.32924,2.21189,,,
2.28489,2.36664,2.315,,,
2.28552,2.30938,2.26323,,,
2.77752,2.3796,2.23125,,,
2.36804,2.33486,2.19397,,,
2.43271,2.41474,2.28947,,,
2.34611,2.26488,2.2351,,,
2.45783,2.22617,2.24007,,,
2.32755,2.37395,2.20851,,,
2.31119,2.37455,2.21748,,,
2.32753,2.27067,2.16821,,,
2.65621,2.2474,2.22123,,,
2.62068,2.35991,2.21852,,,
2.29703,2.42375,2.45697,,,
2.37737,2.40296,2.23347,,,
2.32512,2.3233,2.38737,,,
2.43624,2.2624,2.26329,,,
2.24854,2.35344,2.50892,,,
2.29909,2.34831,2.77208,,,
2.31235,2.33486,2.19119,,,
2.29619,2.3935,2.25423,,,
2.26995,2.53253,2.2071,,,
2.36946,2.29014,2.12234,,,
2.31944,2.44678,2.21056,,,
2.52931,2.39307,2.18552,,,
2.32561,2.36099,2.57846,,,
2.47843,2.21249,2.3006,,,
2.35927,2.3105,2.18269,,,
2.48963,2.22544,2.38541,,,
2.30527,2.25368,2.34555,,,
2.28595,2.37847,2.43812,,,
2.28904,2.42487,2.72746,,,
2.393,2.36016,2.25188,,,
2.22507,2.38168,2.21922,,,
2.42502,2.28119,2.56424,,,
3.35944,2.4445,2.24869,,,
3.00141,2.34479,2.24188,,,
2.4724,2.3589,2.21861,,,
2.3325,2.30234,2.1611,,,
2.26766,2.44538,2.24652,,,
2.32328,2.27128,2.11818,,,
2.24891,2.56626,2.29067,,,
2.33171,2.42364,2.19479,,,
2.28271,2.41306,2.21542,,,
2.39882,2.37541,2.13339,,,
5.83536,2.40045,2.28585,,,
2.21182,2.3438,2.20395,,,
2.1225,2.37264,2.16877,,,
2.26778,2.33925,2.20117,,,
2.11159,2.35651,4.12515,,,
2.17996,2.35019,2.50386,,,
2.28286,2.33013,4.40457,,,
2.18811,2.24131,2.60087,,,
2.2669,2.3104,2.12935,,,
2.37417,2.82808,2.07162,,,
2.52093,2.77352,2.15947,,,
2.37554,2.37756,2.10454,,,
2.16685,3.45342,2.03484,,,
2.13913,3.0118,2.05281,,,
2.18324,2.40237,2.04878,,,
2.31371,2.3831,2.06699,,,
2.27196,2.32068,2.0642,,,
2.27057,2.22485,2.02875,,,
2.30791,2.31777,2.04691,,,
2.3833,2.21895,2.0464,,,
2.31804,2.37022,2.06458,,,
2.15937,2.21212,2.02139,,,
2.24633,2.14935,2.00151,,,
2.28299,2.17708,2.08686,,,
2.27276,2.21388,1.95638,,,
2.40096,2.43094,2.06527,,,
2.24819,2.24539,1.99054,,,
2.25485,2.33357,2.01718,,,
2.26295,2.44792,2.09948,,,
2.5286,2.32986,2.02104,,,
2.43492,2.32549,2.07848,,,
2.34912,2.2038,2.03659,,,
2.3284,2.23939,1.99952,,,
2.32487,2.18895,2.06896,,,
2.35358,2.34211,2.00985,,,
2.24823,2.32807,2.04218,,,
2.39079,2.33153,2.0408,,,
2.4349,2.26546,1.99738,,,
2.21467,2.33388,2.16169,,,
2.38568,2.34559,2.034,,,
2.20958,2.27054,2.18478,,,
2.25951,2.32544,2.07903,,,
2.20149,2.23222,2.06916,,,
2.27691,2.18585,2.13314,,,
2.41597,2.32486,2.01935,,,
2.25544,2.34074,2.03016,,,
2.26879,2.32939,2.06407,,,
2.33048,2.3594,2.01419,,,
2.2456,2.49469,2.04468,,,
2.44215,2.24796,2.04452,,,
2.28262,2.19563,2.11321,,,
2.28337,2.16623,2.0492,,,
2.50743,2.18894,2.07742,,,
2.68721,2.3537,2.09232,,,
2.31271,2.37253,2.0724,,,
2.13519,2.26249,2.14157,,,
2.16295,2.34511,2.17907,,,
2.90371,2.24778,2.15257,,,
2.71155,2.2726,2.22302,,,
2.90874,2.39144,2.18511,,,
2.32554,2.28708,3.72421,,,
2.16342,2.20756,2.53821,,,
2.14186,2.29777,10.7534,,,
2.31504,2.19497,2.49169,,,
2.23507,2.18209,1.98457,,,
2.30407,2.30477,2.03985,,,
2.27336,2.39067,1.95741,,,
2.63521,2.28993,1.98449,,,
2.96275,2.35528,2.0198,,,
2.45455,2.32488,1.99839,,,
2.33222,2.5215,2.10372,,,
2.16587,2.38053,2.05713,,,
2.35673,2.4463,2.28486,,,
2.17624,2.21729,2.01069,,,
2.14321,2.22338,4.11982,,,
2.26453,2.24622,2.25899,,,
2.13212,2.33262,2.12872,,,
2.2371,2.21022,2.01154,,,
2.19623,2.46638,2.04582,,,
2.25811,2.29502,1.98798,,,
2.14239,2.35467,2.18177,,,
2.15529,2.30762,1.98602,,,
2.29047,2.30723,4.2346,,,
3.12253,2.29566,2.13277,,,
2.3273,8.92412,1.93653,,,
2.08857,2.23578,1.94019,,,
2.15055,2.25234,1.94823,,,
2.13609,2.177,1.91583,,,
2.17967,2.20787,1.97882,,,
2.4202,2.12725,1.94091,,,
2.29213,2.10856,2.1007,,,
2.75381,2.01685,2.00135,,,
2.26662,2.04003,1.85553,,,
2.22062,1.99828,1.98432,,,
2.10556,2.00523,1.96751,,,
2.32761,2.05058,2.01494,,,
2.04163,2.18388,2.00087,,,
2.20338,2.23288,1.94115,,,
2.30477,2.29442,1.92543,,,
2.48495,2.07307,1.94947,,,
2.27998,2.54041,2.06305,,,
2.41934,2.2404,1.92425,,,
2.15113,2.20406,1.94633,,,
2.07968,2.1328,2.08753,,,
2.05726,2.08707,1.94268,,,
2.12079,2.12593,1.98139,,,
2.12342,2.16931,1.99457,,,
2.36039,2.08262,1.98605,,,
2.28657,2.35607,1.96227,,,
2.24954,2.18389,1.95773,,,
2.10833,2.14235,2.08678,,,
2.13927,2.12236,1.96286,,,
2.10038,2.06207,2.00356,,,
2.18491,2.05279,1.94549,,,
2.1837,2.04271,1.90082,,,
2.14268,2.05203,1.89958,,,
2.12614,2.08806,1.92648,,,
2.1254,2.10951,1.9504,,,
2.28422,2.45297,1.94556,,,
2.26604,2.30668,1.93786,,,
2.16478,2.38788,2.01797,,,
3.37226,2.30132,2.05383,,,
2.37028,2.45164,2.28294,,,
2.26915,2.32559,2.40194,,,
2.25152,2.25844,1.96571,,,
2.27273,2.30636,1.92513,,,
2.11925,2.32061,1.87543,,,
2.20695,2.25031,1.90878,,,
2.35405,2.31983,1.90692,,,
2.25279,2.25426,1.9367,,,
2.37641,2.16415,2.17479,,,
2.50287,2.18735,2.02243,,,
2.12208,2.44518,1.92715,,,
2.16164,2.13566,1.93483,,,
2.03057,2.11148,1.90619,,,
2.17924,2.13481,1.97349,,,
2.09229,2.2784,1.99593,,,
2.11782,2.26506,1.9009,,,
2.17056,2.32986,1.92398,,,
2.23636,2.65638,1.89643,,,
2.20246,2.63331,1.96774,,,
2.12321,2.33143,2.02358,,,
2.0586,2.20593,2.05575,,,
2.15665,2.16761,1.9832,,,
2.22528,2.15983,1.93404,,,
2.13306,2.10523,1.94837,,,
2.0983,2.29923,1.94006,,,
2.14737,2.1562,1.91049,,,
2.11606,2.24222,1.90782,,,
2.32068,2.29411,1.99756,,,
2.29139,2.25684,2.02458,,,
2.2228,2.19002,1.95476,,,
2.20664,2.30673,2.23676,,,
2.20775,2.19381,2.00327,,,
2.25419,2.1275,1.93947,,,
2.21539,2.20494,2.20313,,,
2.27644,2.58332,2.084,,,
2.25348,2.51838,2.22151,,,
2.19471,2.45546,2.01647,,,
2.26589,2.21914,2.32074,,,
2.10532,2.18935,2.06187,,,
2.16639,2.18922,2.11685,,,
2.11664,2.24198,2.44466,,,
2.10375,2.23263,2.23994,,,
2.0831,2.04333,2.86149,,,
2.12518,2.11838,2.38404,,,
2.09255,2.11848,2.1169,,,
2.15609,2.07196,2.08127,,,
2.10543,2.34059,1.94055,,,
2.22996,2.33311,2.04846,,,
2.12694,2.15984,2.1873,,,
2.14012,2.19283,2.02934,,,
2.13037,2.28979,1.98411,,,
2.13505,2.13986,2.25257,,,
2.15496,2.12409,1.96693,,,
2.12826,2.14238,2.03183,,,
2.08151,2.26854,7.84045,,,
2.13204,2.15813,1.98582,,,
2.20725,2.22442,2.09014,,,
2.38259,2.22206,2.0164,,,
2.18305,2.21569,2.02353,,,
2.62591,2.27464,1.93265,,,
2.27938,2.2463,2.2354,,,
2.17079,2.20791,1.99019,,,
2.25693,2.27046,1.91576,,,
2.19503,2.16028,2.03132,,,
2.20725,2.19766,1.89979,,,
2.32594,2.18941,2.03463,,,
2.12714,2.36543,1.8577,,,
2.26882,2.28012,1.92424,,,
2.15306,2.08251,2.0819,,,
2.16862,2.11669,1.974,,,
2.13465,2.16035,1.93967,,,
2.13801,2.1548,2.21711,,,
2.08334,2.25181,2.00902,,,
2.14692,2.17172,2.19165,,,
2.11092,2.21627,2.06195,,,
2.13012,2.20375,2.02387,,,
2.17705,2.43119,2.06433,,,
2.25896,2.2435,1.96281,,,
2.18932,2.23436,2.03463,,,
2.10144,2.21528,2.00705,,,
2.06529,2.78759,1.91171,,,
2.30299,2.28436,2.02051,,,
2.08677,2.2969,1.91527,,,
2.1449,2.19776,1.92208,,,
2.37514,2.19828,1.90526,,,
2.87207,2.1715,1.8705,,,
2.34381,11.36115,1.88605,,,
2.40042,2.67944,1.90738,,,
2.18667,2.21662,2.06251,,,
2.27703,2.27191,2.19608,,,
2.14788,3.74299,2.46957,,,
2.24413,2.65046,2.26104,,,
2.27503,19.66732,3.85344,,,
2.34169,2.30456,2.45715,,,
2.15015,2.08424,1.92376,,,
2.17362,2.27635,2.03552,,,
2.16319,2.17059,1.90574,,,
2.31693,2.20204,1.94201,,,
2.17629,2.12523,2.00495,,,
2.19182,2.08202,1.96756,,,
2.10265,2.32488,2.05477,,,
2.15289,2.16652,1.94515,,,
2.1653,2.09357,1.9455,,,
2.72041,2.1927,1.92495,,,
2.93639,2.249,1.91341,,,
2.33205,2.1511,1.96236,,,
2.0822,2.35598,1.8993,,,
2.33139,2.19521,1.92284,,,
2.17447,2.13186,1.96898,,,
2.09187,2.16892,1.90341,,,
2.08441,2.34124,1.91971,,,
2.13736,3.38575,1.98525,,,
2.10881,2.41383,1.9364,,,
2.10241,2.37268,2.09009,,,
2.19289,2.79521,1.9918,,,
2.19116,2.21957,1.93294,,,
2.10864,2.35833,1.95258,,,
2.23481,2.26018,1.9733,,,
2.15998,2.16811,1.93445,,,
2.09288,2.23687,2.00488,,,
2.19917,2.08673,1.8626,,,
2.13292,2.27457,1.96869,,,
2.19713,2.18895,20.55816,,,
2.16941,2.2126,1.91888,,,
2.16762,2.22959,1.78741,,,
2.34727,2.21753,1.85865,,,
2.13654,2.2906,1.87394,,,
2.29623,2.13124,1.83254,,,
2.19752,2.04303,1.98417,,,
2.32119,2.28187,1.93818,,,
2.12423,2.18944,1.85856,,,
2.10817,2.27689,1.89908,,,
2.08194,2.20638,1.87144,,,
2.06015,2.23841,1.93302,,,
2.09664,2.20139,1.98961,,,
2.11995,2.2258,1.92993,,,
2.22639,2.40786,1.88346,,,
2.2194,2.40819,1.87321,,,
2.14398,2.32093,1.95996,,,
2.23032,2.20889,1.89623,,,
2.07134,2.23641,1.90745,,,
2.25349,2.24441,1.87292,,,
2.08249,2.1895,1.99061,,,
2.12243,2.29252,1.88546,,,
2.1061,2.30779,1.90148,,,
2.15821,2.21393,1.84602,,,
2.13896,2.45935,1.82903,,,
2.38556,2.15745,1.86564,,,
2.1947,2.25143,1.88957,,,
2.16017,2.31875,1.9645,,,
2.06777,2.18274,1.89403,,,
2.13477,2.21534,1.86238,,,
2.07239,2.16343,2.04167,,,
2.144,2.24139,1.98556,,,
2.10224,2.20592,2.14116,,,
2.28987,2.3494,1.96181,,,
2.17655,2.44059,1.93838,,,
2.33361,2.19918,1.97289,,,
2.16088,2.1661,2.14679,,,
2.73146,2.17819,1.99544,,,
2.81666,2.18752,2.09747,,,
2.27441,2.20729,1.97527,,,
2.35847,2.05922,1.90255,,,
2.08304,2.16853,2.25376,,,
2.10752,2.57711,2.05438,,,
2.15804,2.58651,2.14861,,,
2.08691,2.3191,1.9041,,,
2.19819,2.23788,1.90244,,,
2.10048,2.17353,2.03871,,,
2.17399,2.22036,1.91799,,,
2.37458,2.34009,2.00181,,,
2.52685,2.20677,1.91165,,,
2.09065,2.17647,2.11758,,,
2.14535,2.24887,1.93729,,,
3.87686,2.21848,1.99122,,,
2.58966,2.19319,5.58636,,,
2.15821,2.54867,3.01151,,,
2.28192,2.65051,2.03206,,,
2.14279,2.29634,1.88993,,,
2.10749,2.35765,2.05157,,,
2.10231,2.24038,1.89731,,,
2.11231,2.188,1.86785,,,
2.06527,2.16177,1.85321,,,
2.09219,2.12008,2.20311,,,
2.26179,2.272,2.04834,,,
2.26207,2.21399,2.21964,,,
2.30113,2.32471,2.40249,,,
2.29671,2.17914,2.02266,,,
2.20466,2.1253,2.14398,,,
2.15954,2.12112,2.00877,,,
2.09383,2.08392,1.94809,,,
2.00691,2.23252,1.89777,,,
2.04604,2.08036,1.90003,,,
2.0068,2.0933,2.02643,,,
2.00216,2.20074,2.11362,,,
2.05052,2.11162,1.99508,,,
2.08248,2.17844,1.95749,,,
2.1972,2.27594,1.90723,,,
2.08586,2.12392,2.04377,,,
2.07884,2.08388,1.9977,,,
1.97954,2.26401,1.8825,,,
2.25164,2.32032,1.97108,,,
2.10659,2.23856,1.85856,,,
2.04101,3.37293,1.89304,,,
1.98711,2.68702,1.9537,,,
2.0093,2.63812,1.86211,,,
2.09629,2.40389,1.90006,,,
2.28422,2.38786,1.82013,,,
2.0993,2.25354,1.95018,,,
2.14972,2.37502,1.9434,,,
1.98834,2.33551,2.14566,,,
2.1426,2.20324,2.20906,,,
2.15241,2.13838,1.92676,,,
2.25643,2.2137,2.07724,,,
2.08286,2.03184,1.8399,,,
2.174,2.58244,1.93269,,,
2.0416,2.32563,1.86978,,,
3.27602,2.16583,1.87756,,,
2.44992,2.26416,2.07899,,,
2.46397,2.25203,1.94323,,,
2.17203,2.17668,1.90674,,,
2.11712,2.21076,1.89286,,,
2.05748,2.19349,1.8823,,,
2.01481,2.23703,2.14209,,,
2.11623,2.17408,1.98909,,,
2.03431,2.21198,1.91018,,,
2.06176,2.28613,1.89068,,,
2.33567,,1.88281,,,
