"ll-115200-dma-debug","ll-115200-dma-minsize","ll-115200-dma-release","ll-115200-irq-debug","ll-115200-irq-minsize","ll-115200-irq-release","ll-115200-poll-debug","ll-115200-poll-minsize","ll-115200-poll-release"
1089680,1146170,1135250,1061540,1052160,1052000,1067110,1048460,1050290
1174550,1142760,1049730,1060540,1050880,1050640,1065700,1047190,1048950
1165360,1139330,1143890,1067580,1049540,1049420,1064470,1054540,1047700
1156400,1055610,1141240,1066300,1048240,1048040,1062770,1053420,1046320
1093160,1141000,1138630,1064960,1046900,1046700,1061980,1052100,1045050
1178060,1146150,1053230,1063660,1054320,1045460,1060660,1050600,1052380
1168830,1142740,1138650,1062380,1053000,1052740,1058890,1049260,1051130
1159610,1059010,1136060,1061180,1051620,1051500,1066440,1048110,1049820
1088010,1144420,1133360,1059700,1050320,1050160,1065100,1046550,1048450
1172440,1140880,1056560,1067040,1048980,1048820,1063950,1053920,1047110
1163640,1137470,1141990,1065720,1047680,1047440,1062460,1052670,1045870
1163120,1053750,1139430,1064400,1055080,1046200,1061130,1051260,1044450
1091210,1147710,1136850,1063100,1053780,1044860,1059980,1050230,1051850
1176140,1144290,1051350,1061780,1052460,1052280,1067350,1048890,1050580
1166820,1140880,1136790,1060460,1051140,1050900,1065820,1047290,1049290
1157990,1057170,1134190,1067800,1049780,1049560,1064540,1054640,1047970
1085990,1142560,1140230,1066520,1048460,1048320,1063470,1053370,1046630
1179600,1139010,1054700,1065180,1047140,1047020,1061910,1052270,1045290
1170320,1135530,1140120,1063860,1054540,1045660,1060620,1050790,1052460
1161460,1060510,1137540,1062620,1053220,1052960,1059540,1049690,1051310
1089450,1145940,1134960,1061400,1051900,1051620,1066990,1048070,1049820
1174330,1142380,1049450,1059920,1050600,1050360,1065670,1046820,1048650
1165120,1138980,1143530,1067320,1049280,1049040,1063810,1054400,1047340
1155920,1055240,1140930,1066020,1047920,1047700,1062880,1052820,1046020
1092830,1140650,1138380,1064700,1046580,1046380,1061440,1051530,1044680
1177690,1145820,1052840,1063380,1053960,1045040,1060240,1050260,1051900
1168450,1142400,1138260,1062000,1052620,1052440,1067600,1048830,1050800
1159300,1058670,1135680,1060680,1051320,1051100,1066060,1047800,1049410
1087750,1144080,1133100,1068020,1049980,1049880,1064740,1046320,1048170
1172230,1140560,1056230,1066720,1048660,1048500,1063710,1053590,1046850
1163190,1137150,1141660,1065460,1047360,1047160,1062110,1052260,1045350
1162750,1053440,1139070,1064240,1054760,1045920,1060890,1050960,1052790
1090790,1147420,1136500,1062760,1053460,1053180,1059760,1049720,1051360
1175670,1143890,1050970,1061440,1052080,1051960,1067160,1048310,1050040
1166770,1140470,1136400,1060140,1050760,1050580,1065700,1047280,1048970
1157430,1056880,1142490,1067480,1049400,1049240,1064460,1054410,1047530
1085870,1142120,1139930,1066180,1048100,1048000,1062760,1053280,1046260
1179210,1138700,1054410,1064840,1046780,1046660,1061950,1051940,1044990
1170050,1143900,1139830,1063520,1054180,1045320,1060650,1050360,1052340
1160870,1060310,1137230,1062220,1052840,1052740,1058910,1049170,1051020
1088890,1145560,1134640,1060900,1051520,1051380,1066400,1047990,1049680
1173850,1142030,1049110,1068260,1050220,1050020,1065060,1046680,1048340
1164620,1138610,1143290,1066940,1048900,1048700,1064000,1053860,1046860
1155900,1055040,1140700,1065620,1047600,1047460,1062420,1052760,1045710
1092310,1140330,1137980,1064300,1054980,1046080,1061080,1051230,1044440
1177310,1145490,1052610,1062980,1053680,1044740,1059960,1049890,1051580
1168310,1142090,1137930,1061680,1052300,1052140,1067310,1048580,1050430
1159100,1058390,1135340,1060400,1051000,1050800,1065800,1047310,1049120
1087050,1143780,1141390,1067700,1049660,1049440,1064540,1054660,1047800
1171970,1140240,1055970,1066380,1048360,1048220,1063430,1053510,1046460
1171520,1136740,1141410,1065140,1047040,1046860,1061910,1051930,1045000
1162350,1061720,1138830,1063820,1054380,1045540,1060590,1050870,1052520
1090820,1147130,1136110,1062500,1053080,1052940,1059490,1049380,1051030
1175310,1143590,1050710,1061180,1051740,1051640,1066390,1048210,1049850
1166230,1140200,1136140,1060040,1050460,1050280,1065070,1046660,1048590
1157440,1056460,1142160,1067140,1049120,1048940,1063920,1054030,1047320
1085560,1141860,1139510,1065900,1047820,1047600,1062310,1052790,1045950
1178750,1138300,1054100,1064700,1055220,1046380,1061610,1051470,1044590
1169620,1143600,1139480,1063200,1053900,1044980,1059730,1050330,1051990
1160840,1059910,1136890,1061900,1052540,1052400,1067100,1048990,1050480
1088900,1145320,1134310,1060560,1051200,1051020,1066310,1047410,1049340
1173410,1141710,1048800,1067920,1049900,1049700,1064990,1054760,1048090
1164390,1138320,1142970,1066600,1048560,1048460,1063200,1053700,1046700
1163960,1054590,1140370,1065300,1047260,1047060,1062460,1052170,1045390
1091970,1139990,1137650,1063960,1054620,1045740,1060450,1050870,1052740
1176920,1145170,1052240,1062680,1053300,1053100,1059330,1049770,1051400
1167700,1141760,1137630,1061340,1051980,1051800,1066800,1048460,1050050
1158800,1058070,1135110,1060200,1050660,1050460,1065390,1046950,1048780
1086840,1143340,1141140,1067380,1049340,1049140,1064190,1054230,1047300
1171740,1139900,1055610,1066040,1048040,1047900,1063170,1053180,1046150
1171280,1136480,1141050,1064760,1046680,1046540,1061720,1051860,1044790
1162080,1061470,1138440,1063420,1054060,1045180,1060500,1050570,1052260
1090490,1146730,1135880,1062120,1052740,1052580,1058780,1048990,1050700
1175020,1143330,1050350,1060780,1051420,1051220,1066340,1047940,1049390
1165840,1139900,1135760,1068140,1050120,1049980,1065120,1046600,1048290
1157010,1056180,1141910,1066820,1048800,1048620,1063330,1053730,1046920
1093810,1141590,1139190,1065680,1047480,1047300,1062490,1052390,1045630
1178320,1138040,1053730,1064180,1054840,1045940,1061120,1051090,1052980
1169460,1143190,1139150,1062860,1053520,1044680,1059980,1049730,1051480
1160240,1059600,1136570,1061560,1052200,1051980,1066710,1048650,1050300
1088250,1144960,1133980,1060240,1050900,1050760,1065960,1047190,1048840
1173160,1141410,1057100,1067600,1049560,1049400,1064700,1054540,1047520
1164260,1137920,1142620,1066260,1048240,1048040,1062980,1053400,1046420
1163740,1054340,1140050,1064980,1046940,1046820,1061510,1052060,1044900
1091690,1148340,1137340,1063700,1054340,1045500,1060290,1050480,1052450
1176610,1144790,1051930,1062500,1053040,1052760,1067730,1049470,1051070
1167470,1141390,1137380,1061060,1051700,1051460,1066180,1047850,1049750
1158310,1057670,1134770,1059700,1050400,1050100,1064860,1046600,1048290
1086470,1143100,1140720,1067040,1049040,1048900,1063790,1053980,1046980
1171300,1139550,1055300,1065720,1047720,1047520,1062830,1052880,1045660
1170830,1136130,1140760,1064420,1055060,1046200,1061370,1051370,1044560
1162020,1061130,1138180,1063080,1053720,1044960,1060170,1050020,1051700
1090030,1146510,1135470,1061780,1052420,1052220,1067520,1048730,1050600
1174900,1142990,1050000,1060460,1051100,1050980,1065990,1047580,1049290
1165680,1139580,1135520,1067820,1049800,1049600,1064680,1054910,1047740
1156490,1055830,1141560,1066500,1048460,1048300,1063080,1053330,1046570
1093300,1141220,1138860,1065200,1047160,1046940,1062230,1052110,1045110
1178160,1137680,1053450,1063880,1054560,1045640,1060890,1050960,1052460
1168910,1142980,1138870,1062560,1053220,1053000,1059140,1049640,1051260
1159930,1059260,1136230,1061220,1051880,1051680,1066610,1048380,1050000
1087940,1144650,1133620,1060080,1050560,1050340,1065230,1046800,1048700
1172890,1141090,1056850,1067260,1049240,1049140,1064030,1054390,1047390
1163750,1137700,1142250,1065940,1047920,1047780,1062430,1052810,1046050
1163320,1053970,1139650,1064640,1046620,1046420,1061730,1051500,1044680
1091330,1147950,1137070,1063300,1053960,1045100,1059870,1050250,1052160
1176230,1144550,1051560,1062000,1052640,1052520,1067240,1048830,1050820
1167330,1141000,1136980,1060680,1051320,1051180,1066500,1047780,1049420
1158090,1057430,1134400,1068040,1049980,1049820,1065110,1046460,1048170
1086190,1142690,1140420,1066720,1048660,1048480,1063350,1053670,1046760
1179490,1139280,1055040,1065400,1047360,1047260,1062500,1052330,1045450
1170630,1135730,1140360,1064140,1054740,1045900,1061130,1051180,1052680
1161420,1060870,1137780,1062940,1053420,1053300,1059320,1049650,1051480
1089810,1146130,1135160,1061460,1052100,1051920,1066790,1048570,1050290
1174240,1142620,1049650,1060120,1050780,1050580,1065350,1047070,1048880
1165420,1139240,1143820,1067480,1049480,1049340,1064180,1054440,1047660
1156200,1055530,1141250,1066160,1048100,1047980,1063170,1053290,1046230
1093050,1140930,1138540,1064860,1046800,1046620,1061740,1051950,1044950
1177930,1146070,1053140,1063540,1054180,1045400,1060590,1050370,1052280
1168750,1142660,1138570,1062340,1052840,1052660,1058850,1049150,1051010
1159560,1058960,1135980,1060900,1051520,1051440,1066410,1048000,1049670
1087700,1144230,1133310,1068240,1050220,1050060,1065070,1046680,1048310
1172540,1140830,1056530,1066940,1048920,1048720,1063920,1053860,1046870
1163340,1137270,1141960,1065620,1047620,1047480,1062320,1052760,1045690
1162920,1053690,1139390,1064380,1055020,1046120,1061000,1051230,1044450
1091380,1147660,1136680,1063160,1053640,1044800,1059870,1049890,1051820
1175890,1144170,1051280,1061680,1052320,1052120,1067270,1048580,1050270
1166710,1140770,1136730,1060360,1051000,1050900,1065790,1047310,1048980
1158010,1057020,1134110,1067720,1049660,1049500,1064610,1054660,1047760
1085960,1142400,1140160,1066380,1048340,1048180,1062920,1053510,1046490
1179170,1138890,1054630,1065080,1047040,1046820,1062100,1051930,1045130
1170360,1135480,1140040,1063820,1054400,1045620,1060760,1050880,1052570
1161090,1060450,1137500,1062500,1053100,1052920,1059020,1049400,1051160
1089510,1145860,1134810,1061180,1051780,1051580,1066510,1048220,1049890
1174010,1142310,1049420,1059880,1050480,1050260,1065120,1046660,1048630
1164850,1138910,1143470,1067160,1049140,1048920,1063980,1054040,1047330
1156040,1055180,1140880,1065840,1047820,1047700,1062400,1052800,1046010
1092760,1140570,1138290,1064600,1055240,1046340,1061020,1051480,1044670
1177560,1145740,1052760,1063380,1053920,1045020,1059920,1050330,1051970
1168370,1142330,1138190,1061900,1052620,1052420,1067390,1048990,1050490
1159550,1058590,1135600,1060580,1051300,1051060,1065860,1047410,1049340
1087590,1143990,1133020,1067920,1049940,1049700,1064620,1054760,1048100
1172040,1140450,1056160,1066600,1048600,1048480,1063540,1053710,1046540
1171900,1137030,1141590,1065280,1047300,1047100,1061990,1052180,1045350
1162720,1053290,1139000,1063980,1054700,1045780,1060670,1050880,1052790
1090680,1147410,1136420,1062660,1053360,1053160,1059600,1049760,1051450
1175610,1143880,1050890,1061340,1052060,1051800,1067040,1048250,1050070
1166410,1140390,1136320,1060100,1050740,1050480,1065630,1046890,1048770
1157570,1056830,1142480,1067380,1049440,1049140,1064440,1054470,1047460
1085570,1142080,1139760,1066060,1048060,1047940,1062710,1053150,1046230
1178860,1138660,1054360,1064800,1046700,1046560,1061380,1051860,1044790
1170060,1143820,1139790,1063660,1054100,1045220,1060180,1050570,1052260
1160820,1060220,1137210,1062280,1052780,1052580,1067520,1049020,1050950
1089030,1145500,1134550,1060800,1051460,1051260,1065960,1047630,1049610
1173860,1141950,1049030,1068140,1050140,1049920,1064670,1046620,1048240
1164630,1138560,1143220,1066840,1048820,1048680,1063600,1053780,1046980
1155500,1054840,1140520,1065500,1047500,1047320,1062040,1052660,1045590
1092340,1140270,1137930,1064200,1054920,1045960,1060730,1051030,1052970
1177290,1145340,1052430,1062880,1053600,1044720,1059600,1049810,1051630
1168100,1141960,1137860,1061560,1052240,1052000,1067050,1048520,1050310
1158910,1058230,1135260,1060240,1050900,1050800,1065730,1047370,1048970
1086950,1143640,1141320,1067580,1049600,1049460,1064460,1054490,1047770
1171860,1140090,1055810,1066280,1048280,1048100,1062770,1053210,1046460
1171400,1136700,1141350,1064960,1046960,1046760,1061980,1052110,1045090
1162440,1061720,1138680,1063660,1054320,1045420,1060640,1050600,1052480
1090480,1146980,1136100,1062380,1053000,1052820,1058880,1049260,1051070
1175420,1143550,1050570,1061180,1051680,1051500,1066400,1048110,1049760
1166210,1140030,1135990,1059700,1050360,1050160,1065060,1046560,1048420
1157030,1056450,1142150,1067060,1049040,1048840,1063890,1053940,1047170
1085450,1141720,1139430,1065720,1047720,1047500,1062290,1052690,1045790
1178670,1138310,1054020,1064400,1055140,1046280,1060950,1051280,1044540
1169480,1143490,1139420,1063100,1053820,1044920,1059940,1050250,1051920
1160610,1059910,1136860,1061780,1052480,1052320,1067290,1048930,1050390
1088620,1145150,1134280,1060460,1051140,1050960,1065790,1047330,1049260
1173550,1141650,1048760,1067800,1049820,1049620,1064490,1054680,1047970
1164580,1138230,1142800,1066520,1048500,1048380,1063460,1053400,1046630
1164160,1054510,1140210,1065180,1047200,1047000,1061930,1052300,1045130
1092110,1139920,1137660,1063880,1054540,1045680,1060620,1050770,1052470
1176930,1145060,1052140,1062620,1053220,1053040,1059510,1049650,1051390
1167720,1141570,1137560,1061420,1051900,1051700,1066950,1048380,1049950
1158580,1057980,1135000,1059920,1050580,1050480,1065500,1046800,1048670
1087030,1143250,1141030,1067260,1049280,1049080,1064300,1054390,1047350
1171510,1139830,1055520,1065960,1047960,1047760,1062720,1052810,1046010
1171170,1136300,1140970,1064760,1046660,1046400,1061290,1051500,1044570
1162000,1061440,1138360,1063320,1054040,1045180,1060090,1050250,1052140
1090160,1146730,1135800,1062000,1052740,1052440,1067440,1048840,1050800
1175000,1143170,1050280,1060680,1051420,1051220,1065910,1047790,1049430
1165810,1139760,1135700,1068020,1050120,1049860,1064640,1046470,1048140
1157040,1056180,1141780,1066740,1048740,1048520,1063570,1053680,1046850
1085140,1141430,1139170,1065400,1047400,1047200,1061990,1052340,1045510
1178410,1137920,1053670,1064100,1054780,1045960,1060670,1051180,1052840
1169270,1143110,1139110,1062840,1053440,1053240,1059540,1049650,1051510
1160090,1059520,1136480,1061620,1052140,1052000,1067080,1048570,1050170
1088520,1144920,1133940,1060320,1050800,1050660,1065640,1047070,1048950
1172930,1141390,1057030,1067780,1049520,1049320,1064420,1054440,1047540
1164130,1137960,1142570,1066360,1048180,1048000,1062750,1053290,1046320
1163580,1054260,1139890,1064840,1046880,1046660,1061960,1051950,1045030
1091610,1148230,1137310,1063540,1054220,1045440,1060640,1050380,1052380
1176580,1144700,1051780,1062220,1052880,1052720,1058900,1049160,1050830
1167400,1141320,1137310,1060920,1051540,1051360,1066390,1048010,1049630
1158590,1057610,1134610,1068260,1050220,1050040,1065050,1046720,1048200
1086610,1143010,1140650,1066940,1048920,1048820,1063910,1053850,1047050
1179810,1139430,1055240,1065620,1047680,1047460,1062300,1052730,1045710
1170980,1136040,1140650,1064360,1054960,1046100,1061040,1051450,1044460
1161710,1060990,1138060,1063060,1053640,1044880,1059910,1050080,1051590
1089720,1146410,1135470,1061660,1052360,1052140,1067250,1048790,1050420
1174670,1142880,1049980,1060360,1051040,1050920,1065750,1047500,1049130
1165700,1139490,1135420,1067700,1049720,1049540,1064500,1054850,1047790
1156480,1055750,1141440,1066400,1048360,1048180,1063450,1053250,1046330
1093280,1141140,1138860,1065080,1047040,1046960,1061890,1052030,1045200
1178120,1146310,1053340,1063760,1054440,1045580,1060600,1050670,1052360
1168930,1142820,1138760,1062440,1053080,1053000,1059500,1049330,1051210
1160110,1059260,1136180,1061120,1051780,1051640,1066300,1048040,1049950
1088140,1144510,1133590,1059980,1050440,1050320,1065010,1046910,1048420
1172680,1140980,1056720,1067160,1049140,1048940,1063960,1054310,1047340
1163870,1137590,1142160,1065980,1047920,1047700,1062380,1052730,1046000
1163410,1053860,1139570,1064520,1055180,1046360,1061020,1051650,1044640
1091520,1147990,1137010,1063220,1053940,1045000,1059870,1050150,1051820
1176300,1144440,1051480,1061900,1052640,1052400,1067270,1048730,1050700
1167070,1141010,1136890,1060580,1051320,1051040,1066390,1047460,1049180
1157900,1057270,1134320,1067920,1050000,1049740,1064410,1046120,1048030
1086350,1142670,1140330,1066600,1048680,1048500,1063380,1053730,1046760
1179590,1139150,1054940,1065300,1047320,1047160,1061850,1052160,1045450
1170440,1135760,1140380,1063960,1054720,1045820,1060610,1050890,1052820
1161680,1060730,1137770,1062660,1053360,1053120,1059630,1049760,1051510
1089670,1146130,1135060,1061340,1052040,1051860,1067050,1048260,1050170
1174460,1142590,1049640,1060200,1050720,1050540,1065640,1046890,1048800
1165210,1139180,1143690,1067380,1049400,1049200,1064420,1054480,1047490
1156240,1055460,1141160,1066060,1048080,1047960,1062740,1053020,1046240
1093000,1140840,1138470,1064760,1046780,1046580,1061260,1051710,1044690
1177900,1145980,1053070,1063440,1054180,1045220,1060070,1050560,1052160
1168700,1142570,1138520,1062120,1052860,1052620,1067420,1048980,1050960
1159480,1058880,1135890,1060860,1051500,1051240,1066570,1047920,1049400
1087900,1144150,1133200,1068140,1050160,1050040,1065180,1046410,1048320
1172360,1140740,1056410,1066820,1048860,1048720,1063390,1053930,1046980
1163500,1137200,1141830,1065520,1047520,1047360,1062620,1052610,1045600
1163050,1053620,1139250,1064200,1054960,1046020,1061230,1051340,1052970
1091050,1147630,1136670,1063060,1053620,1044780,1059390,1049770,1051730
1175960,1144050,1051170,1061560,1052320,1052040,1066860,1048450,1050290
1166990,1140650,1136570,1060260,1051000,1050720,1065450,1047180,1048860
1157740,1057060,1142720,1067600,1049640,1049500,1064260,1054700,1047760
1085770,1142360,1140000,1066260,1048300,1048140,1063200,1053240,1046390
1179370,1138820,1054590,1064980,1046980,1046820,1061750,1051810,1045120
1170150,1144040,1140000,1063640,1054400,1045440,1060500,1050750,1052430
1161330,1060480,1137430,1062340,1053080,1052860,1059420,1049440,1051140
1089380,1145750,1134850,1061080,1051780,1051500,1066220,1048160,1049810
1173880,1142190,1049320,1059880,1050440,1050200,1065020,1046580,1048470
1165090,1138790,1143370,1067100,1049140,1048960,1063870,1053960,1047130
1155880,1055200,1140780,1065920,1047760,1047580,1062290,1052830,1045670
1092740,1140460,1138230,1064420,1055180,1046240,1060950,1051330,1044600
1177510,1145630,1052680,1063100,1053860,1045000,1059850,1049960,1051900
1168290,1142250,1138110,1061780,1052540,1052300,1067250,1048650,1050390
1159150,1058500,1135530,1060460,1051220,1050920,1065750,1047380,1049240
1087590,1143910,1132940,1067820,1049840,1049720,1064500,1054730,1047880
1172070,1140400,1056070,1066500,1048540,1048340,1063420,1053460,1046680
1171700,1136990,1141500,1065200,1047200,1046980,1061890,1052120,1045340
1162890,1053260,1138920,1063860,1054620,1045780,1060700,1050970,1052650
1090870,1147260,1136350,1062560,1053300,1053040,1059570,1049660,1051170
1175720,1143730,1050820,1061240,1051960,1051800,1066400,1048390,1049990
1166480,1140310,1136260,1060100,1050620,1050440,1065690,1046810,1048700
1157460,1056710,1142380,1067260,1049280,1049100,1063830,1054390,1047380
1085490,1141960,1139780,1065960,1047940,1047860,1062870,1052790,1046010
1178810,1138560,1054260,1064640,1046620,1046480,1061440,1051470,1044580
1170030,1143750,1139710,1063320,1054040,1045140,1060240,1050210,1052140
1160800,1060040,1137110,1062000,1052700,1052520,1067590,1049130,1050760
1088770,1145430,1134520,1060680,1051380,1051180,1066060,1047600,1049510
1173680,1141870,1048990,1068040,1050060,1049960,1064750,1046260,1048120
1164480,1138480,1143050,1066720,1048760,1048560,1063810,1053870,1046830
1164060,1054760,1140460,1065420,1047440,1047240,1062230,1052560,1045520
1092510,1140190,1137880,1064160,1054860,1046000,1060870,1050930,1052840
1176970,1145330,1052380,1062840,1053520,1044660,1059720,1049690,1051500
1168050,1141900,1137780,1061520,1052180,1051920,1067120,1048610,1050310
1158830,1058160,1135190,1060120,1050840,1050700,1065700,1047250,1048970
1087230,1143560,1141250,1067480,1049520,1049360,1064450,1054400,1047560
1171640,1140000,1055730,1066160,1048200,1048000,1062760,1053030,1046280
1171270,1136620,1141270,1064860,1046880,1046700,1061940,1051720,1045010
1162400,1061630,1138680,1063600,1054260,1045460,1060650,1050450,1052350
1090430,1146900,1135970,1062220,1052920,1052720,1058910,1049110,1051050
1175390,1143480,1050560,1060900,1051620,1051480,1066520,1047820,1049760
1166170,1140070,1135990,1068320,1050300,1050120,1065130,1046690,1048200
1157010,1056340,1142010,1067020,1048980,1048800,1063940,1053880,1047120
1085230,1141720,1139360,1065680,1047660,1047480,1062330,1052750,1045710
1178450,1138170,1053940,1064300,1055080,1046140,1060950,1051440,1044450
1169630,1143470,1139340,1063000,1053760,1044820,1059850,1049840,1051840
1160390,1059750,1136750,1061740,1052380,1052220,1067220,1048520,1050430
1088430,1145040,1134160,1060360,1051060,1050880,1065740,1047250,1049120
1173380,1141550,1048650,1067720,1049740,1049540,1064460,1054600,1047780
1164240,1138160,1142810,1066380,1048440,1048300,1063380,1053320,1046330
1163880,1054550,1140210,1065140,1047100,1046940,1061970,1051910,1045210
1091920,1148530,1137490,1063820,1054480,1045600,1060630,1050860,1052510
1176780,1144980,1052080,1062460,1053160,1052980,1059530,1049540,1051290
1167540,1141580,1137480,1061120,1051840,1051620,1066360,1048280,1049740
1158590,1057840,1134960,1059880,1050520,1050380,1065020,1046700,1048420
1086680,1143250,1140990,1067160,1049220,1049020,1063850,1054100,1047250
1171590,1139710,1055460,1065840,1047880,1047680,1062890,1052760,1045910
1171130,1136300,1140900,1064600,1046560,1046440,1061430,1051440,1044480
1161940,1061260,1138270,1063280,1053980,1045060,1060210,1050180,1051990
1090060,1146670,1135720,1061900,1052660,1052480,1067560,1048740,1050630
1174910,1143120,1050190,1060580,1051360,1051100,1066030,1047470,1049340
1165730,1139700,1135620,1067940,1050020,1049800,1064830,1046130,1048070
1156930,1055980,1141700,1066600,1048680,1048420,1063100,1053740,1046800
1093680,1141390,1139100,1065300,1047340,1047220,1062260,1052170,1045250
1178200,1137850,1053620,1063980,1054700,1045860,1060900,1050890,1052830
1169250,1143020,1139030,1062660,1053380,1053160,1059160,1049760,1051490
1160040,1059440,1136420,1061340,1052060,1051940,1066600,1048260,1050170
1088090,1144830,1133860,1060100,1050740,1050560,1065830,1046890,1048780
1173000,1141310,1056950,1067380,1049420,1049220,1063900,1054480,1047570
1164130,1137840,1142470,1066080,1048120,1047980,1062970,1053020,1046150
1163620,1054120,1139900,1064760,1046760,1046620,1061530,1051710,1044820
1091630,1148240,1137170,1063440,1054140,1045260,1060260,1050560,1052050
1176560,1144690,1051690,1062180,1052820,1052680,1067710,1049010,1050730
1167370,1141160,1137130,1061020,1051520,1051320,1066150,1047950,1049420
1158190,1057580,1134540,1059660,1050200,1049960,1064840,1046610,1048340
1086360,1142940,1140660,1066840,1048880,1048760,1063730,1053750,1046950
1171200,1139400,1055130,1065500,1047560,1047380,1062150,1052410,1045470
1170720,1135970,1140550,1064200,1054920,1046040,1060810,1051110,1044290
1161580,1060990,1137970,1062880,1053600,1044800,1059710,1049740,1051490
1089650,1146250,1135380,1061560,1052280,1052100,1067130,1048670,1050320
1174640,1142760,1049860,1060240,1050960,1050740,1065700,1047210,1048980
1165460,1139370,1143940,1067600,1049640,1049540,1064480,1054700,1047790
1156660,1055650,1141350,1066300,1048340,1048180,1062850,1053240,1046420
1093060,1141080,1138730,1065040,1047020,1046840,1062060,1051810,1045150
1177950,1146250,1053220,1063820,1054440,1045500,1060720,1050760,1052460
1169040,1142710,1138750,1062320,1053060,1052920,1058950,1049440,1051070
1159700,1059130,1136090,1061040,1051740,1051560,1066470,1048170,1049870
1088150,1144390,1133480,1059780,1050420,1050200,1065110,1046590,1048320
1172730,1140990,1056720,1067060,1049100,1048980,1063960,1053970,1047120
1163590,1137440,1142160,1065720,1047780,1047600,1062370,1052840,1045880
1163160,1053860,1139550,1064420,1055140,1046280,1061010,1051340,1044490
1091170,1147830,1136850,1063100,1053820,1044920,1059880,1049960,1051880
1176130,1144330,1051430,1061800,1052500,1052360,1067260,1048650,1050400
1166900,1140920,1136870,1060460,1051200,1050980,1065870,1047380,1049230
1158170,1057310,1134310,1067820,1049880,1049680,1064580,1054730,1047890
1086230,1142560,1140340,1066500,1048560,1048440,1063530,1053460,1046690
1179480,1139030,1054840,1065180,1047240,1047060,1061970,1052120,1045300
1170480,1135650,1140280,1063880,1054660,1045720,1060630,1050980,1052490
1161280,1060640,1137680,1062540,1053280,1053080,1059530,1049660,1051410
1089680,1145940,1134990,1061260,1051960,1051760,1067000,1048390,1050070
1174150,1142530,1049570,1060000,1050640,1050400,1065590,1046810,1048540
1165030,1139050,1143610,1067280,1049320,1049100,1064370,1054400,1047390
1156280,1055450,1141030,1065960,1047980,1047860,1062690,1052800,1046110
1093120,1140700,1138450,1064640,1046680,1046520,1061250,1051490,1044810
1177590,1145870,1052940,1063320,1054120,1045180,1060150,1050210,1052130
1168500,1142450,1138360,1062060,1052780,1052620,1067550,1049110,1050760
1159720,1058730,1135760,1060700,1051440,1051260,1066000,1047620,1049540
1087890,1144140,1133220,1068040,1050100,1049900,1064680,1054880,1048130
1172350,1140590,1056300,1066740,1048800,1048600,1063600,1053830,1046840
1163450,1137180,1141840,1065460,1047460,1047220,1062050,1052510,1045520
1162930,1053590,1139250,1064260,1054860,1046040,1060730,1050930,1052850
1090980,1147560,1136520,1062760,1053520,1044680,1059630,1049690,1051510
1175890,1144050,1051130,1061480,1052180,1051980,1067030,1048610,1050290
1166730,1140640,1136580,1060200,1050840,1050740,1065600,1047250,1048950
1157520,1056910,1142600,1067500,1049500,1049440,1064470,1054410,1047440
1085910,1142200,1140020,1066180,1048200,1048060,1062750,1053050,1046300
1179120,1138780,1054490,1064860,1046880,1046700,1061950,1051730,1045000
1169980,1143950,1139920,1063540,1054280,1045480,1060610,1050460,1052350
1161050,1060390,1137290,1062220,1052960,1052740,1058890,1049120,1051040
1089030,1145680,1134660,1060920,1051640,1051520,1066430,1047820,1049690
1173950,1142120,1049270,1068260,1050320,1050160,1065090,1046720,1048350
1164780,1138720,1143320,1066960,1049000,1048820,1063940,1053880,1046890
1155990,1055120,1140720,1065680,1047700,1047460,1062370,1052780,1045770
1092750,1140380,1138130,1064500,1055100,1046260,1061000,1051250,1044500
1177170,1145550,1052600,1063000,1053780,1044940,1059880,1049910,1051630
1168290,1142150,1138030,1061680,1052460,1052200,1067370,1048590,1050460
1159070,1058410,1135450,1060420,1051160,1050960,1065860,1047320,1049170
1087490,1143820,1132870,1067700,1049780,1049580,1064620,1054680,1047830
1171970,1140250,1056010,1066400,1048460,1048260,1062920,1053530,1046520
1171790,1136850,1141420,1065080,1047140,1046900,1062110,1051950,1045030
1162550,1053260,1138840,1063760,1054560,1045600,1060780,1050890,1052550
1090630,1147230,1136260,1062440,1053240,1052980,1059010,1049560,1051310
1175490,1143690,1050740,1061140,1051920,1051660,1066510,1048290,1049900
1166250,1140230,1136160,1059740,1050600,1050420,1065120,1046700,1048620
1157380,1056630,1142330,1067180,1049280,1049120,1063970,1054070,1047330
1085390,1141890,1139610,1065840,1047920,1047760,1062400,1052950,1046010
1178690,1138450,1054210,1064540,1046600,1046400,1061150,1051440,1044670
1169970,1143630,1139630,1063340,1053960,1045100,1059980,1050180,1051950
1160700,1060060,1137050,1061880,1052620,1052500,1067330,1048740,1050730
1088790,1145320,1134410,1060600,1051320,1051160,1065820,1047470,1049340
1173630,1141790,1048880,1067920,1050000,1049780,1064530,1046130,1048120
1164440,1138400,1143060,1066620,1048680,1048480,1063430,1053750,1046570
1164000,1054680,1140470,1065300,1047360,1047240,1061900,1052170,1045250
1092410,1140090,1137760,1063980,1054760,1045940,1060600,1050880,1052840
1176940,1145190,1052340,1062660,1053460,1053200,1059540,1049780,1051500
1168140,1141800,1137760,1061360,1052100,1051980,1066990,1048270,1050190
1158910,1058200,1135190,1059960,1050780,1050580,1065680,1046910,1048790
1086910,1143480,1141240,1067380,1049440,1049240,1064450,1054340,1047570
1171820,1139930,1055710,1066060,1048160,1048020,1062760,1052980,1046020
1171320,1136510,1141120,1064760,1046780,1046660,1061320,1051660,1044820
1162280,1061490,1138610,1063440,1054200,1045320,1060130,1050390,1052270
1090320,1146890,1135870,1062120,1052860,1052720,1067450,1048960,1050950
1175240,1143350,1050470,1060880,1051520,1051380,1066570,1047910,1049610
1166080,1139960,1135880,1068140,1050220,1050040,1065180,1046590,1048250
1156870,1056230,1141920,1066840,1048900,1048700,1063360,1053780,1046980
1085300,1141630,1139370,1065520,1047600,1047460,1062500,1052670,1045590
1178510,1138100,1053850,1064200,1055000,1046100,1061130,1051050,1052990
1169620,1143390,1139270,1062880,1053700,1044760,1060070,1049800,1051720
1160400,1059690,1136670,1061560,1052320,1052140,1066810,1048490,1050190
1088380,1144960,1134110,1060180,1051000,1050820,1066010,1047220,1049020
1173300,1141540,1057220,1067600,1049680,1049440,1064720,1054570,1047800
1164330,1138010,1142640,1066300,1048360,1048240,1063030,1053390,1046430
1163910,1054420,1140060,1064980,1047040,1046860,1061540,1052100,1045060
1091940,1148400,1137510,1063660,1054380,1045520,1060320,1050810,1052460
1176780,1144980,1051990,1062340,1053080,1052900,1067650,1049470,1050960
1167560,1141470,1137390,1061100,1051760,1051560,1066760,1048150,1049780
1158740,1057880,1134800,1059640,1050440,1050220,1065330,1046550,1048470
1086790,1143130,1140830,1067040,1049120,1049000,1064160,1053920,1047010
1171260,1139600,1055350,1065740,1047820,1047660,1062630,1052680,1045690
1171220,1136220,1140780,1064480,1055220,1046280,1061230,1051290,1044590
1161970,1061180,1138190,1063100,1053920,1044980,1060030,1050260,1051730
1090090,1146570,1135650,1061780,1052600,1052340,1067380,1048950,1050580
1174880,1143020,1050110,1060760,1051280,1051020,1065900,1047340,1049310
1165700,1139610,1135530,1068000,1049960,1049660,1064630,1054700,1047970
1156880,1055890,1141680,1066520,1048580,1048460,1063560,1053430,1046620
1093650,1141310,1138970,1065200,1047280,1047080,1061980,1052090,1045260
1178130,1137810,1053560,1063880,1054620,1045760,1060660,1051030,1052660
1169310,1142990,1139010,1062580,1053300,1053120,1059540,1049710,1051320
1160080,1059420,1136410,1061300,1051980,1051800,1067060,1048080,1050030
1088120,1144670,1133700,1059860,1050680,1050440,1065640,1046840,1048710
1172980,1141140,1056910,1067260,1049360,1049220,1063780,1054430,1047470
1163740,1137740,1142340,1065960,1048040,1047880,1062850,1053070,1046150
1163540,1054160,1139720,1064640,1046680,1046540,1061410,1051770,1044790
1091570,1148130,1137110,1063340,1054060,1045200,1060190,1050270,1052090
1176530,1144580,1051700,1062000,1052760,1052560,1067530,1048860,1050750
1167310,1141200,1137130,1060980,1051400,1051240,1066030,1047800,1049510
1158090,1057450,1134540,1068220,1050100,1050000,1064730,1046520,1048120
1086490,1142860,1140560,1066720,1048760,1048660,1063660,1053650,1046850
1179730,1139310,1055050,1065420,1047460,1047300,1062100,1052310,1045550
1170830,1135890,1140460,1064080,1054860,1045940,1060880,1051010,1052880
1161560,1060880,1137890,1062800,1053540,1044700,1059760,1049880,1051540
1089680,1146270,1135300,1061540,1052200,1051980,1067130,1048380,1050080
1174630,1142720,1049790,1060420,1050900,1050780,1065670,1047010,1048980
1165280,1139310,1143860,1067660,1049580,1049380,1064430,1054600,1047590
1156450,1055580,1141270,1066180,1048220,1048060,1062760,1053140,1046350
1093180,1140980,1138700,1064860,1046920,1046720,1061960,1051710,1044940
1178070,1146150,1053140,1063600,1054280,1045520,1060650,1050440,1052290
1168820,1142660,1138690,1062300,1052980,1052780,1058910,1049100,1050970
1159640,1059100,1136100,1061180,1051660,1051460,1066390,1047810,1049660
1087760,1144370,1133380,1068440,1050360,1050120,1065050,1046560,1048460
1172720,1140810,1056610,1066940,1049020,1048900,1064000,1054060,1047050
1163580,1137430,1142010,1065700,1047740,1047540,1062420,1052740,1045830
1163130,1053700,1139400,1064300,1055080,1046180,1061080,1051240,1044380
1091300,1147710,1136860,1063020,1053760,1044960,1059930,1049850,1051780
1176140,1144310,1051330,1061740,1052440,1052220,1067280,1048520,1050490
1166920,1140760,1136750,1060660,1051080,1051000,1065780,1047250,1049180
1157780,1057180,1134170,1067900,1049760,1049620,1064480,1054610,1047830
1085840,1142480,1140170,1066380,1048440,1048320,1063450,1053340,1046470
1179560,1138950,1054770,1065080,1047140,1046940,1061900,1051950,1045040
1170350,1135560,1140200,1063760,1054520,1045720,1060610,1050900,1052550
1161520,1060550,1137600,1062460,1053200,1053000,1059630,1049560,1051290
1089500,1145850,1134910,1061400,1051880,1051680,1066400,1048290,1049760
1174330,1142450,1049480,1059780,1050600,1050460,1065060,1046710,1048580
1165060,1138900,1143540,1067160,1049260,1049060,1063880,1054090,1047290
1156080,1055320,1141000,1065860,1047940,1047740,1062930,1052960,1045950
1092840,1140580,1138410,1064540,1046620,1046500,1061470,1051460,1044610
1177700,1145760,1052890,1063240,1054020,1045160,1060220,1050190,1052070
1168510,1142360,1138290,1061920,1052720,1052420,1067570,1048750,1050690
1159310,1058770,1135710,1060860,1051340,1051220,1066000,1047480,1049420
1087750,1144020,1133120,1068120,1050040,1049840,1064680,1046140,1048010
1172210,1140520,1056220,1066620,1048700,1048460,1063600,1053750,1046570
1163150,1137130,1141780,1065300,1047400,1047280,1062120,1052170,1045260
1162700,1053380,1139080,1063980,1054800,1045880,1060780,1050880,1052850
1090780,1147510,1136480,1062680,1053500,1053300,1059680,1049640,1051530
1175780,1143970,1050990,1061620,1052180,1051980,1067100,1048220,1050170
1166790,1140560,1136430,1060340,1050860,1050640,1065660,1047190,1048800
1157570,1056850,1142490,1067380,1049500,1049260,1064460,1054330,1047560
1085540,1142250,1139920,1066080,1048160,1047960,1062740,1052990,1046030
1179190,1138710,1054390,1064820,1046860,1046620,1061310,1051670,1044860
1169990,1143900,1139810,1063600,1054260,1045420,1060110,1050410,1052300
1160820,1060180,1137230,1062140,1052940,1052680,1067460,1048970,1050750
1089290,1145610,1134650,1061080,1051620,1051320,1066570,1047910,1049660
1173780,1142030,1049140,1068160,1050320,1050120,1065280,1046590,1048300
1164730,1138630,1143210,1066960,1049000,1048760,1063470,1053780,1046960
1155580,1055040,1140630,1065520,1047640,1047420,1062580,1052680,1045480
1092510,1140300,1138080,1064200,1055020,1046100,1061190,1051050,1044280
1177310,1145470,1052520,1062900,1053700,1044860,1059990,1049810,1051630
1168130,1142060,1137950,1061860,1052400,1052160,1067370,1048490,1050200
1159320,1058350,1135370,1060520,1051080,1050840,1065830,1047370,1049000
1087360,1143750,1132790,1067780,1049720,1049480,1064540,1054530,1047800
1171880,1140240,1055920,1066280,1048380,1048240,1062840,1053260,1046460
1171550,1136830,1141350,1064980,1047080,1046900,1062050,1051820,1045120
1162360,1061850,1138760,1063660,1054480,1045560,1060830,1050790,1052410
1090810,1147100,1136190,1062360,1053180,1052980,1059060,1049310,1051140
1175280,1143570,1050660,1061300,1051840,1051600,1066560,1048140,1049790
1166230,1140180,1136080,1068560,1050540,1050280,1065150,1046600,1048450
1157270,1056460,1142170,1067060,1049220,1048920,1064000,1053970,1047200
1085310,1141890,1139590,1065760,1047840,1047720,1062420,1052850,1045820
1178620,1138340,1054060,1064420,1055260,1046340,1061080,1051370,1044550
1169870,1143520,1139490,1063100,1053880,1044980,1059950,1050030,1051970
1160640,1059930,1136900,1062080,1052560,1052380,1067330,1048720,1050610
1088610,1145220,1134330,1060740,1051240,1051020,1065820,1047440,1049220
1173510,1141800,1048800,1068000,1049940,1049800,1064550,1054670,1047810
1164310,1138370,1142980,1066500,1048600,1048480,1063590,1053410,1046610
1163910,1054650,1140390,1065200,1047280,1047140,1062010,1052300,1045390
1092350,1140030,1137680,1063880,1054640,1045760,1060670,1050820,1052740
1176840,1145190,1052310,1062580,1053340,1053180,1059590,1049720,1051430
1167890,1141770,1137630,1061520,1051980,1051800,1067040,1048100,1050070
1158690,1058060,1135030,1060220,1050660,1050500,1065630,1047070,1048760
1087100,1143460,1141090,1067280,1049340,1049140,1063790,1054410,1047450
1171600,1139920,1055570,1065960,1048020,1047960,1062830,1052810,1046060
1171210,1136420,1141130,1064640,1046820,1046560,1061370,1051490,1044750
1162400,1061410,1138440,1063320,1054060,1045220,1060170,1050250,1052200
1090440,1146820,1135870,1062300,1052840,1052660,1067530,1049140,1050640
1174880,1143270,1050330,1060980,1051520,1051300,1066090,1047610,1049560
1166150,1139870,1135760,1068280,1050220,1049940,1064750,1046280,1048130
1156890,1056130,1141910,1066900,1048900,1048620,1063660,1053890,1046830
1093810,1141540,1139240,1065420,1047580,1047400,1062110,1052550,1045520
1178560,1137980,1053710,1064100,1054940,1046020,1060770,1051230,1052850
1169350,1143280,1139260,1062780,1053600,1044680,1059670,1049660,1051530
1160540,1059540,1136670,1061740,1052260,1052060,1067040,1048580,1050330
1088570,1144960,1133940,1060440,1050920,1050700,1065630,1047120,1048960
1173090,1141450,1057160,1067500,1049620,1049480,1064410,1054470,1047600
1164320,1137920,1142600,1066180,1048280,1048100,1062720,1053320,1046350
1163930,1054340,1139990,1064880,1046980,1046780,1062020,1051970,1044820
1091930,1148320,1137430,1063620,1054340,1045420,1060700,1050390,1052320
1176740,1144790,1051900,1062520,1053020,1052820,1058940,1049170,1051000
1167490,1141390,1137320,1061200,1051700,1051460,1066430,1048020,1049660
1158520,1057810,1134810,1068420,1050380,1050260,1065110,1046710,1048230
1086520,1143050,1140740,1066940,1049060,1048880,1063930,1053890,1047100
1171430,1139540,1055340,1065620,1047740,1047540,1062330,1052790,1045600
1170970,1136150,1140770,1064340,1055160,1046300,1060940,1051260,1053140
1161770,1061150,1138190,1063060,1053840,1044980,1059840,1049930,1051870
1090180,1146420,1135490,1061620,1052480,1052260,1067240,1048610,1050430
1174680,1143020,1050070,1060660,1051140,1050940,1065730,1047340,1049140
1165810,1139470,1135450,1067720,1049840,1049600,1064590,1054690,1047830
1156570,1055880,1141600,1066400,1048520,1048380,1063530,1053540,1046360
1093360,1141150,1138870,1065260,1047200,1047020,1061980,1051960,1045210
1178270,1137730,1053420,1063760,1054560,1045680,1060660,1050900,1052510
1168910,1142900,1138840,1062720,1053220,1053060,1059560,1049560,1051290
1160100,1059300,1136250,1061420,1051920,1051700,1066360,1048290,1050000
1088130,1144560,1133710,1059760,1050600,1050480,1065070,1046710,1048680
1173000,1141170,1056790,1067180,1049280,1049100,1063890,1054090,1047250
1163760,1137670,1142310,1065840,1047960,1047760,1062960,1052720,1046050
1163280,1053950,1139740,1064560,1046660,1046420,1061520,1051650,1044700
1091720,1148070,1137030,1063220,1054060,1045200,1060250,1050190,1051990
1176250,1144530,1051620,1062200,1052760,1052480,1067700,1048750,1050530
1167420,1141000,1137070,1060600,1051420,1051160,1066150,1047490,1049390
1158160,1057420,1134470,1067940,1050120,1049940,1064810,1046150,1048120
1086280,1142820,1140450,1066620,1048740,1048560,1063730,1053760,1046580
1179850,1139290,1054920,1065300,1047420,1047220,1062170,1052180,1045500
1170600,1135850,1140470,1064000,1054780,1045980,1060840,1050890,1052830
1161430,1060840,1137880,1062940,1053440,1053240,1059710,1049640,1051510
1089490,1146130,1135150,1061640,1052140,1051900,1067130,1048230,1050120
1174440,1142640,1049680,1060000,1050820,1050580,1065720,1047200,1048670
1165270,1139230,1143850,1067400,1049520,1049360,1064450,1054330,1047520
1156500,1055510,1141260,1066060,1048180,1048000,1062880,1052990,1046270
1093240,1140920,1138560,1064780,1046880,1046680,1061410,1051680,1044840
1177690,1146090,1053140,1063460,1054280,1045340,1060190,1050410,1052310
1168860,1142540,1138550,1062400,1052940,1052760,1067560,1048970,1050750
1159560,1058960,1135920,1061080,1051600,1051400,1066030,1047920,1049680
1087980,1144260,1133300,1068140,1050260,1050100,1064720,1046600,1048340
1172460,1140830,1056550,1066840,1048960,1048740,1063660,1053790,1046970
1163640,1137280,1141950,1065520,1047640,1047520,1062110,1052690,1045650
1163180,1053700,1139340,1064220,1055020,1046180,1060770,1051070,1044410
1091180,1147670,1136760,1063160,1053680,1044800,1059670,1049820,1051520
1176020,1144140,1051250,1061860,1052360,1052200,1067040,1048500,1050370
1166840,1140750,1136650,1060560,1051040,1050840,1065730,1047370,1049050
1158020,1057160,1134090,1067640,1049740,1049540,1064460,1054530,1047740
1086040,1142430,1140110,1066360,1048420,1048280,1063410,1053260,1046400
1179330,1138880,1054640,1065140,1047100,1046980,1061890,1051830,1045130
1170370,1144170,1140060,1063680,1054500,1045600,1060600,1050800,1052290
1161180,1060470,1137460,1062620,1053140,1053020,1059500,1049310,1051170
1089270,1145890,1134890,1061320,1051820,1051660,1066300,1048140,1049830
1174120,1142350,1049340,1068380,1050500,1050300,1065010,1046610,1048490
1164940,1138850,1143490,1067060,1049180,1048960,1063840,1053980,1047270
1156130,1055290,1140920,1065740,1047820,1047700,1062880,1052860,1045950
1092870,1140570,1138340,1064440,1055220,1046380,1061440,1051350,1044600
1177390,1145720,1052820,1063380,1053900,1045020,1059700,1049990,1051980
1168600,1142300,1138210,1062120,1052600,1052460,1067100,1048670,1050590
1159330,1058610,1135610,1060780,1051260,1051080,1065660,1047410,1049300
1087500,1143910,1132990,1067840,1049960,1049760,1064470,1054750,1047980
1172340,1140480,1056200,1066580,1048640,1048400,1063410,1053480,1046640
1171840,1137070,1141630,1065360,1047320,1047200,1061910,1052140,1045300
1162620,1053350,1139060,1063900,1054740,1045820,1060600,1050990,1052630
1091070,1147310,1136370,1062840,1053360,1053220,1059530,1049680,1051390
1175570,1143920,1050970,1061540,1052040,1051860,1067000,1048410,1049880
1166400,1140380,1136390,1059980,1050680,1050520,1065590,1046830,1048800
1157680,1056820,1142430,1067280,1049380,1049300,1064460,1054440,1047490
1085650,1142080,1139840,1065960,1048060,1047900,1062740,1053080,1046100
1178860,1138570,1054310,1064640,1046760,1046600,1061310,1051790,1044810
1170060,1143870,1139750,1063620,1054120,1045220,1060090,1050500,1052120
1161110,1060140,1137140,1062280,1052820,1052640,1067440,1048970,1050760
1089120,1145530,1134510,1061000,1051500,1051280,1065930,1047600,1049520
1173660,1141980,1049110,1068060,1050180,1049960,1064640,1046260,1048130
1164850,1138580,1143160,1066800,1048860,1048640,1063560,1053870,1046840
1155630,1054850,1140570,1065580,1047500,1047420,1061980,1052390,1045500
1092400,1140250,1137980,1064120,1054900,1046060,1060690,1051210,1052730
1177190,1145430,1052450,1063060,1053540,1044700,1059530,1049660,1051580
1168010,1142020,1137870,1061760,1052340,1052080,1067070,1048580,1050270
1159200,1058260,1135290,1060200,1051020,1050740,1065640,1047120,1048780
1087210,1143670,1141320,1067500,1049660,1049520,1064440,1054470,1047660
1171730,1140120,1055910,1066180,1048320,1048160,1062770,1053320,1046390
1171590,1136720,1141340,1064860,1047000,1046820,1061980,1051980,1044960
1162360,1061710,1138760,1063840,1054420,1045460,1060660,1050410,1052310
1090400,1147090,1136060,1062520,1053080,1052840,1058900,1049180,1051000
1175280,1143570,1050560,1061220,1051780,1051500,1066440,1048060,1049670
1166380,1140060,1136100,1068280,1050460,1050240,1065100,1046720,1048470
1157140,1056500,1142130,1067040,1049160,1048920,1063950,1053910,1047140
1085150,1141790,1139550,1065800,1047780,1047580,1062370,1052800,1045720
1178830,1138230,1054020,1064320,1055180,1046260,1061100,1051260,1044450
1169650,1143520,1139480,1063340,1053820,1044900,1059950,1049920,1051850
1160480,1059780,1136900,1061960,1052500,1052320,1067340,1048610,1050560
1088600,1145190,1134220,1060420,1051180,1050940,1065810,1047340,1049000
1173470,1141630,1048700,1067720,1049840,1049740,1064540,1054690,1047810
1164290,1138240,1142870,1066400,1048540,1048360,1063470,1053540,1046370
1163850,1054520,1140300,1065080,1047220,1047020,1061910,1051960,1045290
1091940,1139950,1137580,1064060,1054640,1045780,1060620,1050910,1052550
1176880,1145030,1052190,1062740,1053320,1053040,1059540,1049430,1051300
1167750,1141640,1137590,1061440,1051960,1051720,1066350,1048020,1049910
1158560,1058040,1134980,1059780,1050620,1050500,1065100,1046770,1048620
1086990,1143320,1141010,1067160,1049320,1049160,1063910,1054050,1047300
1171480,1139760,1055490,1065860,1048000,1047780,1062950,1052810,1045990
1171130,1136370,1141040,1064540,1046680,1046480,1061470,1051660,1044620
1162170,1061390,1138370,1063500,1054040,1045140,1060250,1050190,1052090
1090180,1146660,1135790,1062180,1052700,1052520,1067590,1048760,1050700
1175090,1143240,1050250,1060640,1051400,1051200,1066080,1047700,1049460
1165920,1139710,1135690,1067940,1050080,1049960,1064810,1055080,1047910
1156720,1056130,1141840,1066640,1048760,1048580,1063740,1053790,1046590
1085140,1141390,1139130,1065300,1047440,1047240,1062130,1052450,1045420
1178350,1137990,1053720,1064260,1054860,1046020,1060820,1051130,1052770
1169460,1143170,1139150,1062960,1053540,1044660,1059840,1049530,1051460
1160220,1059590,1136570,1061640,1052200,1051940,1066570,1048330,1050000
1088310,1144840,1133860,1060000,1050860,1050720,1065780,1046970,1048840
1173220,1141310,1057110,1067380,1049540,1049380,1064490,1054560,1047350
1164260,1137920,1142530,1066100,1048220,1048040,1062810,1053200,1046180
1163850,1054180,1139910,1064760,1046900,1046680,1061330,1051900,1044940
1091810,1148290,1137350,1063720,1054260,1045460,1060130,1050300,1052290
1176620,1144740,1051820,1062400,1052940,1052720,1067480,1049070,1051000
1167410,1141250,1137240,1060860,1051620,1051500,1066560,1047920,1049660
1158240,1057670,1134650,1068220,1050300,1050140,1065180,1046610,1048350
1086680,1142940,1140680,1066840,1049000,1048820,1063980,1053790,1046950
1171220,1139520,1055200,1065520,1047660,1047440,1062470,1052690,1045730
1170840,1135990,1140620,1064540,1055100,1046240,1061130,1051070,1044320
1162010,1061000,1138030,1063180,1053760,1044860,1059960,1049820,1051650
1090170,1146410,1135490,1061860,1052420,1052280,1067310,1048530,1050220
1174620,1142870,1049960,1060220,1051080,1050900,1065810,1047400,1048890
1165790,1139460,1135390,1067600,1049760,1049540,1064540,1054520,1047580
1156520,1055740,1141440,1066320,1048420,1048220,1063440,1053250,1046500
1093310,1141150,1138870,1065000,1047080,1047000,1061910,1051840,1045110
1178190,1146350,1053350,1063940,1054480,1045660,1060620,1050780,1052290
1168980,1142780,1138800,1062620,1053160,1052960,1058920,1049470,1051190
1159780,1059200,1136180,1061080,1051860,1051620,1066520,1047880,1049660
1088220,1144590,1133620,1059760,1050520,1050400,1065160,1046640,1048490
1172630,1141070,1056710,1067060,1049240,1049040,1064010,1054010,1047150
1163810,1137640,1142260,1065760,1047900,1047700,1062410,1052910,1045930
1163260,1053950,1139600,1064700,1046540,1046440,1061040,1051380,1044570
1091270,1147920,1137000,1063400,1053940,1045080,1059920,1050040,1051970
1176270,1144380,1051490,1062100,1052600,1052480,1067250,1048720,1050630
1167100,1140990,1136930,1060440,1051260,1051120,1065760,1047460,1049240
1158270,1057280,1134350,1067840,1049940,1049800,1064470,1054690,1048040
1086220,1142700,1140360,1066520,1048640,1048440,1063400,1053420,1046480
1179420,1139150,1054850,1065260,1047320,1047220,1061890,1052320,1045310
1170610,1135730,1140380,1064160,1054700,1045880,1060720,1050840,1052750
1161350,1060730,1137810,1062860,1053380,1053180,1059620,1049740,1051440
1089770,1146120,1135080,1061300,1052080,1051960,1067040,1048110,1050070
1174280,1142590,1049610,1059960,1050760,1050580,1065600,1047080,1048810
1165310,1139060,1143790,1067280,1049420,1049220,1064370,1054420,1047440
1156100,1055480,1141170,1065980,1048080,1048000,1062650,1052820,1046100
1092920,1140840,1138480,1064920,1046760,1046640,1061240,1051530,1044760
1177750,1146010,1053050,1063620,1054160,1045300,1060040,1050260,1052210
1168540,1142500,1138510,1062320,1052840,1052720,1067400,1049160,1050820
1159770,1058930,1135920,1060740,1051520,1051360,1066510,1047630,1049350
1087780,1144210,1133210,1068060,1050200,1049980,1065150,1046290,1048030
1172650,1140650,1056460,1066740,1048900,1048780,1063450,1053900,1046900
1163520,1137270,1141870,1065540,1047580,1047400,1062540,1052540,1045600
1163110,1053540,1139280,1064380,1054940,1046060,1061180,1051270,1052950
1091200,1147670,1136620,1062760,1053620,1044720,1059360,1049690,1051630
1175990,1144130,1051190,1061520,1052280,1052100,1066830,1048620,1050290
1166760,1140710,1136610,1060200,1050940,1050780,1065400,1047110,1048930
1157950,1056990,1142650,1067500,1049620,1049440,1064210,1054470,1047710
1085990,1142380,1140080,1066180,1048320,1048120,1063180,1053320,1046300
1179220,1138870,1054550,1065160,1046980,1046900,1061720,1051990,1045010
1170420,1144030,1139980,1063820,1054380,1045540,1060480,1050410,1052380
1161170,1060440,1137380,1062540,1053060,1052940,1058850,1049190,1051090
1089180,1145690,1134820,1060960,1051760,1051580,1066400,1048040,1049800
1174030,1142290,1049260,1068280,1050440,1050220,1065060,1046720,1048460
1164800,1138850,1143430,1066960,1049120,1049000,1063910,1053910,1047100
1155820,1055130,1140780,1065720,1047800,1047620,1062310,1052810,1045840
1092610,1140520,1138170,1064260,1055160,1046300,1060970,1051280,1044430
1177520,1145690,1052760,1063300,1053840,1044940,1059840,1049940,1051830
1168350,1142160,1138210,1061740,1052520,1052320,1067220,1048620,1050320
1159150,1058590,1135590,1060380,1051200,1050980,1065760,1047360,1049130
1087560,1143830,1132890,1067720,1049880,1049720,1064500,1054700,1047690
1171980,1140420,1056090,1066400,1048580,1048400,1063450,1053580,1046400
1171920,1136990,1141520,1065380,1047260,1047040,1061990,1052010,1045060
1162700,1053270,1138940,1064040,1054680,1045740,1060680,1050630,1052600
1090750,1147230,1136360,1062760,1053340,1053100,1059600,1049620,1051100
1175650,1143830,1050850,1061180,1052040,1051760,1066400,1048000,1049920
1166670,1140300,1136270,1059880,1050720,1050420,1065060,1046750,1048660
1157410,1056700,1142400,1067120,1049340,1049200,1063890,1054130,1047340
1085470,1141960,1139700,1065800,1048020,1047840,1062930,1052790,1046000
1179090,1138560,1054200,1064780,1046700,1046480,1061470,1051470,1044680
1169840,1143780,1139760,1063440,1054120,1045280,1060250,1050200,1051860
1161030,1060050,1137060,1061920,1052800,1052540,1067600,1048790,1050760
1089070,1145460,1134440,1060540,1051500,1051200,1066050,1047740,1049370
1173530,1141910,1049040,1067900,1050160,1049980,1064850,1055070,1048150
1164720,1138490,1143080,1066620,1048860,1048680,1063740,1053490,1046600
1155520,1054750,1140490,1065560,1047480,1047320,1062160,1052470,1045280
1092440,1140170,1137830,1064220,1054880,1045980,1060830,1050850,1052870
1177220,1145340,1052420,1062940,1053520,1053400,1059700,1049600,1051510
1168020,1141930,1137840,1061320,1052180,1052000,1067100,1048530,1050170
1158830,1058210,1135280,1060080,1050880,1050680,1065660,1047160,1048690
1086900,1143600,1141300,1067340,1049560,1049440,1064470,1054320,1047540
1171900,1140080,1055760,1066020,1048260,1048080,1062750,1052960,1046270
1171540,1136570,1141190,1065020,1046920,1046720,1061310,1051640,1044740
1162330,1061680,1138600,1063660,1054340,1045500,1060210,1050380,1052080
1090320,1146960,1136040,1062140,1053020,1052760,1067590,1049270,1050760
1175210,1143410,1050510,1060760,1051720,1051400,1066030,1047740,1049690
1166310,1139990,1135940,1068120,1050400,1050180,1064720,1046400,1048350
1156970,1056390,1142040,1066800,1049060,1048820,1063650,1054020,1046960
1085400,1141640,1139440,1065780,1047720,1047480,1062100,1052680,1045740
1178650,1138240,1053920,1064440,1055100,1046220,1060780,1051350,1044190
1169520,1143420,1139330,1063140,1053760,1044900,1059660,1049750,1051660
1160350,1059720,1136740,1061540,1052420,1052300,1067060,1048440,1050220
1088770,1145100,1134180,1060240,1051100,1050980,1065620,1047170,1049020
1173260,1141550,1048650,1067560,1049780,1049600,1064430,1054520,1047760
1164410,1138130,1142830,1066240,1048480,1048280,1063490,1053250,1046490
1163890,1054570,1140240,1065240,1047120,1046920,1061910,1051840,1045130
1091960,1148540,1137500,1063900,1054520,1045700,1060620,1050790,1052310
1176930,1144980,1052150,1062380,1053180,1052960,1058900,1049470,1051170
1167660,1141580,1137470,1060980,1051820,1051740,1066420,1047890,1049910
1158520,1057840,1134880,1059700,1050520,1050380,1065080,1046650,1048500
1086600,1143240,1140920,1067020,1049200,1049020,1063910,1054020,1047040
1171470,1139690,1055500,1065980,1047900,1047800,1062300,1052920,1045960
1171050,1136340,1140900,1064660,1046660,1046480,1060960,1051390,1044600
1162260,1061320,1138330,1063360,1053920,1045180,1059810,1050050,1051910
1090260,1146580,1135740,1061760,1052700,1052460,1067210,1048730,1050630
1174730,1143150,1050220,1060460,1051400,1051140,1065840,1047460,1049130
1165980,1139720,1135640,1067840,1050020,1049880,1064550,1054690,1047950
1156770,1055970,1141670,1066460,1048700,1048500,1063470,1053420,1046640
1093640,1141380,1139120,1065460,1047380,1047180,1061920,1052080,1045180
1178430,1137860,1053560,1064120,1054780,1045940,1060600,1051030,1052530
1169190,1143150,1139090,1062580,1053480,1053220,1059500,1049550,1051440
1160040,1059450,1136510,1061200,1052100,1051980,1066950,1048140,1050060
1088120,1144720,1133780,1059920,1050780,1050600,1065490,1047110,1048760
1173120,1141220,1057010,1067240,1049460,1049260,1064290,1054240,1047450
1163930,1137840,1142450,1066220,1048160,1047920,1062620,1052900,1046180
1163490,1054110,1139840,1064880,1046800,1046680,1061340,1051560,1044820
1091530,1148210,1137280,1063580,1054200,1045340,1060120,1050300,1052120
1176420,1144670,1051740,1061980,1052840,1052740,1067470,1048870,1050660
1167520,1141230,1137170,1060700,1051520,1051420,1065970,1047820,1049460
1158190,1057520,1134650,1068000,1050200,1050060,1064700,1046500,1048220
1086630,1142940,1140670,1066680,1048980,1048700,1063620,1053690,1046950
1179870,1139390,1055140,1065660,1047660,1047480,1062070,1052370,1045400
1170780,1135990,1140590,1064340,1054920,1046100,1060730,1051220,1044230
1161580,1060990,1137970,1062800,1053640,1044780,1059600,1049680,1051670
1090020,1146260,1135410,1061420,1052320,1052160,1067050,1048590,1050300
1174480,1142870,1049880,1060140,1051020,1050840,1065640,1047140,1048980
1165430,1139300,1135310,1067460,1049660,1049460,1064520,1054490,1047720
1156650,1055720,1141380,1066440,1048360,1048240,1062790,1053340,1046300
1093070,1140990,1138790,1065100,1047020,1046880,1061970,1052000,1045010
1178050,1146170,1053310,1063800,1054400,1045520,1060630,1050420,1052360
1169060,1142780,1138730,1062200,1053100,1052920,1058880,1049200,1051050
1159830,1059060,1136100,1060920,1051760,1051580,1066400,1048040,1049710
1087780,1144490,1133540,1068220,1050460,1050260,1065060,1046720,1048250
1172730,1140920,1056660,1066920,1049140,1048940,1063890,1053910,1047150
1163510,1137440,1142090,1065880,1047840,1047600,1062310,1052810,1045760
1163140,1053860,1139520,1064560,1055240,1046400,1060950,1051280,1044520
1091570,1147860,1136930,1063020,1053920,1045080,1059850,1049940,1051770
1176060,1144310,1051420,1061640,1052600,1052340,1067340,1048620,1050510
1166980,1140920,1136850,1060420,1051300,1051020,1065840,1047360,1049160
1158190,1057190,1134230,1067660,1049980,1049800,1064550,1054710,1047840
1086360,1142600,1140330,1066660,1048600,1048460,1063490,1053560,1046500
1179500,1139060,1054800,1065320,1047280,1047100,1061930,1051980,1045280
1170600,1135650,1140230,1064020,1054640,1045760,1060610,1050930,1052540
1161320,1060640,1137660,1062420,1053320,1053160,1059510,1049420,1051290
1089330,1146030,1135070,1061140,1052000,1051820,1066960,1048020,1050020
1174290,1142520,1049550,1059780,1050680,1050460,1065520,1046780,1048590
1165140,1139100,1143620,1067300,1049360,1049200,1063710,1054060,1047320
1156350,1055370,1141040,1066040,1048060,1047880,1062870,1052810,1046010
1093090,1140760,1138420,1064740,1046700,1046540,1061430,1051520,1044640
1177560,1145910,1052910,1063240,1054100,1045200,1060190,1050370,1051870
1168500,1142500,1138440,1062080,1052780,1052580,1067560,1049030,1050770
1159540,1058780,1135790,1060820,1051440,1051240,1066010,1047460,1049360
1087500,1144180,1133200,1068040,1050140,1049920,1064740,1046450,1048090
1172420,1140620,1056330,1066820,1048820,1048700,1063660,1053610,1046820
1163280,1137200,1141760,1065480,1047500,1047320,1062110,1052270,1045520
1162850,1053480,1139170,1064180,1054860,1045960,1060760,1051130,1052880
1090860,1147470,1136600,1062920,1053540,1044720,1059660,1049570,1051320
1175770,1144050,1051050,1061360,1052220,1052000,1067060,1048350,1050030
1166890,1140630,1136590,1060000,1050920,1050800,1065720,1046980,1048690
1157630,1056870,1142630,1067520,1049600,1049420,1064470,1054560,1047540
1085660,1142270,1140040,1066260,1048280,1048080,1062750,1053060,1046060
1179380,1138710,1054530,1064940,1046960,1046760,1061320,1051740,1044860
1170090,1144010,1139950,1063680,1054360,1045440,1060150,1050590,1052260
1160940,1060310,1137340,1062320,1053060,1052840,1067520,1049010,1050970
1089340,1145730,1134750,1061040,1051740,1051500,1066610,1047960,1049630
1173760,1142190,1049240,1068260,1050420,1050160,1065200,1046480,1048290
1164950,1138700,1143400,1067040,1049060,1048920,1063410,1053970,1046820
1155710,1055140,1140800,1065720,1047740,1047560,1062540,1052660,1045680
1092530,1140390,1138070,1064400,1055080,1046200,1061180,1051390,1044430
1177440,1145550,1052680,1063140,1053780,1044960,1060090,1049810,1051540
1168280,1142150,1138130,1061620,1052460,1052240,1066780,1048500,1050370
1159100,1058400,1135510,1060220,1051120,1051000,1066010,1047250,1049150
1087260,1143820,1132850,1067720,1049820,1049660,1064740,1054590,1047830
1172100,1140280,1056060,1066480,1048500,1048320,1063020,1053440,1046470
1171620,1136870,1141480,1065160,1047180,1046960,1061540,1051870,1045130
1162810,1053270,1138920,1063900,1054580,1045700,1060340,1050840,1052320
1090860,1147240,1136210,1062540,1053240,1053000,1059310,1049500,1051170
1175380,1143720,1050820,1061260,1051900,1051740,1066780,1048180,1049830
1166610,1140310,1136270,1059940,1050560,1050420,1065370,1046600,1048510
1157380,1056590,1142290,1067260,1049240,1049080,1064290,1053980,1047050
1085460,1141890,1139720,1065940,1047920,1047740,1062600,1052730,1045960
1178700,1138480,1054180,1064380,1046640,1046420,1061210,1051320,1044620
1169920,1143640,1139610,1063360,1054040,1045200,1059980,1050290,1051930
1160970,1060020,1136970,1061860,1052740,1052440,1067330,1048980,1050560
1088970,1145290,1134350,1060440,1051360,1051220,1065830,1047380,1049300
1173460,1141860,1048960,1067940,1050040,1049860,1064560,1054730,1047960
1164650,1138450,1143010,1066700,1048720,1048520,1063500,1053450,1046620
1155470,1054730,1140420,1065380,1047380,1047300,1061950,1052110,1045370
1092220,1140140,1137830,1064120,1054760,1045900,1060610,1050820,1052650
1177090,1145290,1052290,1062760,1053420,1053300,1059530,1049720,1051220
1167900,1141850,1137710,1061460,1052080,1051940,1067100,1048400,1050090
1159100,1058130,1135140,1060160,1050780,1050600,1065660,1046800,1048800
1087100,1143510,1141160,1067460,1049460,1049380,1063830,1054270,1047490
1171590,1139970,NA,1066160,1048140,1047980,1062890,1052900,1046090
1171430,1136560,NA,1064840,1046820,1046660,1061430,1051590,1044750
1162200,1061560,NA,1063580,1054200,1045420,1060190,1050320,1052170
1090210,1146950,NA,1062000,1052900,1052700,1067550,1048890,1050810
1175130,1143420,NA,1060660,1051580,1051460,1066020,1047830,1049540
1166220,1139910,NA,1068160,1050240,1050080,1064710,1046520,1048030
1156990,1056290,NA,1066940,1048900,1048740,1063650,1053730,1046920
1085080,1141560,NA,1065600,1047600,1047400,1062050,1052380,1045640
1178450,1138140,NA,1064320,1054980,1046200,1060830,1051230,1052970
1169680,1143310,NA,1063040,1053660,1044840,1059710,1049670,1051560
1160440,1059750,NA,1061680,1052340,1052140,1067110,1048600,1050360
1088560,1145010,NA,1060380,1051020,1050900,1065670,1047140,1048810
1173370,1141560,NA,1067680,1049720,1049540,1064450,1054490,1047730
1164180,1138010,NA,1066380,1048400,1048200,1062780,1053360,1046300
1163700,1054430,NA,1065060,1047080,1046960,1061960,1051740,1044990
1091760,1139700,NA,1063800,1054500,1045580,1060650,1050470,1052340
1176710,1144910,NA,1062240,1053180,1053000,1058890,1049130,1051030
1167550,1141510,NA,1060880,1051820,1051640,1066430,1047840,1049590
1158780,1057760,NA,1068380,1050500,1050300,1065190,1046590,1048420
1086770,1143160,NA,1067140,1049180,1048940,1064040,1054090,1047080
1171610,1139600,NA,1065600,1047880,1047720,1062440,1052530,1045840
1171100,1136220,NA,1064540,1055260,1046360,1061080,1051450,1044450
1161840,1061240,NA,1063200,1053940,1045020,1059930,1049990,1051850
1090250,1146510,NA,1061900,1052640,1052400,1067280,1048670,1050560
1174770,1143080,NA,1060600,1051320,1051040,1065770,1047520,1049270
1165600,1139560,NA,1067900,1049960,1049820,1064500,1054850,1047710
1156880,1055970,NA,1066600,1048620,1048440,1063430,1053300,1046630
1093640,1141260,NA,1065280,1047320,1047100,1061900,1052080,1045290
1178050,1137830,NA,1064020,1054720,1045880,1060610,1050690,1052570
1169240,1143010,NA,1062540,1053420,1053120,1059620,1049350,1051340
1160010,1059430,NA,1061080,1052040,1051900,1067010,1048060,1049930
1088040,1144680,NA,1060040,1050700,1050520,1065580,1046810,1048670
1172980,1141170,NA,1067360,1049400,1049200,1063740,1054070,1047330
1164030,1137770,NA,1066040,1048080,1047960,1062780,1052830,1046010
1163530,1054030,NA,1064780,1046720,1046580,1061340,1051530,1044670
1091550,1148130,NA,1063420,1054100,1045240,1060120,1050370,1051880
1176390,1144580,NA,1062140,1052800,1052620,1067470,1049040,1050750
1167210,1141090,NA,1060820,1051480,1051300,1065920,1047460,1049250
1158440,1057510,NA,1068120,1050180,1049940,1064630,1046450,1048100
1086480,1142780,NA,1066800,1048840,1048720,1063580,1053610,1046810
1179740,1139360,NA,1065500,1047540,1047360,1062120,1052270,1045510
1170900,1135820,NA,1064300,1054940,1046040,1060800,1051120,1052840
1161660,1060960,NA,1062760,1053620,1044680,1059680,1049570,1051490
1089830,1146250,NA,1061320,1052260,1052080,1067070,1048350,1050150
1174630,1142690,NA,1060280,1050920,1050720,1065650,1046990,1048690
1165390,1139290,NA,1067580,1049620,1049500,1064460,1054570,1047550
1156250,1055710,NA,1066280,1048300,1048140,1062760,1053210,1046280
1093100,1140960,NA,1065000,1047000,1046820,1061330,1051900,1044750
1178090,1146160,NA,1063640,1054340,1045440,1060130,1050320,1052340
1168880,1142750,NA,1062360,1053020,1052840,1067510,1049090,1050810
1159650,1059020,NA,1061020,1051700,1051480,1066710,1047940,1049710
1087730,1144410,NA,1068360,1050400,1050260,1065330,1046620,1048340
1172620,1140860,NA,1066800,1049080,1048900,1063510,1053810,1046950
1163720,1137440,NA,1065720,1047740,1047540,1062620,1052710,1045730
1163110,1053720,NA,1064460,1055100,1046320,1061240,1051080,1044210
1091240,1147830,NA,1062900,1053780,1044940,1060040,1049840,1051670
1176180,1144290,NA,1061540,1052480,1052360,1067390,1048520,1050420
1166980,1140880,NA,1060500,1051120,1050980,1065900,1047250,1049130
1157810,1057160,NA,1067800,1049820,1049640,1064630,1054610,1047790
1085840,1142550,NA,1066480,1048480,1048400,1062910,1053460,1046450
1179580,1139000,NA,1065220,1047180,1047020,1062120,1051880,1045110
1170330,1135580,NA,1063860,1054560,1045700,1060920,1050850,1052560
1161190,1060560,NA,1062580,1053240,1053060,1059180,1049500,1051170
1089290,1145940,NA,1061260,1051920,1051720,1066650,1048180,1049930
1174250,1142400,NA,1059960,1050600,1050480,1065260,1046600,1048490
1165260,1139010,NA,1067240,1049260,1049120,1064090,1053980,1047290
1156020,1055270,NA,1065940,1047940,1047800,1062460,1052740,1045740
1092810,1140670,NA,1064680,1046640,1046440,1061100,1051320,1044660
1177650,1145860,NA,1063180,1054000,1045220,1059930,1050300,1051970
1168470,1142350,NA,1061760,1052700,1052480,1067300,1048980,1050590
1159340,1058780,NA,1060720,1051380,1051180,1065760,1047380,1049140
1087390,1144030,NA,1068020,1050080,1049820,1064490,1054730,1047990
1172390,1140500,NA,1066700,1048740,1048640,1063530,1053460,1046650
1163220,1137110,NA,1065500,1047460,1047280,1061960,1052120,1045430
1162730,1053390,NA,1064080,1054800,1045940,1060640,1050830,1052780
1090880,1147400,NA,1062800,1053460,1053340,1059540,1049730,1051460
1175750,1144000,NA,1061480,1052160,1051980,1067030,1048430,1050120
1166570,1140440,NA,1060180,1050800,1050620,1065620,1047060,1048730
1157790,1056860,NA,1067480,1049480,1049400,1064380,1054220,1047470
1085850,1142150,NA,1066140,1048160,1048020,1062660,1052860,1046150
1179130,1138640,NA,1064900,1046860,1046660,1061250,1051540,1044810
1170020,1143950,NA,1063320,1054240,1045460,1060050,1050280,1052160
1160840,1060260,NA,1061980,1052940,1052740,1067520,1049170,1050800
1089300,1145660,NA,1060940,1051600,1051400,1065960,1047640,1049550
1173760,1142110,NA,1068340,1050300,1050060,1064670,1046310,1048040
1164660,1138700,NA,1066920,1048980,1048860,1063590,1053920,1046940
1155740,1054980,NA,1065660,1047660,1047480,1062010,1052580,1045550
1092510,1140360,NA,1064300,1055020,1046140,1060700,1051260,1052930
1177390,1145510,NA,1063020,1053680,1044900,1059590,1049970,1051590
1168210,1142100,NA,1061700,1052380,1052160,1067040,1048440,1050130
1159000,1058410,NA,1060380,1051060,1050940,1065630,1047320,1048930
1087430,1143680,NA,1067700,1049760,1049560,1064410,1054420,1047690
1171880,1140260,NA,1066360,1048420,1048220,1063360,1053150,1046320
1171500,1136710,NA,1065120,1047120,1046980,1061940,1051740,1045030
1162730,1061860,NA,1063540,1054520,1045620,1060650,1050470,1052380
1090750,1147150,NA,1062200,1053200,1052920,1058910,1049130,1051090
1175230,1143580,NA,1061160,1051900,1051680,1066450,1047840,1049770
1166360,1140180,NA,1059840,1050560,1050340,1065100,1046600,1048380
1157170,1056580,NA,1067140,1049220,1048980,1063930,1054090,1047130
1085570,1141840,NA,1065860,1047880,1047720,1062330,1052540,1045750
1178820,1138330,NA,1064520,1046580,1046380,1060990,1051480,1044500
1169590,1143560,NA,1063220,1053980,1045040,1059860,1049980,1051850
1160830,1060000,NA,1061920,1052660,1052480,1067260,1048690,1050540
1088910,1145250,NA,1060600,1051340,1051100,1065760,1047540,1049270
1173360,1141720,NA,1067920,1050040,1049760,1064580,1054850,1047930
1164640,1138320,NA,1066660,1048720,1048420,1063530,1053280,1046590
1164170,1054720,NA,1065340,1047340,1047220,1061950,1052050,1045200
1092270,1139980,NA,1063780,1054740,1045840,1060640,1050690,1052670
1177070,1145150,NA,1062420,1053380,1053240,1059530,1049380,1051310
1167820,1141760,NA,1061380,1052060,1051900,1066360,1048080,1050040
1159010,1058030,NA,1060040,1050740,1050560,1065660,1046960,1048610
1087030,1143440,NA,1067360,1049420,1049200,1063820,1054360,1047280
1171570,1139930,NA,1066080,1048100,1047980,1062880,1052780,1045970
1171240,1136510,NA,1064740,1046800,1046660,1061420,1051460,1044560
1162050,1061530,NA,1063440,1054200,1045320,1060300,1050200,1052100
1090490,1146810,NA,1062140,1052880,1052600,1067620,1048790,1050710
1174900,1143290,NA,1060580,1051560,1051400,1066120,1047730,1049490
1166120,1139890,NA,1068140,1050240,1050000,1064830,1055110,1047940
1157140,1056170,NA,1066820,1048940,1048680,1063770,1053810,1046620
1085190,1141580,NA,1065540,1047560,1047440,1062170,1052460,1045470
1178450,1138020,NA,1064080,1054980,1046060,1060830,1051150,1052820
1169610,1143190,NA,1062620,1053600,1044720,1059710,1049550,1051510
1160440,1059620,NA,1061600,1052280,1052080,1067100,1048360,1050020
1088410,1144890,NA,1060260,1050960,1050760,1065670,1046990,1048920
1173280,1141480,NA,1067580,1049660,1049420,1064450,1054580,1047540
1164060,1138050,NA,1066320,1048320,1048180,1062860,1053210,1046260
1163620,1054310,NA,1064960,1046980,1046820,1061400,1051920,1044970
1092050,1148280,NA,1063680,1054360,1045480,1060180,1050610,1052340
1176560,1144860,NA,1062360,1053040,1052860,1067560,1049030,1051030
1167580,1141330,NA,1061040,1051740,1051540,1066650,1047980,1049690
1158380,1057750,NA,1059720,1050400,1050300,1065260,1046490,1048350
1086790,1143140,NA,1067040,1049100,1048960,1063400,1054010,1046960
1171250,1139600,NA,1065780,1047780,1047600,1062530,1052520,1045640
1170810,1136110,NA,1064300,1055200,1046260,1061170,1051110,1044420
1161940,1061090,NA,1062840,1053880,1044940,1059980,1050080,1051570
1089950,1146490,NA,1061820,1052580,1052320,1067350,1048550,1050360
1174850,1142950,NA,1060480,1051240,1050960,1065940,1047420,1049070
1165660,1139560,NA,1067880,1049880,1049740,1064650,1054540,1047730
1156840,1055820,NA,1066540,1048560,1048400,1062920,1053290,1046290
1093300,1141220,NA,1065160,1047240,1047060,1062120,1051860,1045160
1178130,1137670,NA,1063900,1054640,1045720,1060790,1050800,1052320
1169230,1142970,NA,1062560,1053320,1053100,1059020,1049510,1051200
1160020,1059220,NA,1061280,1051980,1051740,1066510,1048200,1049690
1087990,1144630,NA,1059940,1050640,1050440,1065150,1046590,1048490
1172920,1141140,NA,1067260,1049340,1049080,1064000,1053970,1047300
1163770,1137610,NA,1066000,1048000,1047900,1062420,1052720,1045980
1163350,1054030,NA,1064520,1046660,1046500,1061150,1051340,1044620
1091350,1148000,NA,1063080,1054040,1045180,1059980,1050300,1051920
1176270,1144580,NA,1061800,1052680,1052540,1067330,1048980,1050460
1167370,1141010,NA,1060700,1051380,1051220,1065830,1047380,1049340
1158020,1057430,NA,1068020,1050040,1049980,1064530,1054730,1047830
1086440,1142700,NA,1066760,1048740,1048580,1063450,1053460,1046660
1179700,1139280,NA,1065380,1047460,1047260,1061890,1052120,1045320
1170550,1135750,NA,1064120,1054880,1045900,1060600,1050830,1052760
1161780,1060770,NA,1062780,1053560,1044680,1059500,1049710,1051420
1089760,1146180,NA,1061500,1052200,1051940,1066950,1048440,1050100
1174260,1142640,NA,1060160,1050860,1050720,1065490,1047080,1048760
1165440,1139220,NA,1067480,1049520,1049360,1064430,1054230,1047470
1156200,1055500,NA,1066220,1048200,1048040,1062760,1052850,1046160
1093020,1140930,NA,1064660,1046960,1046800,1061330,1051530,1044820
1177960,1146080,NA,1063300,1054240,1045480,1060130,1050260,1052000
1168600,1142550,NA,1062240,1052900,1052740,1067480,1049150,1050680
1159800,1058970,NA,1060940,1051600,1051400,1065970,1047670,1049370
1087770,1144350,NA,1068240,1050280,1050200,1064710,1054950,1048290
1172630,1140830,NA,1066980,1049060,1048820,1063650,1053900,1046900
1163450,1137360,NA,1065620,1047740,1047500,1062070,1052560,1045590
1162980,1053640,NA,1064340,1055100,1046160,1060730,1051290,1052970
1091410,1147640,NA,1063020,1053780,1044860,1059600,1049710,1051610
1175940,1144240,NA,1061720,1052420,1052240,1067140,1048630,1050300
1167110,1140690,NA,1060460,1051100,1050920,1065710,1047130,1048930
1157860,1057110,NA,1067700,1049760,1049560,1064470,1054500,1047690
1085980,1142460,NA,1066440,1048460,1048340,1062740,1053350,1046300
1179190,1138920,NA,1064860,1047140,1046960,1061950,1052010,1045040
1170380,1135480,NA,1063520,1054500,1045600,1060660,1050440,1052360
1161200,1060440,NA,1062480,1053160,1053000,1058890,1049420,1051090
1089300,1145840,NA,1061160,1051860,1051640,1066410,1047800,1049760
1174240,1142320,NA,1059840,1050540,1050420,1065070,1046550,1048390
1165060,1138920,NA,1067200,1049240,1049040,1063940,1053930,1046960
1155860,1055190,NA,1065840,1047900,1047720,1062460,1052820,1045810
1092680,1140600,NA,1064560,1046600,1046460,1061090,1051320,1044330
1177530,1145770,NA,1063000,1054000,1045100,1059960,1049960,1051810
1168300,1142230,NA,1061920,1052640,1052500,1067290,1048640,1050520
1159340,1058650,NA,1060620,1051320,1051140,1065790,1047370,1049200
1087350,1143940,NA,1067900,1049980,1049820,1064520,1054720,1047860
1172350,1140510,NA,1066660,1048680,1048440,1063460,1053570,1046400
1171890,1136960,NA,1065180,1047360,1047200,1061910,1052000,1045300
1162710,1053380,NA,1063740,1054740,1045860,1060620,1050950,1052580
1090820,1147350,NA,1062700,1053400,1053280,1059520,1049460,1051360
1175660,1143850,NA,1061380,1052100,1051920,1066960,1048040,1049970
1166440,1140440,NA,1060060,1050760,1050600,1065620,1046800,1048680
1157570,1056840,NA,1067420,1049460,1049240,1063780,1054100,1047370
1085570,1142090,NA,1066100,1048140,1047920,1062870,1052740,1046030
1178880,1138550,NA,1064760,1046780,1046700,1061410,1051540,1044690
1170010,1143850,NA,1063460,1054180,1045300,1060190,1050410,1051900
1160830,1060110,NA,1062140,1052840,1052620,1067510,1049100,1050800
1088870,1145530,NA,1060840,1051540,1051380,1065960,1047590,1049420
1173760,1141990,NA,1068140,1050220,1050040,1064690,1054820,1048180
1164850,1138610,NA,1066880,1048900,1048700,1063610,1053790,1046630
1155620,1054850,NA,1065320,1047540,1047400,1062060,1052310,1045430
1092440,1140270,NA,1063960,1054940,1046040,1060700,1051140,1052660
1177300,1145430,NA,1062920,1053620,1044840,1059690,1049610,1051460
1168130,1142020,NA,1061640,1052300,1052100,1067060,1048530,1050030
1158930,1058320,NA,1060280,1051000,1050880,1065630,1047020,1048930
1087110,1143710,NA,1067620,1049660,1049500,1064430,1054290,1047540
1171990,1140170,NA,1066280,1048360,1048140,1062710,1053260,1046300
1171490,1136760,NA,1064980,1047040,1046920,1061900,1051950,1045000
1162620,1061750,NA,1063680,1054400,1045540,1060600,1050350,1052360
1090620,1146990,NA,1062360,1053080,1052960,1058850,1049130,1051040
1175500,1143600,NA,1061060,1051760,1051580,1066390,1047950,1049670
1166290,1140060,NA,1059740,1050400,1050240,1065050,1046640,1048350
1157090,1056470,NA,1067100,1049100,1049000,1064000,1053820,1046990
1085490,1141730,NA,1065620,1047780,1047660,1062420,1052720,1045720
1178700,1138310,NA,1064520,1055160,1046320,1061080,1051100,1044450
1169800,1143520,NA,1063140,1053840,1044960,1059930,1050070,1051560
1160470,1059790,NA,1061800,1052520,1052340,1067310,1048510,1050370
1088900,1145220,NA,1060520,1051220,1050980,1065780,1047240,1049150
1173400,1141670,NA,1067860,1049900,1049740,1064490,1054610,1047830
1164340,1138270,NA,1066500,1048560,1048400,1063460,1053460,1046490
1163870,1054540,NA,1065200,1047220,1047060,1061900,1051890,1044990
1092320,1139940,NA,1063900,1054620,1045820,1060610,1050830,1052500
1176740,1145110,NA,1062600,1053260,1053120,1059520,1049350,1051020
1167900,1141680,NA,1061260,1051940,1051780,1066450,1048170,1049850
1158640,1057950,NA,1059960,1050640,1050440,1065110,1046620,1048550
1087060,1143360,NA,1067020,1049300,1049220,1063930,1054000,1047250
1171570,1139810,NA,1065760,1048100,1047840,1062330,1052750,1045940
1171410,1136410,NA,1064380,1046780,1046540,1061610,1051340,1044580
1162150,1061400,NA,1063360,1054040,1045200,1059730,1050310,1051980
1090090,1146670,NA,1062020,1052720,1052640,1067100,1048990,1050590
1175010,1143260,NA,1060740,1051400,1051280,1066310,1047390,1049300
1165790,1139780,NA,1068080,1050180,1049940,1065020,1054740,1047960
1157030,1056070,NA,1066720,1048880,1048600,1063200,1053480,1046650
1085090,1141490,NA,1065440,1047500,1047260,1062390,1052130,1045210
1178340,1137950,NA,1064100,1054880,1046040,1061140,1050830,1052800
1169290,1143120,NA,1062880,1053540,1044700,1059330,1049710,1051460
1160140,1059540,NA,1061480,1052200,1052000,1066790,1048440,1050120
1088290,1144920,NA,1060180,1050900,1050760,1065380,1047080,1048730
1173110,1141380,NA,1067540,1049560,1049460,1064200,1054240,1047290
1164220,1137970,NA,1066060,1048260,1048080,1063170,1052880,1046110
1163720,1054250,NA,1064620,1046940,1046740,1061690,1051580,1044800
1091730,1148210,NA,1063580,1054360,1045500,1060450,1050320,1052000
1176670,1144720,NA,1062240,1053040,1052800,1058700,1048900,1050690
1167460,1141330,NA,1060960,1051680,1051420,1066270,1047710,1049370
1158630,1057730,NA,1068300,1050340,1050240,1065050,1054940,1048300
1086610,1142980,NA,1066940,1049040,1048880,1063900,1053890,1046960
1179810,1139450,NA,1065420,1047720,1047540,1062300,1052570,1045570
1170950,1136030,NA,1064320,1055120,1046200,1060960,1051290,1052920
1162010,1061010,NA,1063040,1053800,1044960,1059860,1049720,1051600
1090060,1146420,NA,1061700,1052480,1052220,1067250,1048640,1050260
1174500,1142880,NA,1060400,1051180,1050980,1065740,1047130,1049040
1165790,1139490,NA,1067760,1049800,1049640,1064450,1054650,1047660
1156510,1055750,NA,1066200,1048480,1048300,1063390,1053200,1046350
1093310,1141140,NA,1064840,1047160,1046940,1061890,1051760,1045040
1178150,1146290,NA,1063780,1054580,1045720,1060620,1050700,1052220
1168920,1142870,NA,1062480,1053260,1052980,1058990,1049170,1051070
1160150,1059150,NA,1061160,1051940,1051760,1066510,1047880,1049760
1088170,1144560,NA,1059820,1050640,1050380,1065150,1046780,1048420
1172640,1141020,NA,1067160,1049300,1049060,1064000,1053920,1047080
1163760,1137600,NA,1065880,1048000,1047800,1062420,1052790,1045840
1163310,1053870,NA,1064560,1055240,1046440,1061080,1051270,1044470
1091300,1147970,NA,1063260,1053940,1045100,1059930,1049910,1051850
1176190,1144430,NA,1061940,1052720,1052480,1067280,1048600,1050560
1167300,1140930,NA,1060620,1051400,1051140,1065770,1047330,1049260
1158140,1057360,NA,1067980,1050040,1049920,1064480,1054680,1047980
1086140,1142630,NA,1066400,1048720,1048580,1063400,1053410,1046630
1179440,1139180,NA,1065060,1047400,1047240,1061990,1051980,1045260
1170750,1135750,NA,1064080,1054800,1045860,1060670,1050920,1052440
1161580,1060750,NA,1062700,1053480,1044620,1059600,1049610,1051320
1089690,1146110,NA,1061380,1052120,1051900,1067040,1048340,1049930
1174450,1142570,NA,1060060,1050800,1050580,1065610,1046760,1048660
1165240,1139140,NA,1067380,1049480,1049360,1063740,1054350,1047320
1156430,1055420,NA,1066100,1048160,1047980,1062810,1052750,1046010
1093190,1140840,NA,1064780,1046800,1046640,1061350,1051550,1044670
1177690,1146030,NA,1063460,1054220,1045400,1060180,1050400,1052120
1168640,1142470,NA,1062160,1052880,1052680,1067530,1049050,1050820
1159470,1058890,NA,1060840,1051580,1051340,1066060,1047470,1049460
1087910,1144250,NA,1068200,1050240,1050140,1064770,1046470,1048190
1172370,1140700,NA,1066620,1048940,1048780,1063690,1053630,1046760
1163540,1137280,NA,1065320,1047620,1047420,1062110,1052290,1045470
1162950,1053560,NA,1064240,1054960,1046100,1060800,1051140,1052790
1090980,1147680,NA,1062920,1053660,1044860,1059670,1049590,1051350
1175960,1144140,NA,1061600,1052320,1052160,1067070,1048510,1050030
1166790,1140610,NA,1060280,1051020,1050800,1065640,1047050,1048930
1157980,1057030,NA,1067600,1049700,1049480,1064420,1054310,1047520
1085960,1142300,NA,1066300,1048400,1048260,1062740,1053280,1046280
1179190,1138910,NA,1065000,1047060,1046900,1061900,1051960,1044770
1170360,1144090,NA,1063680,1054440,1045540,1060710,1050360,1052120
1161150,1060360,NA,1062380,1053120,1052920,1058940,1049130,1050920
1089220,1145770,NA,1061060,1051780,1051580,1066460,1047960,1049610
1174130,1142240,NA,1059740,1050480,1050340,1065120,1046640,1048390
1165170,1138830,NA,1067080,1049120,1048980,1063940,1053830,1047000
1155910,1055120,NA,1065780,1047800,1047620,1062360,1052720,1045540
1092690,1140510,NA,1064460,1055180,1046400,1060990,1051100,1044370
1177540,1145680,NA,1063140,1053880,1045020,1059870,1050070,1051760
1168310,1142180,NA,1061820,1052560,1052440,1067240,1048520,1050490
1159500,1058620,NA,1060500,1051240,1051060,1065760,1047250,1049180
1087520,1143900,NA,1067820,1049920,1049720,1064470,1054620,1047860
1172060,1140340,NA,1066520,1048620,1048480,1063510,1053470,1046500
1171720,1136960,NA,1065280,1047300,1047100,1061930,1051900,1045160
1162550,1053230,NA,1063900,1054640,1045800,1060620,1050840,1052580
1090700,1147240,NA,1062600,1053320,1053120,1059540,1049360,1051170
1175570,1143830,NA,1061280,1051960,1051900,1066370,1048190,1049920
1166340,1140280,NA,1059980,1050660,1050500,1065030,1046650,1048390
1157600,1056700,NA,1067300,1049340,1049180,1063870,1054020,1047080
1085610,1141970,NA,1065980,1048040,1047840,1062910,1052900,1046000
1178870,1138480,NA,1064680,1046700,1046640,1061450,1051390,1044660
1170080,1143780,NA,1063340,1054100,1045280,1060210,1050030,1051930
1160820,1060080,NA,1062040,1052780,1052560,1067680,1048730,1050470
1088780,1145380,NA,1060720,1051480,1051340,1066130,1047470,1049320
1173680,1141970,NA,1067840,1050160,1049960,1064830,1054750,1047980
1164800,1138420,NA,1066740,1048820,1048640,1063090,1053480,1046640
1155440,1054840,NA,1065440,1047520,1047300,1062270,1052140,1045210
1092220,1140110,NA,1064120,1054880,1045980,1060930,1050850,1052560
1177140,1145280,NA,1062820,1053560,1044720,1059170,1049720,1051240
1168000,1141890,NA,1061500,1052240,1052020,1066610,1048450,1050120
1158820,1058300,NA,1060180,1050920,1050800,1065200,1047100,1048760
1087250,1143540,NA,1067520,1049600,1049420,1064050,1054240,1047460
1171670,1140020,NA,1066200,1048300,1048080,1063060,1052880,1046150
1171610,1136630,NA,1064900,1046980,1046840,1061700,1051560,1044900
1162370,1061620,NA,1063560,1054380,1045480,1060450,1050270,1052020
1090440,1147010,NA,1062240,1053060,1052880,1058730,1049170,1050690
1175380,1143460,NA,1060940,1051740,1051520,1066320,1047690,1049610
1166040,1140060,NA,1068260,1050440,1050160,1065010,1054940,1048270
1157310,1056300,NA,1066980,1049060,1048940,1063860,1053890,1046890
1085300,1141680,NA,1065640,1047740,1047560,1062260,1052570,1045600
1178490,1138180,NA,1064360,1055100,1046220,1060920,1051300,1052970
1169670,1143400,NA,1063020,1053780,1044980,1059820,1049730,1051660
1160400,1059800,NA,1061720,1052460,1052260,1067210,1048650,1050320
1088820,1145050,NA,1060400,1051160,1050920,1065760,1047140,1048950
1173290,1141650,NA,1067740,1049820,1049660,1064610,1054660,1047760
1164520,1138120,NA,1066500,1048520,1048340,1062920,1053190,1046390
1164120,1054530,NA,1065120,1047200,1046960,1061470,1051760,1045100
1092240,1139790,NA,1063780,1054600,1045720,1060250,1050710,1052480
1176610,1144960,NA,1062500,1053240,1053000,1067570,1049180,1051060
1167800,1141540,NA,1061160,1051900,1051760,1066660,1047880,1049610
1158540,NA,NA,1059840,1050600,1050420,1065270,1046760,1048400
1086600,NA,NA,1067200,1049280,1049080,1064080,1054160,1047180
1171590,NA,NA,1065860,1047980,1047760,1062480,1052600,1045770
1171130,NA,NA,1064580,1046620,1046420,1061140,1051520,1044520
1161980,NA,NA,1063260,1054000,1045220,1060060,1050160,1051920
1090010,NA,NA,1061940,1052680,1052500,1067440,1048870,1050560
1174900,NA,NA,1060380,1051380,1051160,1065930,1047580,1049270
1166000,NA,NA,1067960,1050060,1049840,1064660,1054930,1047950
1156670,NA,NA,1066660,1048720,1048500,1063570,1053330,1046640
1085100,NA,NA,1065320,1047420,1047300,1062020,1052100,1045270
1178350,NA,NA,1064020,1054820,1045920,1060680,1050930,1052700
1169260,NA,NA,1062700,1053480,1053320,1059580,1049610,1051310
1160070,NA,NA,1061380,1052140,1051960,1066380,1048350,1050040
1088510,NA,NA,1060060,1050820,1050620,1065660,1046760,1048500
1172960,NA,NA,1067420,1049500,1049400,1063820,1054350,1047420
1164110,NA,NA,1066100,1048200,1048000,1062980,1052750,1045870
1163580,NA,NA,1064800,1046940,1046660,1061520,1051550,1044790
1091560,NA,NA,1063480,1054280,1045440,1060300,1050410,1052120
1176540,NA,NA,1062160,1052960,1052700,1067630,1049070,1050750
1167600,NA,NA,1060840,1051600,1051480,1066100,1047580,1049510
1158350,NA,NA,1068180,1050280,1050080,1064810,1054840,1048100
1086290,NA,NA,1066880,1048960,1048760,1063730,1053790,1046830
1171210,NA,NA,1065560,1047640,1047420,1062180,1052470,1045520
1170740,NA,NA,1064240,1055060,1046180,1060830,1050880,1052870
1161610,NA,NA,1062920,1053700,1044840,1059700,1049640,1051560
1089670,NA,NA,1061600,1052360,1052160,1067100,1048560,1050190
1174620,NA,NA,1060280,1051040,1050920,1065760,1047200,1048850
1165500,NA,NA,1067700,1049700,1049600,1064470,1054360,1047620
1156670,NA,NA,1066320,1048360,1048240,1062750,1052990,1046330
1093200,NA,NA,1065020,1047160,1046920,1061960,1051680,1045010
1178030,NA,NA,1063700,1054500,1045580,1060640,1050410,1052120
1168840,NA,NA,1062380,1053200,1053000,1058900,1049310,1051050
1160070,NA,NA,1061060,1051880,1051660,1066440,1047780,1049710
1088090,NA,NA,1059740,1050560,1050320,1065080,1046650,1048340
1172560,NA,NA,1067100,1049240,1049020,1063910,1053840,1046860
1163810,NA,NA,1065780,1047940,1047660,1062300,1052740,1045740
1163370,NA,NA,1064460,1055220,1046340,1061050,1051110,1044350
1091350,NA,NA,1063140,1053900,1045000,1059920,1050070,1051750
1176210,NA,NA,1061620,1052560,1052400,1067280,1048520,1050460
1167020,NA,NA,1060520,1051220,1051060,1065770,1047250,1049140
1158060,NA,NA,1067840,1049920,1049820,1064500,1054630,1047800
1086060,NA,NA,1066540,1048600,1048460,1063420,1053480,1046450
1179370,NA,NA,1065220,1047380,1047120,1061890,1051900,1044990
1170620,NA,NA,1063920,1054640,1045900,1060600,1050820,1052510
1161400,NA,NA,1062600,1053360,1053140,1059500,1049510,1051030
1089360,NA,NA,NA,1052040,1051920,1066300,1048240,NA
1174250,NA,NA,NA,1050740,1050540,1064990,1046640,NA
1165350,NA,NA,NA,1049380,1049200,1063960,1054010,NA
1156080,NA,NA,NA,1048060,1047980,1062380,1052770,NA
1092900,NA,NA,NA,1046840,1046580,1061010,1051450,NA
1177810,NA,NA,NA,1054080,1045260,1059880,1050300,NA
1168480,NA,NA,NA,1052780,1052640,1067260,1048960,NA
1159720,NA,NA,NA,1051480,1051320,1066370,1047370,NA
1087740,NA,NA,NA,1050180,1049940,1064410,1054730,NA
1172590,NA,NA,NA,1048860,1048720,1063360,1053460,NA
1172100,NA,NA,NA,1047520,1047360,1061850,1052120,NA
1162830,NA,NA,NA,1054900,1046040,1060610,1050830,NA
1091250,NA,NA,NA,1053580,1044800,1059530,1049720,NA
1175790,NA,NA,NA,1052220,1052080,1067070,1048460,NA
1166700,NA,NA,NA,1050900,1050740,1065640,1047090,NA
1157530,NA,NA,NA,1049600,1049500,1064420,1054250,NA
1085680,NA,NA,NA,1048280,1048160,1062720,1052890,NA
1179320,NA,NA,NA,1047060,1046820,1061260,1051580,NA
1170100,NA,NA,NA,1054300,1045500,1060060,1050310,NA
1161290,NA,NA,NA,1053000,1052900,1067410,1049210,NA
1089310,NA,NA,NA,1051680,1051600,1066540,1047670,NA
1173900,NA,NA,NA,1050380,1050240,1065160,1046330,NA
1164720,NA,NA,NA,1049140,1048900,1063340,1053940,NA
1155910,NA,NA,NA,1047800,1047560,1062600,1052600,NA
1092720,NA,NA,NA,1055180,1046320,1061230,1051290,NA
1177530,NA,NA,NA,1053860,1044960,1059390,1049680,NA
1168270,NA,NA,NA,1052500,1052360,1066860,1048490,NA
1159240,NA,NA,NA,1051160,1051000,1065450,1047360,NA
1087200,NA,NA,NA,1049860,1049640,1064260,1054500,NA
1172120,NA,NA,NA,1048540,1048420,1063200,1053370,NA
1171710,NA,NA,NA,1047200,1047040,1061740,1052030,NA
1162520,NA,NA,NA,1054580,1045720,1060500,1050460,NA
1090550,NA,NA,NA,1053260,1053080,1059410,1049450,NA
1175470,NA,NA,NA,1051940,1051720,1066260,1047820,NA
1166570,NA,NA,NA,1050640,1050500,1065040,1046600,NA
1157350,NA,NA,NA,1049320,1049140,1063890,1054110,NA
1085330,NA,NA,NA,1047940,1047820,1062290,1052560,NA
1179020,NA,NA,NA,1046640,1046440,1060950,1051480,NA
1170030,NA,NA,NA,1054020,1045220,1059850,1050020,NA
1160780,NA,NA,NA,1052720,1052480,1067250,1048710,NA
1088800,NA,NA,NA,1051400,1051240,1065740,1047560,NA
1173660,NA,NA,NA,1050080,1049900,1064500,1054880,NA
1164420,NA,NA,NA,1048760,1048560,1063420,1053310,NA
1164360,NA,NA,NA,1047420,1047340,1061890,1052090,NA
1092330,NA,NA,NA,1054800,1046000,1060630,1050940,NA
1177210,NA,NA,NA,1053500,1044660,1059640,1049620,NA
1168080,NA,NA,NA,1052180,1051940,1067030,1048350,NA
1158890,NA,NA,NA,1050860,1050740,1065620,1046780,NA
1087040,NA,NA,NA,1049540,1049340,1063780,1054360,NA
1171840,NA,NA,NA,1048180,1048040,1062870,1052750,NA
1171310,NA,NA,NA,1046860,1046700,1061410,1051440,NA
1162500,NA,NA,NA,1054240,1045380,1060190,1050170,NA
1090550,NA,NA,NA,1052940,1052780,1067520,1049070,NA
1175000,NA,NA,NA,1051620,1051420,1065970,1047590,NA
1166250,NA,NA,NA,1050320,1050100,1064670,1054840,NA
1157030,NA,NA,NA,1048980,1048860,1063720,1053790,NA
1085080,NA,NA,NA,1047620,1047500,1062110,1052470,NA
1178690,NA,NA,NA,1055040,1046140,1060770,1050900,NA
1169450,NA,NA,NA,1053700,1044920,1059630,1049650,NA
1160490,NA,NA,NA,1052400,1052180,1067010,1048570,NA
1088560,NA,NA,NA,1051060,1050960,1065630,1047210,NA
1173130,NA,NA,NA,1049760,1049580,1064410,1054350,NA
1164380,NA,NA,NA,1048500,1048240,1062710,1052970,NA
1163940,NA,NA,NA,1047140,1047000,1061940,1051660,NA
1091940,NA,NA,NA,1054540,1045640,1060650,1050390,NA
1176730,NA,NA,NA,1053180,1052940,1058910,1049290,NA
1167500,NA,NA,NA,1051840,1051720,1066500,1047810,NA
1158630,NA,NA,NA,1050520,1050380,1065110,1046700,NA
1086640,NA,NA,NA,1049220,1049020,1063940,1053870,NA
1171570,NA,NA,NA,1047860,1047700,1062330,1052740,NA
1171000,NA,NA,NA,1046540,1046460,1060970,1051120,NA
1162190,NA,NA,NA,1053920,1045080,1059850,1050080,NA
1090180,NA,NA,NA,1052620,1052500,1067220,1048530,NA
1174670,NA,NA,NA,1051260,1051160,1065750,1047260,NA
1165870,NA,NA,NA,1049960,1049800,1064480,1054640,NA
1156610,NA,NA,NA,1048720,1048440,1063450,1053490,NA
1084690,NA,NA,NA,1047380,1047120,1061920,1051910,NA
1178080,NA,NA,NA,1054760,1045860,1060730,1050850,NA
1169320,NA,NA,NA,1053380,1053160,1058960,1049510,NA
1160090,NA,NA,NA,1052060,1051940,1066480,1047930,NA
1088250,NA,NA,NA,1050740,1050640,1065110,1046690,NA
1173090,NA,NA,NA,1049440,1049280,1063940,1054060,NA
1163870,NA,NA,NA,1048180,1047940,1062360,1052960,NA
1163480,NA,NA,NA,1046820,1046600,1061640,1051430,NA
1091580,NA,NA,NA,1054200,1045380,1059760,1050310,NA
1176530,NA,NA,NA,1052900,1052640,1067130,1048970,NA
1167330,NA,NA,NA,1051540,1051400,1066320,1047390,NA
1158130,NA,NA,NA,1050220,1050020,1065090,1054740,NA
1086180,NA,NA,NA,1048860,1048680,1063270,1053470,NA
1179860,NA,NA,NA,1047520,1047460,1061790,1052130,NA
1170670,NA,NA,NA,1054920,1046080,1060540,1050840,NA
1161710,NA,NA,NA,1053600,1044740,1059470,1049600,NA
1089720,NA,NA,NA,1052300,1052100,1066940,1048170,NA
1174640,NA,NA,NA,1050940,1050800,1065500,1047140,NA
1165460,NA,NA,NA,1049640,1049460,1064310,1054280,NA
1156290,NA,NA,NA,1048400,1048120,1062630,1052950,NA
1093100,NA,NA,NA,1047040,1046900,1061890,1051630,NA
1177960,NA,NA,NA,1054440,1045520,1060620,1050360,NA
1168720,NA,NA,NA,1053140,1052940,1059000,1048920,NA
1159850,NA,NA,NA,1051820,1051560,1066490,1047870,NA
1087850,NA,NA,NA,1050480,1050240,1065120,1046550,NA
1172790,NA,NA,NA,1049180,1048980,1063970,1053740,NA
1163430,NA,NA,NA,1047800,1047640,1062390,1052640,NA
1163040,NA,NA,NA,1055220,1046300,1061030,1051010,NA
1091480,NA,NA,NA,1053840,1044940,1059900,1049770,NA
1175910,NA,NA,NA,1052520,1052340,1067250,1048450,NA
1167080,NA,NA,NA,1051200,1050960,1065790,1047170,NA
1157790,NA,NA,NA,1049900,1049780,1064530,1054520,NA
1086240,NA,NA,NA,1048540,1048440,1062800,1053380,NA
1179590,NA,NA,NA,1047200,1047140,1062110,1052040,NA
1170410,NA,NA,NA,1054620,1045780,1060770,1050460,NA
1161210,NA,NA,NA,1053280,1053060,1059020,1049450,NA
1089360,NA,NA,NA,1051980,1051840,1066520,1047830,NA
1174290,NA,NA,NA,1050640,1050480,1065160,1046610,NA
1165080,NA,NA,NA,1049300,1049140,1064000,1054120,NA
1155940,NA,NA,NA,1047960,1047920,1062420,1052570,NA
1092790,NA,NA,NA,1046660,1046520,1061080,1051350,NA
1177700,NA,NA,NA,1054060,1045180,1059930,1049990,NA
1168540,NA,NA,NA,1052740,1052560,1067310,1048670,NA
1159340,NA,NA,NA,1051420,1051220,1065890,1047400,NA
1087780,NA,NA,NA,1050100,1050000,1064630,1054750,NA
1172240,NA,NA,NA,1048760,1048600,1063550,1053600,NA
1163150,NA,NA,NA,1047420,1047300,1061970,1052020,NA
1162920,NA,NA,NA,1054820,1045960,1060630,1050960,NA
1090930,NA,NA,NA,1053500,1044740,1059530,1049480,NA
1175840,NA,NA,NA,1052200,1051980,1067000,1048070,NA
1166680,NA,NA,NA,1050880,1050680,1065540,1046830,NA
1157510,NA,NA,NA,1049540,1049340,1064340,1054110,NA
1085540,NA,NA,NA,1048200,1048120,1062660,1053080,NA
1179220,NA,NA,NA,1046900,1046780,1061230,1051550,NA
1170020,NA,NA,NA,1054280,1045420,1060100,1050400,NA
1161210,NA,NA,NA,1052960,1052840,1067460,1049110,NA
1089290,NA,NA,NA,1051640,1051520,1065930,1047810,NA
1173780,NA,NA,NA,1050320,1050180,1064660,1046470,NA
1164850,NA,NA,NA,1049080,1048840,1063580,1053610,NA
1155630,NA,NA,NA,1047700,1047480,1062030,1052260,NA
1092360,NA,NA,NA,1055120,1046260,1060690,1050970,NA
1177280,NA,NA,NA,1053800,1044900,1059590,1049840,NA
1168070,NA,NA,NA,1052440,1052300,1067010,1048360,NA
1159310,NA,NA,NA,1051100,1050920,1065550,1047020,NA
1087290,NA,NA,NA,1049760,1049580,1064380,1054610,NA
1172150,NA,NA,NA,1048420,1048340,1062800,1053250,NA
1171730,NA,NA,NA,1047100,1046980,1061970,1051960,NA
1162480,NA,NA,NA,1054500,1045620,1060660,1050670,NA
1090600,NA,NA,NA,1053180,1053020,1058890,1049110,NA
1175440,NA,NA,NA,1051840,1051660,1066430,1047820,NA
1166210,NA,NA,NA,1050520,1050440,1065090,1046720,NA
1157340,NA,NA,NA,1049300,1049060,1063940,1053880,NA
1085350,NA,NA,NA,1047940,1047700,1062370,1052430,NA
1178650,NA,NA,NA,1055340,1046480,1061000,1051240,NA
1169890,NA,NA,NA,1054020,1045100,1059880,1049870,NA
1160680,NA,NA,NA,1052660,1052420,1067370,1048580,NA
1088640,NA,NA,NA,1051320,1051160,1065840,1047460,NA
1173530,NA,NA,NA,1049960,1049840,1064550,1054780,NA
1164680,NA,NA,NA,1048640,1048460,1063490,1053210,NA
1155360,NA,NA,NA,1047320,1047220,1061910,1052010,NA
1092160,NA,NA,NA,1054700,1045880,1060620,1050620,NA
1177060,NA,NA,NA,1053380,1053300,1059540,1049280,NA
1167890,NA,NA,NA,1052060,1051980,1066390,1047990,NA
1158690,NA,NA,NA,1050740,1050580,1065050,1046750,NA
1087110,NA,NA,NA,1049540,1049260,1063900,1054240,NA
1171570,NA,NA,NA,1048200,1047920,1062940,1052690,NA
1171150,NA,NA,NA,1046840,1046720,1061580,1051610,NA
1162400,NA,NA,NA,1054240,1045360,1060340,1050140,NA
1090440,NA,NA,NA,1052920,1052640,1067660,1048710,NA
1174920,NA,NA,NA,1051620,1051420,1066110,1047440,NA
1166050,NA,NA,NA,1050240,1050060,1064820,1046100,NA
1156860,NA,NA,NA,1048880,1048720,1063740,1053710,NA
1085260,NA,NA,NA,1047540,1047500,1062190,1052130,NA
1178460,NA,NA,NA,1054960,1046100,1060810,1050840,NA
1169290,NA,NA,NA,1053640,1044760,1059710,1049600,NA
1160410,NA,NA,NA,1052320,1052180,1067110,1048190,NA
1088420,NA,NA,NA,1051000,1050800,1065670,1047160,NA
1173330,NA,NA,NA,1049640,1049480,1064550,1054320,NA
1164170,NA,NA,NA,1048340,1048140,1062810,1052950,NA
1163690,NA,NA,NA,1047000,1046940,1061370,1051640,NA
1091820,NA,NA,NA,1054380,1045560,1060170,1050370,NA
1176670,NA,NA,NA,1053040,1052980,1067530,1048930,NA
1167470,NA,NA,NA,1051840,1051600,1065970,1047870,NA
1158660,NA,NA,NA,1050520,1050260,1064700,1046410,NA
1086670,NA,NA,NA,1049200,1048920,1063650,1053690,NA
1171190,NA,NA,NA,1047780,1047660,1062070,1052380,NA
1170810,NA,NA,NA,1055180,1046340,1060730,1051090,NA
1162110,NA,NA,NA,1053860,1044980,1059740,1049960,NA
1090140,NA,NA,NA,1052540,1052420,1067120,1048460,NA
1174620,NA,NA,NA,1051240,1051100,1065660,1047190,NA
1165790,NA,NA,NA,1049860,1049740,1064460,1054540,NA
1156850,NA,NA,NA,1048560,1048420,1063380,1053410,NA
1093620,NA,NA,NA,1047220,1047080,1061880,1052100,NA
1178110,NA,NA,NA,1054640,1045760,1060610,1050590,NA
1169320,NA,NA,NA,1053320,1053140,1058890,1049250,NA
1160060,NA,NA,NA,1052000,1051820,1066430,1048110,NA
1088080,NA,NA,NA,1050640,1050500,1065120,1046540,NA
1172930,NA,NA,NA,1049320,1049160,1063940,1053940,NA
1163690,NA,NA,NA,1048000,1047840,1062460,1052810,NA
1163660,NA,NA,NA,1046680,1046520,1061150,1051310,NA
1091610,NA,NA,NA,1054080,1045300,1059970,1049940,NA
1176140,NA,NA,NA,1052760,1052580,1067310,1048630,NA
1167260,NA,NA,NA,1051460,1051320,1065810,1047360,NA
1158080,NA,NA,NA,1050100,1049960,1064540,1054710,NA
1086480,NA,NA,NA,1048780,NA,1063480,1053440,NA
1179710,NA,NA,NA,1047460,NA,1061930,1052100,NA
1170510,NA,NA,NA,1054860,NA,1060620,1050950,NA
1161740,NA,NA,NA,1053540,NA,1059540,1049640,NA
1089750,NA,NA,NA,1052240,NA,1066990,1048370,NA
1174280,NA,NA,NA,1050880,NA,1065670,1046810,NA
1165530,NA,NA,NA,1049540,NA,1063810,1054400,NA
1156300,NA,NA,NA,1048220,NA,1062850,1052820,NA
1093200,NA,NA,NA,1046900,NA,1061360,1051530,NA
1177970,NA,NA,NA,1054320,NA,1060140,1050260,NA
1168770,NA,NA,NA,1052980,NA,1067510,1048820,NA
1159920,NA,NA,NA,1051680,NA,1066030,1047790,NA
1087970,NA,NA,NA,1050320,NA,1064740,1046310,NA
1172410,NA,NA,NA,1049020,NA,1063660,1053590,NA
1163660,NA,NA,NA,1047680,NA,1062100,1052250,NA
1163210,NA,NA,NA,1055080,NA,1060880,1050960,NA
1091190,NA,NA,NA,1053760,NA,1059760,1049710,NA
1176060,NA,NA,NA,1052440,NA,1067160,1048300,NA
1166830,NA,NA,NA,1051100,NA,1065700,1047270,NA
1157870,NA,NA,NA,1049760,NA,1064480,1054410,NA
1085910,NA,NA,NA,1048460,NA,1062760,1053280,NA
1179210,NA,NA,NA,1047120,NA,1061970,1051940,NA
1170460,NA,NA,NA,1054540,NA,1060630,1050360,NA
1161240,NA,NA,NA,1053220,NA,1058900,1049140,NA
1089290,NA,NA,NA,1051900,NA,1066410,1048010,NA
1174150,NA,NA,NA,1050640,NA,1065070,1046530,NA
1164920,NA,NA,NA,1049280,NA,1064020,1054020,NA
1156050,NA,NA,NA,1047980,NA,1062420,1052710,NA
1092820,NA,NA,NA,1046640,NA,1061030,1051440,NA
1177700,NA,NA,NA,1054000,NA,1059880,1050080,NA
1168410,NA,NA,NA,1052660,NA,1067260,1048790,NA
1159610,NA,NA,NA,1051320,NA,1065750,1047490,NA
1087590,NA,NA,NA,1049980,NA,1064460,1054540,NA
1172440,NA,NA,NA,1048680,NA,1063410,1053270,NA
1171950,NA,NA,NA,NA,NA,1061900,1052160,NA
1162690,NA,NA,NA,NA,NA,1060610,1050670,NA
1091110,NA,NA,NA,NA,NA,1059510,1049380,NA
1175640,NA,NA,NA,NA,NA,1066410,1048210,NA
1166800,NA,NA,NA,NA,NA,1065060,1046630,NA
1157550,NA,NA,NA,NA,NA,1063880,1054010,NA
1085670,NA,NA,NA,NA,NA,1062930,1052760,NA
1179250,NA,NA,NA,NA,NA,1061470,1051470,NA
1169980,NA,NA,NA,NA,NA,1060250,1050320,NA
1160800,NA,NA,NA,NA,NA,1067600,1048980,NA
1089200,NA,NA,NA,NA,NA,1066040,1047400,NA
1173700,NA,NA,NA,NA,NA,1064750,NA,NA
1164910,NA,NA,NA,NA,NA,1063700,NA,NA
1155660,NA,NA,NA,NA,NA,1062220,NA,NA
1092410,NA,NA,NA,NA,NA,1060830,NA,NA
1177300,NA,NA,NA,NA,NA,1059700,NA,NA
1168080,NA,NA,NA,NA,NA,1067100,NA,NA
1159160,NA,NA,NA,NA,NA,1065640,NA,NA
1087190,NA,NA,NA,NA,NA,1064410,NA,NA
1172040,NA,NA,NA,NA,NA,1062740,NA,NA
1171570,NA,NA,NA,NA,NA,1061310,NA,NA
1162360,NA,NA,NA,NA,NA,1060110,NA,NA
1090780,NA,NA,NA,NA,NA,1067440,NA,NA
1175210,NA,NA,NA,NA,NA,1066550,NA,NA
1166380,NA,NA,NA,NA,NA,1065260,NA,NA
1157110,NA,NA,NA,NA,NA,1063440,NA,NA
1085150,NA,NA,NA,NA,NA,1062530,NA,NA
1178870,NA,NA,NA,NA,NA,1061170,NA,NA
1169520,NA,NA,NA,NA,NA,1059970,NA,NA
1160710,NA,NA,NA,NA,NA,1067320,NA,NA
1088700,NA,NA,NA,NA,NA,1065770,NA,NA
1173500,NA,NA,NA,NA,NA,1064480,NA,NA
1164320,NA,NA,NA,NA,NA,1063390,NA,NA
1163890,NA,NA,NA,NA,NA,1061880,NA,NA
1091960,NA,NA,NA,NA,NA,1060620,NA,NA
1176950,NA,NA,NA,NA,NA,1058990,NA,NA
1167780,NA,NA,NA,NA,NA,1066510,NA,NA
1158960,NA,NA,NA,NA,NA,1065150,NA,NA
1087100,NA,NA,NA,NA,NA,1064000,NA,NA
1171510,NA,NA,NA,NA,NA,1062440,NA,NA
1171120,NA,NA,NA,NA,NA,1061080,NA,NA
1162350,NA,NA,NA,NA,NA,1059930,NA,NA
1090370,NA,NA,NA,NA,NA,1067280,NA,NA
1174850,NA,NA,NA,NA,NA,1065750,NA,NA
1166090,NA,NA,NA,NA,NA,NA,NA,NA
1156840,NA,NA,NA,NA,NA,NA,NA,NA
1093650,NA,NA,NA,NA,NA,NA,NA,NA
1178490,NA,NA,NA,NA,NA,NA,NA,NA
1169310,NA,NA,NA,NA,NA,NA,NA,NA
1160340,NA,NA,NA,NA,NA,NA,NA,NA
1088350,NA,NA,NA,NA,NA,NA,NA,NA
1173250,NA,NA,NA,NA,NA,NA,NA,NA
1164090,NA,NA,NA,NA,NA,NA,NA,NA
1163650,NA,NA,NA,NA,NA,NA,NA,NA
1091730,NA,NA,NA,NA,NA,NA,NA,NA
1176580,NA,NA,NA,NA,NA,NA,NA,NA
1167400,NA,NA,NA,NA,NA,NA,NA,NA
1158590,NA,NA,NA,NA,NA,NA,NA,NA
1086590,NA,NA,NA,NA,NA,NA,NA,NA
1179850,NA,NA,NA,NA,NA,NA,NA,NA
1170970,NA,NA,NA,NA,NA,NA,NA,NA
1161720,NA,NA,NA,NA,NA,NA,NA,NA
1089750,NA,NA,NA,NA,NA,NA,NA,NA
1174690,NA,NA,NA,NA,NA,NA,NA,NA
1165490,NA,NA,NA,NA,NA,NA,NA,NA
1156650,NA,NA,NA,NA,NA,NA,NA,NA
1093470,NA,NA,NA,NA,NA,NA,NA,NA
1177920,NA,NA,NA,NA,NA,NA,NA,NA
1169200,NA,NA,NA,NA,NA,NA,NA,NA
1159940,NA,NA,NA,NA,NA,NA,NA,NA
1088020,NA,NA,NA,NA,NA,NA,NA,NA
1172860,NA,NA,NA,NA,NA,NA,NA,NA
1163620,NA,NA,NA,NA,NA,NA,NA,NA
1163560,NA,NA,NA,NA,NA,NA,NA,NA
1091580,NA,NA,NA,NA,NA,NA,NA,NA
1176170,NA,NA,NA,NA,NA,NA,NA,NA
1167370,NA,NA,NA,NA,NA,NA,NA,NA
1158200,NA,NA,NA,NA,NA,NA,NA,NA
1086220,NA,NA,NA,NA,NA,NA,NA,NA
1179470,NA,NA,NA,NA,NA,NA,NA,NA
1170680,NA,NA,NA,NA,NA,NA,NA,NA
1161720,NA,NA,NA,NA,NA,NA,NA,NA
1089750,NA,NA,NA,NA,NA,NA,NA,NA
1174240,NA,NA,NA,NA,NA,NA,NA,NA
1165470,NA,NA,NA,NA,NA,NA,NA,NA
1156230,NA,NA,NA,NA,NA,NA,NA,NA
1093010,NA,NA,NA,NA,NA,NA,NA,NA
1177850,NA,NA,NA,NA,NA,NA,NA,NA
1168650,NA,NA,NA,NA,NA,NA,NA,NA
1159520,NA,NA,NA,NA,NA,NA,NA,NA
1087580,NA,NA,NA,NA,NA,NA,NA,NA
1172530,NA,NA,NA,NA,NA,NA,NA,NA
1163570,NA,NA,NA,NA,NA,NA,NA,NA
1163140,NA,NA,NA,NA,NA,NA,NA,NA
1091160,NA,NA,NA,NA,NA,NA,NA,NA
1176010,NA,NA,NA,NA,NA,NA,NA,NA
1166790,NA,NA,NA,NA,NA,NA,NA,NA
1157980,NA,NA,NA,NA,NA,NA,NA,NA
1086000,NA,NA,NA,NA,NA,NA,NA,NA
1179250,NA,NA,NA,NA,NA,NA,NA,NA
1170090,NA,NA,NA,NA,NA,NA,NA,NA
1161270,NA,NA,NA,NA,NA,NA,NA,NA
1089390,NA,NA,NA,NA,NA,NA,NA,NA
1174170,NA,NA,NA,NA,NA,NA,NA,NA
1164950,NA,NA,NA,NA,NA,NA,NA,NA
1156120,NA,NA,NA,NA,NA,NA,NA,NA
1092880,NA,NA,NA,NA,NA,NA,NA,NA
1177350,NA,NA,NA,NA,NA,NA,NA,NA
1168590,NA,NA,NA,NA,NA,NA,NA,NA
1159330,NA,NA,NA,NA,NA,NA,NA,NA
1087360,NA,NA,NA,NA,NA,NA,NA,NA
1172210,NA,NA,NA,NA,NA,NA,NA,NA
